# Blender 4.4.0
# www.blender.org
mtllib Ferros1.mtl
o Plane.004
v 4.848151 0.000000 -0.105859
v 4.848151 0.000000 -0.213449
v 4.651292 0.000000 -0.212305
v 4.651292 0.000000 -0.105859
v 4.848151 2.495204 -0.105859
v 4.860435 2.495204 -0.213449
v 4.639009 2.495204 -0.212305
v 4.651292 2.495204 -0.105859
v 4.848151 0.000000 0.001731
v 4.651292 0.000000 0.000586
v 4.860435 2.495204 0.001731
v 4.639009 2.495204 0.000586
v 4.834812 0.000238 -0.112540
v 4.838167 0.000178 -0.214019
v 4.661275 0.000178 -0.212881
v 4.664631 0.000238 -0.112540
v 4.834812 2.495442 -0.112540
v 4.850451 2.495382 -0.214019
v 4.648992 2.495382 -0.212881
v 4.664631 2.495442 -0.112540
v 4.838167 0.000178 0.002301
v 4.661275 0.000178 0.001162
v 4.850451 2.495382 0.002301
v 4.648992 2.495382 0.001162
vn -0.0000 -0.0000 1.0000
vn -0.9983 -0.0025 0.0576
vn 0.9984 -0.0025 0.0570
vn -0.9983 -0.0025 -0.0576
vn 0.9984 -0.0025 -0.0570
vn -0.0000 -0.0000 -1.0000
vn 0.9955 0.0025 -0.0942
vn -0.9956 0.0025 -0.0932
vn 0.9965 0.0025 0.0832
vn -0.9966 0.0025 0.0824
vn -0.0178 -0.9998 -0.0000
vn 0.0179 -0.9998 -0.0000
vn -0.0000 -0.9994 -0.0356
vn 0.0172 0.9998 0.0020
vn -0.0172 0.9998 0.0020
vn -0.0000 0.9994 0.0357
vn -0.0576 -0.0003 -0.9983
vn 0.0570 -0.0003 -0.9984
vn -0.0179 -0.9998 -0.0000
vn 0.0184 0.9998 -0.0020
vn -0.0184 0.9998 -0.0021
vn -0.0576 -0.0003 0.9983
vn 0.0570 -0.0003 0.9984
vt 0.394508 -0.837237
vt 0.605492 -0.837237
vt 0.605492 1.837014
vt 0.394508 1.837014
vt 0.612294 -0.837237
vt 0.498210 -0.837237
vt 0.498210 1.837014
vt 0.612294 1.837014
vt 0.498210 -0.837237
vt 0.613520 -0.837237
vt 0.613520 1.837014
vt 0.498210 1.837014
vt 0.384126 -0.837237
vt 0.384126 1.837014
vt 0.382900 1.837014
vt 0.382900 -0.837237
vt 0.408804 -0.836982
vt 0.408804 1.837270
vt 0.591197 1.837270
vt 0.591197 -0.836982
vt 0.612911 -0.837046
vt 0.612911 1.837205
vt 0.505370 1.837270
vt 0.505370 -0.836982
vt 0.505370 -0.836982
vt 0.505370 1.837270
vt 0.614131 1.837205
vt 0.614131 -0.837046
vt 0.383509 -0.837046
vt 0.383509 1.837205
vt 0.382289 -0.837046
vt 0.382289 1.837205
vt 0.605492 0.613520
vt 0.605492 0.498210
vt 0.591197 0.505370
vt 0.594792 0.614131
vt 0.394508 0.498210
vt 0.394508 0.612294
vt 0.405207 0.612911
vt 0.408804 0.505370
vt 0.618657 0.613520
vt 0.607958 0.614131
vt 0.381343 0.612294
vt 0.392042 0.612911
vt 0.381343 1.837014
vt 0.392042 1.837205
vt 0.405207 -0.837046
vt 0.618657 1.837014
vt 0.594792 -0.837046
vt 0.607958 1.837205
vt 0.605492 0.382900
vt 0.594792 0.382289
vt 0.394508 0.384126
vt 0.405207 0.383509
vt 0.618657 0.382900
vt 0.607958 0.382289
vt 0.381343 0.384126
vt 0.392042 0.383509
s 0
usemtl Iron_Rusty
f 4/1/1 1/2/1 5/3/1 8/4/1
f 3/5/2 4/6/2 8/7/2 7/8/2
f 1/9/3 2/10/3 6/11/3 5/12/3
f 10/13/4 12/14/4 8/7/4 4/6/4
f 1/9/5 5/12/5 11/15/5 9/16/5
f 16/17/6 20/18/6 17/19/6 13/20/6
f 15/21/7 19/22/7 20/23/7 16/24/7
f 13/25/8 17/26/8 18/27/8 14/28/8
f 22/29/9 16/24/9 20/23/9 24/30/9
f 13/25/10 21/31/10 23/32/10 17/26/10
f 2/33/11 1/34/11 13/35/11 14/36/11
f 4/37/12 3/38/12 15/39/12 16/40/12
f 1/34/13 4/37/13 16/40/13 13/35/13
f 5/34/14 6/41/14 18/42/14 17/35/14
f 7/43/15 8/37/15 20/40/15 19/44/15
f 8/37/16 5/34/16 17/35/16 20/40/16
f 3/1/17 7/45/17 19/46/17 15/47/17
f 6/48/18 2/2/18 14/49/18 18/50/18
f 1/34/19 9/51/19 21/52/19 13/35/19
f 10/53/12 4/37/12 16/40/12 22/54/12
f 11/55/20 5/34/20 17/35/20 23/56/20
f 8/37/21 12/57/21 24/58/21 20/40/21
f 12/45/22 10/1/22 22/47/22 24/46/22
f 9/2/23 11/48/23 23/50/23 21/49/23
o Plane.005
v 4.842702 2.603364 0.056000
v 4.842702 2.495774 0.056000
v 4.645844 2.496918 0.056000
v 4.645844 2.603364 0.056000
v 4.842702 2.603364 -4.443631
v 4.854986 2.495774 -4.443631
v 4.633560 2.496918 -4.443631
v 4.645844 2.603364 -4.443631
v 4.842702 2.710954 0.056000
v 4.645844 2.709809 0.056000
v 4.854986 2.710954 -4.443631
v 4.633560 2.709809 -4.443631
v 4.829364 2.596684 0.055570
v 4.832719 2.495204 0.055678
v 4.655828 2.496342 0.055678
v 4.659183 2.596684 0.055570
v 4.829364 2.596684 -4.444061
v 4.845003 2.495204 -4.443953
v 4.643543 2.496342 -4.443953
v 4.659183 2.596684 -4.444061
v 4.832719 2.711524 0.055678
v 4.655828 2.710385 0.055678
v 4.845003 2.711524 -4.443953
v 4.643543 2.710385 -4.443953
vn -0.0000 1.0000 -0.0000
vn -0.9983 0.0576 0.0014
vn 0.9984 0.0570 0.0014
vn -0.9983 -0.0576 0.0014
vn 0.9984 -0.0570 0.0014
vn -0.0000 -1.0000 -0.0000
vn 0.9955 -0.0942 -0.0014
vn -0.9956 -0.0932 -0.0014
vn 0.9965 0.0832 -0.0014
vn -0.9966 0.0824 -0.0014
vn -0.0322 -0.0000 0.9995
vn 0.0322 -0.0000 0.9995
vn -0.0000 -0.0642 0.9979
vn 0.0311 0.0036 -0.9995
vn -0.0311 0.0037 -0.9995
vn -0.0000 0.0642 -0.9979
vn -0.0576 -0.9983 0.0002
vn 0.0570 -0.9984 0.0002
vn 0.0332 -0.0037 -0.9994
vn -0.0332 -0.0037 -0.9994
vn -0.0576 0.9983 0.0002
vn 0.0570 0.9984 0.0002
vt 0.605492 0.003652
vt 0.394508 0.003652
vt 0.394508 0.996265
vt 0.605492 0.996265
vt 0.612294 0.003652
vt 0.498210 0.003652
vt 0.498210 0.996265
vt 0.612294 0.996265
vt 0.613520 0.003652
vt 0.613520 0.996265
vt 0.384126 0.003652
vt 0.384126 0.996265
vt 0.382900 0.996265
vt 0.382900 0.003652
vt 0.591196 0.003747
vt 0.591196 0.996360
vt 0.408803 0.996360
vt 0.408803 0.003747
vt 0.612911 0.003723
vt 0.612911 0.996336
vt 0.505370 0.996360
vt 0.505370 0.003747
vt 0.505370 0.003747
vt 0.505370 0.996360
vt 0.614131 0.996336
vt 0.614131 0.003723
vt 0.383509 0.003723
vt 0.383509 0.996336
vt 0.382289 0.003723
vt 0.382289 0.996336
vt 0.613520 0.394508
vt 0.498210 0.394508
vt 0.505370 0.408803
vt 0.614131 0.405208
vt 0.498210 0.605492
vt 0.612294 0.605492
vt 0.612911 0.594793
vt 0.505370 0.591196
vt 0.613520 0.381343
vt 0.614131 0.392042
vt 0.612294 0.618657
vt 0.612911 0.607958
vt 0.618657 0.996265
vt 0.607958 0.996336
vt 0.594793 0.003723
vt 0.381343 0.996265
vt 0.405208 0.003723
vt 0.392042 0.996336
vt 0.382900 0.394508
vt 0.382289 0.405208
vt 0.384126 0.605492
vt 0.383509 0.594793
vt 0.382900 0.381343
vt 0.382289 0.392042
vt 0.384126 0.618657
vt 0.383509 0.607958
s 0
usemtl Iron_Rusty
f 28/59/24 25/60/24 29/61/24 32/62/24
f 27/63/25 28/64/25 32/65/25 31/66/25
f 25/64/26 26/67/26 30/68/26 29/65/26
f 34/69/27 36/70/27 32/65/27 28/64/27
f 25/64/28 29/65/28 35/71/28 33/72/28
f 40/73/29 44/74/29 41/75/29 37/76/29
f 39/77/30 43/78/30 44/79/30 40/80/30
f 37/81/31 41/82/31 42/83/31 38/84/31
f 46/85/32 40/80/32 44/79/32 48/86/32
f 37/81/33 45/87/33 47/88/33 41/82/33
f 26/89/34 25/90/34 37/91/34 38/92/34
f 28/93/35 27/94/35 39/95/35 40/96/35
f 25/90/36 28/93/36 40/96/36 37/91/36
f 29/90/37 30/97/37 42/98/37 41/91/37
f 31/99/38 32/93/38 44/96/38 43/100/38
f 32/93/39 29/90/39 41/91/39 44/96/39
f 27/59/40 31/101/40 43/102/40 39/103/40
f 30/104/41 26/60/41 38/105/41 42/106/41
f 25/90/34 33/107/34 45/108/34 37/91/34
f 34/109/35 28/93/35 40/96/35 46/110/35
f 35/111/42 29/90/42 41/91/42 47/112/42
f 32/93/43 36/113/43 48/114/43 44/96/43
f 36/101/44 34/59/44 46/103/44 48/102/44
f 33/60/45 35/104/45 47/106/45 45/105/45
o Plane.007
v 4.742683 0.000000 -4.225684
v 4.850274 0.000000 -4.225684
v 4.849129 0.000000 -4.422542
v 4.742683 0.000000 -4.422542
v 4.742683 2.495204 -4.225684
v 4.850274 2.495204 -4.213400
v 4.849129 2.495204 -4.434826
v 4.742683 2.495204 -4.422542
v 4.635093 0.000000 -4.225684
v 4.636238 0.000000 -4.422542
v 4.635093 2.495204 -4.213400
v 4.636238 2.495204 -4.434826
v 4.749364 0.000238 -4.239022
v 4.850843 0.000178 -4.235667
v 4.849705 0.000178 -4.412559
v 4.749364 0.000238 -4.409204
v 4.749364 2.495442 -4.239022
v 4.850843 2.495382 -4.223383
v 4.849705 2.495382 -4.424843
v 4.749364 2.495442 -4.409204
v 4.634523 0.000178 -4.235667
v 4.635662 0.000178 -4.412559
v 4.634523 2.495382 -4.223383
v 4.635662 2.495382 -4.424843
vn -1.0000 -0.0000 -0.0000
vn -0.0576 -0.0025 -0.9983
vn -0.0570 -0.0025 0.9984
vn 0.0576 -0.0025 -0.9983
vn 0.0570 -0.0025 0.9984
vn 1.0000 -0.0000 -0.0000
vn 0.0942 0.0025 0.9955
vn 0.0932 0.0025 -0.9956
vn -0.0832 0.0025 0.9965
vn -0.0824 0.0025 -0.9966
vn -0.0000 -0.9998 -0.0179
vn -0.0000 -0.9998 0.0179
vn 0.0356 -0.9994 -0.0000
vn -0.0020 0.9998 0.0172
vn -0.0020 0.9998 -0.0172
vn -0.0356 0.9994 -0.0000
vn 0.9983 -0.0003 -0.0576
vn 0.9984 -0.0003 0.0570
vn 0.0020 0.9998 0.0184
vn 0.0021 0.9998 -0.0184
vn -0.9983 -0.0003 -0.0576
vn -0.9984 -0.0003 0.0570
vt 0.605492 -0.837237
vt 0.394508 -0.837237
vt 0.394508 1.837014
vt 0.605492 1.837014
vt 0.612293 -0.837237
vt 0.498210 -0.837237
vt 0.498210 1.837014
vt 0.612293 1.837014
vt 0.613521 -0.837237
vt 0.613521 1.837014
vt 0.384127 -0.837237
vt 0.384127 1.837014
vt 0.382900 1.837014
vt 0.382900 -0.837237
vt 0.591196 -0.836982
vt 0.591196 1.837269
vt 0.408803 1.837269
vt 0.408803 -0.836982
vt 0.612911 -0.837046
vt 0.612911 1.837205
vt 0.505370 1.837269
vt 0.505370 -0.836982
vt 0.614131 1.837205
vt 0.614131 -0.837046
vt 0.383509 -0.837046
vt 0.383509 1.837205
vt 0.382289 -0.837046
vt 0.382289 1.837205
vt 0.613521 0.394508
vt 0.498210 0.394508
vt 0.505370 0.408803
vt 0.614131 0.405208
vt 0.498210 0.605492
vt 0.612293 0.605492
vt 0.612911 0.594793
vt 0.505370 0.591196
vt 0.613521 0.381343
vt 0.614131 0.392042
vt 0.612293 0.618657
vt 0.612911 0.607958
vt 0.618657 1.837014
vt 0.607958 1.837205
vt 0.594793 -0.837046
vt 0.381343 1.837014
vt 0.405208 -0.837046
vt 0.392042 1.837205
vt 0.382900 0.394508
vt 0.382289 0.405208
vt 0.384127 0.605492
vt 0.383509 0.594793
vt 0.382900 0.381343
vt 0.382289 0.392042
vt 0.384127 0.618657
vt 0.383509 0.607958
s 0
usemtl Iron_Rusty
f 52/115/46 49/116/46 53/117/46 56/118/46
f 51/119/47 52/120/47 56/121/47 55/122/47
f 49/120/48 50/123/48 54/124/48 53/121/48
f 58/125/49 60/126/49 56/121/49 52/120/49
f 49/120/50 53/121/50 59/127/50 57/128/50
f 64/129/51 68/130/51 65/131/51 61/132/51
f 63/133/52 67/134/52 68/135/52 64/136/52
f 61/136/53 65/135/53 66/137/53 62/138/53
f 70/139/54 64/136/54 68/135/54 72/140/54
f 61/136/55 69/141/55 71/142/55 65/135/55
f 50/143/56 49/144/56 61/145/56 62/146/56
f 52/147/57 51/148/57 63/149/57 64/150/57
f 49/144/58 52/147/58 64/150/58 61/145/58
f 53/144/59 54/151/59 66/152/59 65/145/59
f 55/153/60 56/147/60 68/150/60 67/154/60
f 56/147/61 53/144/61 65/145/61 68/150/61
f 51/115/62 55/155/62 67/156/62 63/157/62
f 54/158/63 50/116/63 62/159/63 66/160/63
f 49/144/56 57/161/56 69/162/56 61/145/56
f 58/163/57 52/147/57 64/150/57 70/164/57
f 59/165/64 53/144/64 65/145/64 71/166/64
f 56/147/65 60/167/65 72/168/65 68/150/65
f 60/155/66 58/115/66 70/157/66 72/156/66
f 57/116/67 59/158/67 71/160/67 69/159/67
o Cube.001
v 4.612267 2.428407 0.059542
v 4.612267 2.434528 0.065663
v 4.606145 2.434528 0.059542
v 4.612267 2.430200 0.063870
v 4.608732 2.430994 0.063076
v 4.607938 2.434528 0.063870
v 4.607938 2.430200 0.059542
v 4.612267 2.884927 0.065663
v 4.612267 2.891048 0.059542
v 4.606145 2.884927 0.059542
v 4.612267 2.889255 0.063870
v 4.608732 2.888461 0.063076
v 4.607938 2.889255 0.059542
v 4.607938 2.884927 0.063870
v 4.612267 2.428407 -0.218425
v 4.606145 2.434528 -0.218425
v 4.612267 2.434528 -0.224546
v 4.607938 2.430200 -0.218425
v 4.608732 2.430994 -0.221959
v 4.607938 2.434528 -0.222753
v 4.612267 2.430200 -0.222753
v 4.612267 2.891048 -0.218425
v 4.612267 2.884927 -0.224546
v 4.606145 2.884927 -0.218425
v 4.612267 2.889255 -0.222753
v 4.608732 2.888461 -0.221959
v 4.607938 2.884927 -0.222753
v 4.607938 2.889255 -0.218425
v 4.890233 2.428407 0.059542
v 4.896354 2.434528 0.059542
v 4.890233 2.434528 0.065663
v 4.894561 2.430200 0.059542
v 4.893767 2.430994 0.063076
v 4.894561 2.434528 0.063870
v 4.890233 2.430200 0.063870
v 4.890233 2.891048 0.059542
v 4.890233 2.884927 0.065663
v 4.896354 2.884927 0.059542
v 4.890233 2.889255 0.063870
v 4.893767 2.888461 0.063076
v 4.894561 2.884927 0.063870
v 4.894561 2.889255 0.059542
v 4.890233 2.428407 -0.218425
v 4.890233 2.434528 -0.224546
v 4.896354 2.434528 -0.218425
v 4.890233 2.430200 -0.222753
v 4.893767 2.430994 -0.221959
v 4.894561 2.434528 -0.222753
v 4.894561 2.430200 -0.218425
v 4.890233 2.891048 -0.218425
v 4.896354 2.884927 -0.218425
v 4.890233 2.884927 -0.224546
v 4.894561 2.889255 -0.218425
v 4.893767 2.888461 -0.221959
v 4.894561 2.884927 -0.222753
v 4.890233 2.889255 -0.222753
vn -0.1794 -0.9673 0.1794
vn -0.1794 -0.1794 0.9673
vn -0.9673 -0.1794 0.1794
vn -0.1726 -0.6965 0.6965
vn -0.5773 -0.5773 0.5774
vn -0.6965 -0.1726 0.6965
vn -0.6965 -0.6965 0.1726
vn -0.1794 0.1794 0.9673
vn -0.1794 0.9673 0.1794
vn -0.9673 0.1794 0.1794
vn -0.1726 0.6965 0.6965
vn -0.5773 0.5773 0.5774
vn -0.6965 0.6965 0.1726
vn -0.6965 0.1726 0.6965
vn -0.1794 -0.9673 -0.1794
vn -0.9673 -0.1794 -0.1794
vn -0.1794 -0.1794 -0.9673
vn -0.6965 -0.6965 -0.1726
vn -0.5773 -0.5773 -0.5774
vn -0.6965 -0.1726 -0.6965
vn -0.1726 -0.6965 -0.6965
vn -0.1794 0.9673 -0.1794
vn -0.1794 0.1794 -0.9673
vn -0.9673 0.1794 -0.1794
vn -0.1726 0.6965 -0.6965
vn -0.5773 0.5773 -0.5774
vn -0.6965 0.1726 -0.6965
vn -0.6965 0.6965 -0.1726
vn 0.1794 -0.9673 0.1794
vn 0.9673 -0.1794 0.1794
vn 0.1794 -0.1794 0.9673
vn 0.6965 -0.6965 0.1726
vn 0.5773 -0.5773 0.5774
vn 0.6965 -0.1726 0.6965
vn 0.1726 -0.6965 0.6965
vn 0.1794 0.9673 0.1794
vn 0.1794 0.1794 0.9673
vn 0.9673 0.1794 0.1794
vn 0.1726 0.6965 0.6965
vn 0.5773 0.5773 0.5774
vn 0.6965 0.1726 0.6965
vn 0.6965 0.6965 0.1726
vn 0.1794 -0.9673 -0.1794
vn 0.1794 -0.1794 -0.9673
vn 0.9673 -0.1794 -0.1794
vn 0.1726 -0.6965 -0.6965
vn 0.5773 -0.5773 -0.5774
vn 0.6965 -0.1726 -0.6965
vn 0.6965 -0.6965 -0.1726
vn 0.1794 0.9673 -0.1794
vn 0.9673 0.1794 -0.1794
vn 0.1794 0.1794 -0.9673
vn 0.6965 0.6965 -0.1726
vn 0.5773 0.5773 -0.5774
vn 0.6965 0.1726 -0.6965
vn 0.1726 0.6965 -0.6965
vt 0.638983 0.274801
vt 0.638983 0.725199
vt 0.361017 0.725199
vt 0.361017 0.274801
vt 0.638984 0.274801
vt 0.638984 0.725199
vt 0.361016 0.725199
vt 0.361016 0.274801
vt 0.638983 0.638984
vt 0.361017 0.638984
vt 0.361017 0.361016
vt 0.638983 0.361016
vt 0.361017 0.356688
vt 0.357483 0.357482
vt 0.356688 0.361016
vt 0.356688 0.274801
vt 0.357483 0.271267
vt 0.361017 0.270472
vt 0.361016 0.270472
vt 0.357482 0.271267
vt 0.356688 0.274801
vt 0.361017 0.729528
vt 0.357483 0.728733
vt 0.356688 0.725199
vt 0.356688 0.725199
vt 0.357482 0.728733
vt 0.361016 0.729528
vt 0.356688 0.638984
vt 0.357483 0.642518
vt 0.361017 0.643312
vt 0.643312 0.274801
vt 0.642518 0.271267
vt 0.638984 0.270472
vt 0.638984 0.729528
vt 0.642518 0.728733
vt 0.643312 0.725199
vt 0.643312 0.361016
vt 0.642517 0.357482
vt 0.638983 0.356688
vt 0.638983 0.270472
vt 0.642517 0.271267
vt 0.643312 0.274801
vt 0.643312 0.725199
vt 0.642517 0.728733
vt 0.638983 0.729528
vt 0.638983 0.643312
vt 0.642517 0.642518
vt 0.643312 0.638984
s 1
usemtl Iron_Rusty
f 103/169/98 109/170/104 80/171/75 74/172/69
f 117/173/112 123/174/118 110/175/105 102/176/97
f 122/177/117 94/178/89 81/179/76 108/180/103
f 75/176/70 82/175/77 96/174/91 88/173/83
f 89/172/84 95/171/90 124/170/119 116/169/111
f 73/179/68 76/181/71 77/182/72 79/183/74
f 74/172/69 78/184/73 77/185/72 76/186/71
f 75/176/70 79/187/74 77/188/72 78/189/73
f 80/171/75 83/190/78 84/191/79 86/192/81
f 81/179/76 85/183/80 84/182/79 83/181/78
f 82/175/77 86/193/81 84/194/79 85/195/80
f 87/178/82 90/196/85 91/197/86 93/198/88
f 88/173/83 92/199/87 91/200/86 90/201/85
f 89/172/84 93/186/88 91/185/86 92/184/87
f 94/178/89 97/198/92 98/197/93 100/196/95
f 95/171/90 99/192/94 98/191/93 97/190/92
f 96/174/91 100/202/95 98/203/93 99/204/94
f 101/180/96 104/205/99 105/206/100 107/207/102
f 102/176/97 106/189/101 105/188/100 104/187/99
f 103/169/98 107/208/102 105/209/100 106/210/101
f 108/180/103 111/207/106 112/206/107 114/205/109
f 109/170/104 113/211/108 112/212/107 111/213/106
f 110/175/105 114/195/109 112/194/107 113/193/108
f 115/177/110 118/214/113 119/215/114 121/216/116
f 116/169/111 120/210/115 119/209/114 118/208/113
f 117/173/112 121/201/116 119/200/114 120/199/115
f 122/177/117 125/216/120 126/215/121 128/214/123
f 123/174/118 127/204/122 126/203/121 125/202/120
f 124/170/119 128/213/123 126/212/121 127/211/122
f 87/178/82 73/179/68 79/183/74 90/196/85
f 90/201/85 79/187/74 75/176/70 88/173/83
f 74/172/69 80/171/75 86/192/81 78/184/73
f 78/189/73 86/193/81 82/175/77 75/176/70
f 81/179/76 94/178/89 100/196/95 85/183/80
f 85/195/80 100/202/95 96/174/91 82/175/77
f 95/171/90 89/172/84 92/184/87 99/192/94
f 99/204/94 92/199/87 88/173/83 96/174/91
f 115/177/110 87/178/82 93/198/88 118/214/113
f 118/208/113 93/186/88 89/172/84 116/169/111
f 94/178/89 122/177/117 128/214/123 97/198/92
f 97/190/92 128/213/123 124/170/119 95/171/90
f 123/174/118 117/173/112 120/199/115 127/204/122
f 127/211/122 120/210/115 116/169/111 124/170/119
f 101/180/96 115/177/110 121/216/116 104/205/99
f 104/187/99 121/201/116 117/173/112 102/176/97
f 122/177/117 108/180/103 114/205/109 125/216/120
f 125/202/120 114/195/109 110/175/105 123/174/118
f 109/170/104 103/169/98 106/210/101 113/211/108
f 113/193/108 106/189/101 102/176/97 110/175/105
f 73/179/68 101/180/96 107/207/102 76/181/71
f 76/186/71 107/208/102 103/169/98 74/172/69
f 108/180/103 81/179/76 83/181/78 111/207/106
f 111/213/106 83/190/78 80/171/75 109/170/104
f 87/178/82 115/177/110 101/180/96 73/179/68
o Cube.003
v 4.612267 2.428407 -4.181565
v 4.612267 2.434528 -4.175445
v 4.606145 2.434528 -4.181565
v 4.612267 2.430200 -4.177237
v 4.608732 2.430994 -4.178031
v 4.607938 2.434528 -4.177237
v 4.607938 2.430200 -4.181565
v 4.612267 2.884927 -4.175445
v 4.612267 2.891048 -4.181565
v 4.606145 2.884927 -4.181565
v 4.612267 2.889255 -4.177237
v 4.608732 2.888461 -4.178031
v 4.607938 2.889255 -4.181565
v 4.607938 2.884927 -4.177237
v 4.612267 2.428407 -4.459533
v 4.606145 2.434528 -4.459533
v 4.612267 2.434528 -4.465653
v 4.607938 2.430200 -4.459533
v 4.608732 2.430994 -4.463067
v 4.607938 2.434528 -4.463861
v 4.612267 2.430200 -4.463861
v 4.612267 2.891048 -4.459533
v 4.612267 2.884927 -4.465653
v 4.606145 2.884927 -4.459533
v 4.612267 2.889255 -4.463861
v 4.608732 2.888461 -4.463067
v 4.607938 2.884927 -4.463861
v 4.607938 2.889255 -4.459533
v 4.890233 2.428407 -4.181565
v 4.896354 2.434528 -4.181565
v 4.890233 2.434528 -4.175445
v 4.894561 2.430200 -4.181565
v 4.893767 2.430994 -4.178031
v 4.894561 2.434528 -4.177237
v 4.890233 2.430200 -4.177237
v 4.890233 2.891048 -4.181565
v 4.890233 2.884927 -4.175445
v 4.896354 2.884927 -4.181565
v 4.890233 2.889255 -4.177237
v 4.893767 2.888461 -4.178031
v 4.894561 2.884927 -4.177237
v 4.894561 2.889255 -4.181565
v 4.890233 2.428407 -4.459533
v 4.890233 2.434528 -4.465653
v 4.896354 2.434528 -4.459533
v 4.890233 2.430200 -4.463861
v 4.893767 2.430994 -4.463067
v 4.894561 2.434528 -4.463861
v 4.894561 2.430200 -4.459533
v 4.890233 2.891048 -4.459533
v 4.896354 2.884927 -4.459533
v 4.890233 2.884927 -4.465653
v 4.894561 2.889255 -4.459533
v 4.893767 2.888461 -4.463067
v 4.894561 2.884927 -4.463861
v 4.890233 2.889255 -4.463861
vn -0.1794 -0.9673 0.1794
vn -0.1794 -0.1794 0.9673
vn -0.9673 -0.1794 0.1794
vn -0.1726 -0.6965 0.6965
vn -0.5773 -0.5773 0.5774
vn -0.6965 -0.1726 0.6965
vn -0.6965 -0.6965 0.1726
vn -0.1794 0.1794 0.9673
vn -0.1794 0.9673 0.1794
vn -0.9673 0.1794 0.1794
vn -0.1726 0.6965 0.6965
vn -0.5773 0.5773 0.5774
vn -0.6965 0.6965 0.1726
vn -0.6965 0.1726 0.6965
vn -0.1794 -0.9673 -0.1794
vn -0.9673 -0.1794 -0.1794
vn -0.1794 -0.1794 -0.9673
vn -0.6965 -0.6965 -0.1726
vn -0.5773 -0.5773 -0.5774
vn -0.6965 -0.1726 -0.6965
vn -0.1726 -0.6965 -0.6965
vn -0.1794 0.9673 -0.1794
vn -0.1794 0.1794 -0.9673
vn -0.9673 0.1794 -0.1794
vn -0.1726 0.6965 -0.6965
vn -0.5773 0.5773 -0.5774
vn -0.6965 0.1726 -0.6965
vn -0.6965 0.6965 -0.1726
vn 0.1794 -0.9673 0.1794
vn 0.9673 -0.1794 0.1794
vn 0.1794 -0.1794 0.9673
vn 0.6965 -0.6965 0.1726
vn 0.5773 -0.5773 0.5774
vn 0.6965 -0.1726 0.6965
vn 0.1726 -0.6965 0.6965
vn 0.1794 0.9673 0.1794
vn 0.1794 0.1794 0.9673
vn 0.9673 0.1794 0.1794
vn 0.1726 0.6965 0.6965
vn 0.5773 0.5773 0.5774
vn 0.6965 0.1726 0.6965
vn 0.6965 0.6965 0.1726
vn 0.1794 -0.9673 -0.1794
vn 0.1794 -0.1794 -0.9673
vn 0.9673 -0.1794 -0.1794
vn 0.1726 -0.6965 -0.6965
vn 0.5773 -0.5773 -0.5774
vn 0.6965 -0.1726 -0.6965
vn 0.6965 -0.6965 -0.1726
vn 0.1794 0.9673 -0.1794
vn 0.9673 0.1794 -0.1794
vn 0.1794 0.1794 -0.9673
vn 0.6965 0.6965 -0.1726
vn 0.5773 0.5773 -0.5774
vn 0.6965 0.1726 -0.6965
vn 0.1726 0.6965 -0.6965
vt 0.638983 0.274801
vt 0.638983 0.725199
vt 0.361017 0.725199
vt 0.361017 0.274801
vt 0.638984 0.274801
vt 0.638984 0.725199
vt 0.361016 0.725199
vt 0.361016 0.274801
vt 0.638983 0.638984
vt 0.361017 0.638984
vt 0.361017 0.361016
vt 0.638983 0.361016
vt 0.361017 0.356688
vt 0.357483 0.357482
vt 0.356688 0.361016
vt 0.356688 0.274801
vt 0.357483 0.271267
vt 0.361017 0.270472
vt 0.361016 0.270472
vt 0.357482 0.271267
vt 0.356688 0.274801
vt 0.361017 0.729528
vt 0.357483 0.728733
vt 0.356688 0.725199
vt 0.356688 0.725199
vt 0.357482 0.728733
vt 0.361016 0.729528
vt 0.356688 0.638984
vt 0.357483 0.642518
vt 0.361017 0.643312
vt 0.643312 0.274801
vt 0.642518 0.271267
vt 0.638984 0.270472
vt 0.638984 0.729528
vt 0.642518 0.728733
vt 0.643312 0.725199
vt 0.643312 0.361016
vt 0.642517 0.357482
vt 0.638983 0.356688
vt 0.638983 0.270472
vt 0.642517 0.271267
vt 0.643312 0.274801
vt 0.643312 0.725199
vt 0.642517 0.728733
vt 0.638983 0.729528
vt 0.638983 0.643312
vt 0.642517 0.642518
vt 0.643312 0.638984
s 1
usemtl Iron_Rusty
f 159/217/154 165/218/160 136/219/131 130/220/125
f 173/221/168 179/222/174 166/223/161 158/224/153
f 178/225/173 150/226/145 137/227/132 164/228/159
f 131/224/126 138/223/133 152/222/147 144/221/139
f 145/220/140 151/219/146 180/218/175 172/217/167
f 129/227/124 132/229/127 133/230/128 135/231/130
f 130/220/125 134/232/129 133/233/128 132/234/127
f 131/224/126 135/235/130 133/236/128 134/237/129
f 136/219/131 139/238/134 140/239/135 142/240/137
f 137/227/132 141/231/136 140/230/135 139/229/134
f 138/223/133 142/241/137 140/242/135 141/243/136
f 143/226/138 146/244/141 147/245/142 149/246/144
f 144/221/139 148/247/143 147/248/142 146/249/141
f 145/220/140 149/234/144 147/233/142 148/232/143
f 150/226/145 153/246/148 154/245/149 156/244/151
f 151/219/146 155/240/150 154/239/149 153/238/148
f 152/222/147 156/250/151 154/251/149 155/252/150
f 157/228/152 160/253/155 161/254/156 163/255/158
f 158/224/153 162/237/157 161/236/156 160/235/155
f 159/217/154 163/256/158 161/257/156 162/258/157
f 164/228/159 167/255/162 168/254/163 170/253/165
f 165/218/160 169/259/164 168/260/163 167/261/162
f 166/223/161 170/243/165 168/242/163 169/241/164
f 171/225/166 174/262/169 175/263/170 177/264/172
f 172/217/167 176/258/171 175/257/170 174/256/169
f 173/221/168 177/249/172 175/248/170 176/247/171
f 178/225/173 181/264/176 182/263/177 184/262/179
f 179/222/174 183/252/178 182/251/177 181/250/176
f 180/218/175 184/261/179 182/260/177 183/259/178
f 143/226/138 129/227/124 135/231/130 146/244/141
f 146/249/141 135/235/130 131/224/126 144/221/139
f 130/220/125 136/219/131 142/240/137 134/232/129
f 134/237/129 142/241/137 138/223/133 131/224/126
f 137/227/132 150/226/145 156/244/151 141/231/136
f 141/243/136 156/250/151 152/222/147 138/223/133
f 151/219/146 145/220/140 148/232/143 155/240/150
f 155/252/150 148/247/143 144/221/139 152/222/147
f 171/225/166 143/226/138 149/246/144 174/262/169
f 174/256/169 149/234/144 145/220/140 172/217/167
f 150/226/145 178/225/173 184/262/179 153/246/148
f 153/238/148 184/261/179 180/218/175 151/219/146
f 179/222/174 173/221/168 176/247/171 183/252/178
f 183/259/178 176/258/171 172/217/167 180/218/175
f 157/228/152 171/225/166 177/264/172 160/253/155
f 160/235/155 177/249/172 173/221/168 158/224/153
f 178/225/173 164/228/159 170/253/165 181/264/176
f 181/250/176 170/243/165 166/223/161 179/222/174
f 165/218/160 159/217/154 162/258/157 169/259/164
f 169/241/164 162/237/157 158/224/153 166/223/161
f 129/227/124 157/228/152 163/255/158 132/229/127
f 132/234/127 163/256/158 159/217/154 130/220/125
f 164/228/159 137/227/132 139/229/134 167/255/162
f 167/261/162 139/238/134 136/219/131 165/218/160
f 143/226/138 171/225/166 157/228/152 129/227/124
o Plane.020
v 4.848151 2.648322 -0.105859
v 4.848151 2.648322 -0.213449
v 4.651292 2.648322 -0.212305
v 4.651292 2.648322 -0.105859
v 4.848151 5.143526 -0.105859
v 4.860435 5.143526 -0.213449
v 4.639009 5.143526 -0.212305
v 4.651292 5.143526 -0.105859
v 4.848151 2.648322 0.001731
v 4.651292 2.648322 0.000586
v 4.860435 5.143526 0.001731
v 4.639009 5.143526 0.000586
v 4.834812 2.648560 -0.112540
v 4.838167 2.648500 -0.214019
v 4.661275 2.648500 -0.212881
v 4.664631 2.648560 -0.112540
v 4.834812 5.143764 -0.112540
v 4.850451 5.143704 -0.214019
v 4.648992 5.143704 -0.212881
v 4.664631 5.143764 -0.112540
v 4.838167 2.648500 0.002301
v 4.661275 2.648500 0.001162
v 4.850451 5.143704 0.002301
v 4.648992 5.143704 0.001162
vn -0.0000 -0.0000 1.0000
vn -0.9983 -0.0025 0.0576
vn 0.9984 -0.0025 0.0570
vn -0.9983 -0.0025 -0.0576
vn 0.9984 -0.0025 -0.0570
vn -0.0000 -0.0000 -1.0000
vn 0.9955 0.0025 -0.0942
vn -0.9956 0.0025 -0.0932
vn 0.9965 0.0025 0.0832
vn -0.9966 0.0025 0.0824
vn -0.0178 -0.9998 -0.0000
vn 0.0179 -0.9998 -0.0000
vn -0.0000 -0.9994 -0.0356
vn 0.0172 0.9998 0.0020
vn -0.0172 0.9998 0.0020
vn -0.0000 0.9994 0.0357
vn -0.0576 -0.0003 -0.9983
vn 0.0570 -0.0003 -0.9984
vn -0.0179 -0.9998 -0.0000
vn 0.0184 0.9998 -0.0020
vn -0.0184 0.9998 -0.0021
vn -0.0576 -0.0003 0.9983
vn 0.0570 -0.0003 0.9984
vt 0.394508 -0.837237
vt 0.605492 -0.837237
vt 0.605492 1.837014
vt 0.394508 1.837014
vt 0.612294 -0.837237
vt 0.498210 -0.837237
vt 0.498210 1.837014
vt 0.612294 1.837014
vt 0.498210 -0.837237
vt 0.613520 -0.837237
vt 0.613520 1.837014
vt 0.498210 1.837014
vt 0.384126 -0.837237
vt 0.384126 1.837014
vt 0.382900 1.837014
vt 0.382900 -0.837237
vt 0.408804 -0.836982
vt 0.408804 1.837270
vt 0.591197 1.837270
vt 0.591197 -0.836982
vt 0.612911 -0.837046
vt 0.612911 1.837205
vt 0.505370 1.837270
vt 0.505370 -0.836982
vt 0.505370 -0.836982
vt 0.505370 1.837270
vt 0.614131 1.837205
vt 0.614131 -0.837046
vt 0.383509 -0.837046
vt 0.383509 1.837205
vt 0.382289 -0.837046
vt 0.382289 1.837205
vt 0.605492 0.613520
vt 0.605492 0.498210
vt 0.591197 0.505370
vt 0.594792 0.614131
vt 0.394508 0.498210
vt 0.394508 0.612294
vt 0.405207 0.612911
vt 0.408804 0.505370
vt 0.618657 0.613520
vt 0.607958 0.614131
vt 0.381343 0.612294
vt 0.392042 0.612911
vt 0.381343 1.837014
vt 0.392042 1.837205
vt 0.405207 -0.837046
vt 0.618657 1.837014
vt 0.594792 -0.837046
vt 0.607958 1.837205
vt 0.605492 0.382900
vt 0.594792 0.382289
vt 0.394508 0.384126
vt 0.405207 0.383509
vt 0.618657 0.382900
vt 0.607958 0.382289
vt 0.381343 0.384126
vt 0.392042 0.383509
s 0
usemtl Iron_Rusty
f 188/265/180 185/266/180 189/267/180 192/268/180
f 187/269/181 188/270/181 192/271/181 191/272/181
f 185/273/182 186/274/182 190/275/182 189/276/182
f 194/277/183 196/278/183 192/271/183 188/270/183
f 185/273/184 189/276/184 195/279/184 193/280/184
f 200/281/185 204/282/185 201/283/185 197/284/185
f 199/285/186 203/286/186 204/287/186 200/288/186
f 197/289/187 201/290/187 202/291/187 198/292/187
f 206/293/188 200/288/188 204/287/188 208/294/188
f 197/289/189 205/295/189 207/296/189 201/290/189
f 186/297/190 185/298/190 197/299/190 198/300/190
f 188/301/191 187/302/191 199/303/191 200/304/191
f 185/298/192 188/301/192 200/304/192 197/299/192
f 189/298/193 190/305/193 202/306/193 201/299/193
f 191/307/194 192/301/194 204/304/194 203/308/194
f 192/301/195 189/298/195 201/299/195 204/304/195
f 187/265/196 191/309/196 203/310/196 199/311/196
f 190/312/197 186/266/197 198/313/197 202/314/197
f 185/298/198 193/315/198 205/316/198 197/299/198
f 194/317/191 188/301/191 200/304/191 206/318/191
f 195/319/199 189/298/199 201/299/199 207/320/199
f 192/301/200 196/321/200 208/322/200 204/304/200
f 196/309/201 194/265/201 206/311/201 208/310/201
f 193/266/202 195/312/202 207/314/202 205/313/202
o Plane.021
v 4.742683 2.648322 -4.225684
v 4.850274 2.648322 -4.225684
v 4.849129 2.648322 -4.422542
v 4.742683 2.648322 -4.422542
v 4.742683 5.143526 -4.225684
v 4.850274 5.143526 -4.213400
v 4.849129 5.143526 -4.434826
v 4.742683 5.143526 -4.422542
v 4.635093 2.648322 -4.225684
v 4.636238 2.648322 -4.422542
v 4.635093 5.143526 -4.213400
v 4.636238 5.143526 -4.434826
v 4.749364 2.648560 -4.239022
v 4.850843 2.648500 -4.235667
v 4.849705 2.648500 -4.412559
v 4.749364 2.648560 -4.409204
v 4.749364 5.143764 -4.239022
v 4.850843 5.143704 -4.223383
v 4.849705 5.143704 -4.424843
v 4.749364 5.143764 -4.409204
v 4.634523 2.648500 -4.235667
v 4.635662 2.648500 -4.412559
v 4.634523 5.143704 -4.223383
v 4.635662 5.143704 -4.424843
vn -1.0000 -0.0000 -0.0000
vn -0.0576 -0.0025 -0.9983
vn -0.0570 -0.0025 0.9984
vn 0.0576 -0.0025 -0.9983
vn 0.0570 -0.0025 0.9984
vn 1.0000 -0.0000 -0.0000
vn 0.0942 0.0025 0.9955
vn 0.0932 0.0025 -0.9956
vn -0.0832 0.0025 0.9965
vn -0.0824 0.0025 -0.9966
vn -0.0000 -0.9998 -0.0179
vn -0.0000 -0.9998 0.0179
vn 0.0356 -0.9994 -0.0000
vn -0.0020 0.9998 0.0172
vn -0.0020 0.9998 -0.0172
vn -0.0356 0.9994 -0.0000
vn 0.9983 -0.0003 -0.0576
vn 0.9984 -0.0003 0.0570
vn 0.0020 0.9998 0.0184
vn 0.0021 0.9998 -0.0184
vn -0.9983 -0.0003 -0.0576
vn -0.9984 -0.0003 0.0570
vt 0.605492 -0.837237
vt 0.394508 -0.837237
vt 0.394508 1.837014
vt 0.605492 1.837014
vt 0.612293 -0.837237
vt 0.498210 -0.837237
vt 0.498210 1.837014
vt 0.612293 1.837014
vt 0.613521 -0.837237
vt 0.613521 1.837014
vt 0.384127 -0.837237
vt 0.384127 1.837014
vt 0.382900 1.837014
vt 0.382900 -0.837237
vt 0.591196 -0.836982
vt 0.591196 1.837269
vt 0.408803 1.837269
vt 0.408803 -0.836982
vt 0.612911 -0.837046
vt 0.612911 1.837205
vt 0.505370 1.837269
vt 0.505370 -0.836982
vt 0.614131 1.837205
vt 0.614131 -0.837046
vt 0.383509 -0.837046
vt 0.383509 1.837205
vt 0.382289 -0.837046
vt 0.382289 1.837205
vt 0.613521 0.394508
vt 0.498210 0.394508
vt 0.505370 0.408803
vt 0.614131 0.405208
vt 0.498210 0.605492
vt 0.612293 0.605492
vt 0.612911 0.594793
vt 0.505370 0.591196
vt 0.613521 0.381343
vt 0.614131 0.392042
vt 0.612293 0.618657
vt 0.612911 0.607958
vt 0.618657 1.837014
vt 0.607958 1.837205
vt 0.594793 -0.837046
vt 0.381343 1.837014
vt 0.405208 -0.837046
vt 0.392042 1.837205
vt 0.382900 0.394508
vt 0.382289 0.405208
vt 0.384127 0.605492
vt 0.383509 0.594793
vt 0.382900 0.381343
vt 0.382289 0.392042
vt 0.384127 0.618657
vt 0.383509 0.607958
s 0
usemtl Iron_Rusty
f 212/323/203 209/324/203 213/325/203 216/326/203
f 211/327/204 212/328/204 216/329/204 215/330/204
f 209/328/205 210/331/205 214/332/205 213/329/205
f 218/333/206 220/334/206 216/329/206 212/328/206
f 209/328/207 213/329/207 219/335/207 217/336/207
f 224/337/208 228/338/208 225/339/208 221/340/208
f 223/341/209 227/342/209 228/343/209 224/344/209
f 221/344/210 225/343/210 226/345/210 222/346/210
f 230/347/211 224/344/211 228/343/211 232/348/211
f 221/344/212 229/349/212 231/350/212 225/343/212
f 210/351/213 209/352/213 221/353/213 222/354/213
f 212/355/214 211/356/214 223/357/214 224/358/214
f 209/352/215 212/355/215 224/358/215 221/353/215
f 213/352/216 214/359/216 226/360/216 225/353/216
f 215/361/217 216/355/217 228/358/217 227/362/217
f 216/355/218 213/352/218 225/353/218 228/358/218
f 211/323/219 215/363/219 227/364/219 223/365/219
f 214/366/220 210/324/220 222/367/220 226/368/220
f 209/352/213 217/369/213 229/370/213 221/353/213
f 218/371/214 212/355/214 224/358/214 230/372/214
f 219/373/221 213/352/221 225/353/221 231/374/221
f 216/355/222 220/375/222 232/376/222 228/358/222
f 220/363/223 218/323/223 230/365/223 232/364/223
f 217/324/224 219/366/224 231/368/224 229/367/224
o Cube.029
v 4.612267 4.716366 0.059542
v 4.612267 4.722487 0.065663
v 4.606145 4.722487 0.059542
v 4.612267 4.718159 0.063870
v 4.608732 4.718953 0.063076
v 4.607938 4.722487 0.063870
v 4.607938 4.718159 0.059542
v 4.612267 5.172886 0.065663
v 4.612267 5.179007 0.059542
v 4.606145 5.172886 0.059542
v 4.612267 5.177214 0.063870
v 4.608732 5.176420 0.063076
v 4.607938 5.177214 0.059542
v 4.607938 5.172886 0.063870
v 4.612267 4.716366 -0.218425
v 4.606145 4.722487 -0.218425
v 4.612267 4.722487 -0.224546
v 4.607938 4.718159 -0.218425
v 4.608732 4.718953 -0.221959
v 4.607938 4.722487 -0.222753
v 4.612267 4.718159 -0.222753
v 4.612267 5.179007 -0.218425
v 4.612267 5.172886 -0.224546
v 4.606145 5.172886 -0.218425
v 4.612267 5.177214 -0.222753
v 4.608732 5.176420 -0.221959
v 4.607938 5.172886 -0.222753
v 4.607938 5.177214 -0.218425
v 4.890233 4.716366 0.059542
v 4.896354 4.722487 0.059542
v 4.890233 4.722487 0.065663
v 4.894561 4.718159 0.059542
v 4.893767 4.718953 0.063076
v 4.894561 4.722487 0.063870
v 4.890233 4.718159 0.063870
v 4.890233 5.179007 0.059542
v 4.890233 5.172886 0.065663
v 4.896354 5.172886 0.059542
v 4.890233 5.177214 0.063870
v 4.893767 5.176420 0.063076
v 4.894561 5.172886 0.063870
v 4.894561 5.177214 0.059542
v 4.890233 4.716366 -0.218425
v 4.890233 4.722487 -0.224546
v 4.896354 4.722487 -0.218425
v 4.890233 4.718159 -0.222753
v 4.893767 4.718953 -0.221959
v 4.894561 4.722487 -0.222753
v 4.894561 4.718159 -0.218425
v 4.890233 5.179007 -0.218425
v 4.896354 5.172886 -0.218425
v 4.890233 5.172886 -0.224546
v 4.894561 5.177214 -0.218425
v 4.893767 5.176420 -0.221959
v 4.894561 5.172886 -0.222753
v 4.890233 5.177214 -0.222753
vn -0.1794 -0.9673 0.1794
vn -0.1794 -0.1794 0.9673
vn -0.9673 -0.1794 0.1794
vn -0.1726 -0.6965 0.6965
vn -0.5773 -0.5773 0.5774
vn -0.6965 -0.1726 0.6965
vn -0.6965 -0.6965 0.1726
vn -0.1794 0.1794 0.9673
vn -0.1794 0.9673 0.1794
vn -0.9673 0.1794 0.1794
vn -0.1726 0.6965 0.6965
vn -0.5773 0.5773 0.5774
vn -0.6965 0.6965 0.1726
vn -0.6965 0.1726 0.6965
vn -0.1794 -0.9673 -0.1794
vn -0.9673 -0.1794 -0.1794
vn -0.1794 -0.1794 -0.9673
vn -0.6965 -0.6965 -0.1726
vn -0.5773 -0.5773 -0.5774
vn -0.6965 -0.1726 -0.6965
vn -0.1726 -0.6965 -0.6965
vn -0.1794 0.9673 -0.1794
vn -0.1794 0.1794 -0.9673
vn -0.9673 0.1794 -0.1794
vn -0.1726 0.6965 -0.6965
vn -0.5773 0.5773 -0.5774
vn -0.6965 0.1726 -0.6965
vn -0.6965 0.6965 -0.1726
vn 0.1794 -0.9673 0.1794
vn 0.9673 -0.1794 0.1794
vn 0.1794 -0.1794 0.9673
vn 0.6965 -0.6965 0.1726
vn 0.5773 -0.5773 0.5774
vn 0.6965 -0.1726 0.6965
vn 0.1726 -0.6965 0.6965
vn 0.1794 0.9673 0.1794
vn 0.1794 0.1794 0.9673
vn 0.9673 0.1794 0.1794
vn 0.1726 0.6965 0.6965
vn 0.5773 0.5773 0.5774
vn 0.6965 0.1726 0.6965
vn 0.6965 0.6965 0.1726
vn 0.1794 -0.9673 -0.1794
vn 0.1794 -0.1794 -0.9673
vn 0.9673 -0.1794 -0.1794
vn 0.1726 -0.6965 -0.6965
vn 0.5773 -0.5773 -0.5774
vn 0.6965 -0.1726 -0.6965
vn 0.6965 -0.6965 -0.1726
vn 0.1794 0.9673 -0.1794
vn 0.9673 0.1794 -0.1794
vn 0.1794 0.1794 -0.9673
vn 0.6965 0.6965 -0.1726
vn 0.5773 0.5773 -0.5774
vn 0.6965 0.1726 -0.6965
vn 0.1726 0.6965 -0.6965
vt 0.638983 0.274801
vt 0.638983 0.725199
vt 0.361017 0.725199
vt 0.361017 0.274801
vt 0.638984 0.274801
vt 0.638984 0.725199
vt 0.361016 0.725199
vt 0.361016 0.274801
vt 0.638983 0.638984
vt 0.361017 0.638984
vt 0.361017 0.361016
vt 0.638983 0.361016
vt 0.361017 0.356688
vt 0.357483 0.357482
vt 0.356688 0.361016
vt 0.356688 0.274801
vt 0.357483 0.271267
vt 0.361017 0.270472
vt 0.361016 0.270472
vt 0.357482 0.271267
vt 0.356688 0.274801
vt 0.361017 0.729528
vt 0.357483 0.728733
vt 0.356688 0.725199
vt 0.356688 0.725199
vt 0.357482 0.728733
vt 0.361016 0.729528
vt 0.356688 0.638984
vt 0.357483 0.642518
vt 0.361017 0.643312
vt 0.643312 0.274801
vt 0.642518 0.271267
vt 0.638984 0.270472
vt 0.638984 0.729528
vt 0.642518 0.728733
vt 0.643312 0.725199
vt 0.643312 0.361016
vt 0.642517 0.357482
vt 0.638983 0.356688
vt 0.638983 0.270472
vt 0.642517 0.271267
vt 0.643312 0.274801
vt 0.643312 0.725199
vt 0.642517 0.728733
vt 0.638983 0.729528
vt 0.638983 0.643312
vt 0.642517 0.642518
vt 0.643312 0.638984
s 1
usemtl Iron_Rusty
f 263/377/255 269/378/261 240/379/232 234/380/226
f 277/381/269 283/382/275 270/383/262 262/384/254
f 282/385/274 254/386/246 241/387/233 268/388/260
f 235/384/227 242/383/234 256/382/248 248/381/240
f 249/380/241 255/379/247 284/378/276 276/377/268
f 233/387/225 236/389/228 237/390/229 239/391/231
f 234/380/226 238/392/230 237/393/229 236/394/228
f 235/384/227 239/395/231 237/396/229 238/397/230
f 240/379/232 243/398/235 244/399/236 246/400/238
f 241/387/233 245/391/237 244/390/236 243/389/235
f 242/383/234 246/401/238 244/402/236 245/403/237
f 247/386/239 250/404/242 251/405/243 253/406/245
f 248/381/240 252/407/244 251/408/243 250/409/242
f 249/380/241 253/394/245 251/393/243 252/392/244
f 254/386/246 257/406/249 258/405/250 260/404/252
f 255/379/247 259/400/251 258/399/250 257/398/249
f 256/382/248 260/410/252 258/411/250 259/412/251
f 261/388/253 264/413/256 265/414/257 267/415/259
f 262/384/254 266/397/258 265/396/257 264/395/256
f 263/377/255 267/416/259 265/417/257 266/418/258
f 268/388/260 271/415/263 272/414/264 274/413/266
f 269/378/261 273/419/265 272/420/264 271/421/263
f 270/383/262 274/403/266 272/402/264 273/401/265
f 275/385/267 278/422/270 279/423/271 281/424/273
f 276/377/268 280/418/272 279/417/271 278/416/270
f 277/381/269 281/409/273 279/408/271 280/407/272
f 282/385/274 285/424/277 286/423/278 288/422/280
f 283/382/275 287/412/279 286/411/278 285/410/277
f 284/378/276 288/421/280 286/420/278 287/419/279
f 247/386/239 233/387/225 239/391/231 250/404/242
f 250/409/242 239/395/231 235/384/227 248/381/240
f 234/380/226 240/379/232 246/400/238 238/392/230
f 238/397/230 246/401/238 242/383/234 235/384/227
f 241/387/233 254/386/246 260/404/252 245/391/237
f 245/403/237 260/410/252 256/382/248 242/383/234
f 255/379/247 249/380/241 252/392/244 259/400/251
f 259/412/251 252/407/244 248/381/240 256/382/248
f 275/385/267 247/386/239 253/406/245 278/422/270
f 278/416/270 253/394/245 249/380/241 276/377/268
f 254/386/246 282/385/274 288/422/280 257/406/249
f 257/398/249 288/421/280 284/378/276 255/379/247
f 283/382/275 277/381/269 280/407/272 287/412/279
f 287/419/279 280/418/272 276/377/268 284/378/276
f 261/388/253 275/385/267 281/424/273 264/413/256
f 264/395/256 281/409/273 277/381/269 262/384/254
f 282/385/274 268/388/260 274/413/266 285/424/277
f 285/410/277 274/403/266 270/383/262 283/382/275
f 269/378/261 263/377/255 266/418/258 273/419/265
f 273/401/265 266/397/258 262/384/254 270/383/262
f 233/387/225 261/388/253 267/415/259 236/389/228
f 236/394/228 267/416/259 263/377/255 234/380/226
f 268/388/260 241/387/233 243/389/235 271/415/263
f 271/421/263 243/398/235 240/379/232 269/378/261
f 247/386/239 275/385/267 261/388/253 233/387/225
o Cube.030
v 4.612267 4.716366 -4.181565
v 4.612267 4.722487 -4.175445
v 4.606145 4.722487 -4.181565
v 4.612267 4.718159 -4.177237
v 4.608732 4.718953 -4.178031
v 4.607938 4.722487 -4.177237
v 4.607938 4.718159 -4.181565
v 4.612267 5.172886 -4.175445
v 4.612267 5.179007 -4.181565
v 4.606145 5.172886 -4.181565
v 4.612267 5.177214 -4.177237
v 4.608732 5.176420 -4.178031
v 4.607938 5.177214 -4.181565
v 4.607938 5.172886 -4.177237
v 4.612267 4.716366 -4.459533
v 4.606145 4.722487 -4.459533
v 4.612267 4.722487 -4.465653
v 4.607938 4.718159 -4.459533
v 4.608732 4.718953 -4.463067
v 4.607938 4.722487 -4.463861
v 4.612267 4.718159 -4.463861
v 4.612267 5.179007 -4.459533
v 4.612267 5.172886 -4.465653
v 4.606145 5.172886 -4.459533
v 4.612267 5.177214 -4.463861
v 4.608732 5.176420 -4.463067
v 4.607938 5.172886 -4.463861
v 4.607938 5.177214 -4.459533
v 4.890233 4.716366 -4.181565
v 4.896354 4.722487 -4.181565
v 4.890233 4.722487 -4.175445
v 4.894561 4.718159 -4.181565
v 4.893767 4.718953 -4.178031
v 4.894561 4.722487 -4.177237
v 4.890233 4.718159 -4.177237
v 4.890233 5.179007 -4.181565
v 4.890233 5.172886 -4.175445
v 4.896354 5.172886 -4.181565
v 4.890233 5.177214 -4.177237
v 4.893767 5.176420 -4.178031
v 4.894561 5.172886 -4.177237
v 4.894561 5.177214 -4.181565
v 4.890233 4.716366 -4.459533
v 4.890233 4.722487 -4.465653
v 4.896354 4.722487 -4.459533
v 4.890233 4.718159 -4.463861
v 4.893767 4.718953 -4.463067
v 4.894561 4.722487 -4.463861
v 4.894561 4.718159 -4.459533
v 4.890233 5.179007 -4.459533
v 4.896354 5.172886 -4.459533
v 4.890233 5.172886 -4.465653
v 4.894561 5.177214 -4.459533
v 4.893767 5.176420 -4.463067
v 4.894561 5.172886 -4.463861
v 4.890233 5.177214 -4.463861
vn -0.1794 -0.9673 0.1794
vn -0.1794 -0.1794 0.9673
vn -0.9673 -0.1794 0.1794
vn -0.1726 -0.6965 0.6965
vn -0.5773 -0.5773 0.5774
vn -0.6965 -0.1726 0.6965
vn -0.6965 -0.6965 0.1726
vn -0.1794 0.1794 0.9673
vn -0.1794 0.9673 0.1794
vn -0.9673 0.1794 0.1794
vn -0.1726 0.6965 0.6965
vn -0.5773 0.5773 0.5774
vn -0.6965 0.6965 0.1726
vn -0.6965 0.1726 0.6965
vn -0.1794 -0.9673 -0.1794
vn -0.9673 -0.1794 -0.1794
vn -0.1794 -0.1794 -0.9673
vn -0.6965 -0.6965 -0.1726
vn -0.5773 -0.5773 -0.5774
vn -0.6965 -0.1726 -0.6965
vn -0.1726 -0.6965 -0.6965
vn -0.1794 0.9673 -0.1794
vn -0.1794 0.1794 -0.9673
vn -0.9673 0.1794 -0.1794
vn -0.1726 0.6965 -0.6965
vn -0.5773 0.5773 -0.5774
vn -0.6965 0.1726 -0.6965
vn -0.6965 0.6965 -0.1726
vn 0.1794 -0.9673 0.1794
vn 0.9673 -0.1794 0.1794
vn 0.1794 -0.1794 0.9673
vn 0.6965 -0.6965 0.1726
vn 0.5773 -0.5773 0.5774
vn 0.6965 -0.1726 0.6965
vn 0.1726 -0.6965 0.6965
vn 0.1794 0.9673 0.1794
vn 0.1794 0.1794 0.9673
vn 0.9673 0.1794 0.1794
vn 0.1726 0.6965 0.6965
vn 0.5773 0.5773 0.5774
vn 0.6965 0.1726 0.6965
vn 0.6965 0.6965 0.1726
vn 0.1794 -0.9673 -0.1794
vn 0.1794 -0.1794 -0.9673
vn 0.9673 -0.1794 -0.1794
vn 0.1726 -0.6965 -0.6965
vn 0.5773 -0.5773 -0.5774
vn 0.6965 -0.1726 -0.6965
vn 0.6965 -0.6965 -0.1726
vn 0.1794 0.9673 -0.1794
vn 0.9673 0.1794 -0.1794
vn 0.1794 0.1794 -0.9673
vn 0.6965 0.6965 -0.1726
vn 0.5773 0.5773 -0.5774
vn 0.6965 0.1726 -0.6965
vn 0.1726 0.6965 -0.6965
vt 0.638983 0.274801
vt 0.638983 0.725199
vt 0.361017 0.725199
vt 0.361017 0.274801
vt 0.638984 0.274801
vt 0.638984 0.725199
vt 0.361016 0.725199
vt 0.361016 0.274801
vt 0.638983 0.638984
vt 0.361017 0.638984
vt 0.361017 0.361016
vt 0.638983 0.361016
vt 0.361017 0.356688
vt 0.357483 0.357482
vt 0.356688 0.361016
vt 0.356688 0.274801
vt 0.357483 0.271267
vt 0.361017 0.270472
vt 0.361016 0.270472
vt 0.357482 0.271267
vt 0.356688 0.274801
vt 0.361017 0.729528
vt 0.357483 0.728733
vt 0.356688 0.725199
vt 0.356688 0.725199
vt 0.357482 0.728733
vt 0.361016 0.729528
vt 0.356688 0.638984
vt 0.357483 0.642518
vt 0.361017 0.643312
vt 0.643312 0.274801
vt 0.642518 0.271267
vt 0.638984 0.270472
vt 0.638984 0.729528
vt 0.642518 0.728733
vt 0.643312 0.725199
vt 0.643312 0.361016
vt 0.642517 0.357482
vt 0.638983 0.356688
vt 0.638983 0.270472
vt 0.642517 0.271267
vt 0.643312 0.274801
vt 0.643312 0.725199
vt 0.642517 0.728733
vt 0.638983 0.729528
vt 0.638983 0.643312
vt 0.642517 0.642518
vt 0.643312 0.638984
s 1
usemtl Iron_Rusty
f 319/425/311 325/426/317 296/427/288 290/428/282
f 333/429/325 339/430/331 326/431/318 318/432/310
f 338/433/330 310/434/302 297/435/289 324/436/316
f 291/432/283 298/431/290 312/430/304 304/429/296
f 305/428/297 311/427/303 340/426/332 332/425/324
f 289/435/281 292/437/284 293/438/285 295/439/287
f 290/428/282 294/440/286 293/441/285 292/442/284
f 291/432/283 295/443/287 293/444/285 294/445/286
f 296/427/288 299/446/291 300/447/292 302/448/294
f 297/435/289 301/439/293 300/438/292 299/437/291
f 298/431/290 302/449/294 300/450/292 301/451/293
f 303/434/295 306/452/298 307/453/299 309/454/301
f 304/429/296 308/455/300 307/456/299 306/457/298
f 305/428/297 309/442/301 307/441/299 308/440/300
f 310/434/302 313/454/305 314/453/306 316/452/308
f 311/427/303 315/448/307 314/447/306 313/446/305
f 312/430/304 316/458/308 314/459/306 315/460/307
f 317/436/309 320/461/312 321/462/313 323/463/315
f 318/432/310 322/445/314 321/444/313 320/443/312
f 319/425/311 323/464/315 321/465/313 322/466/314
f 324/436/316 327/463/319 328/462/320 330/461/322
f 325/426/317 329/467/321 328/468/320 327/469/319
f 326/431/318 330/451/322 328/450/320 329/449/321
f 331/433/323 334/470/326 335/471/327 337/472/329
f 332/425/324 336/466/328 335/465/327 334/464/326
f 333/429/325 337/457/329 335/456/327 336/455/328
f 338/433/330 341/472/333 342/471/334 344/470/336
f 339/430/331 343/460/335 342/459/334 341/458/333
f 340/426/332 344/469/336 342/468/334 343/467/335
f 303/434/295 289/435/281 295/439/287 306/452/298
f 306/457/298 295/443/287 291/432/283 304/429/296
f 290/428/282 296/427/288 302/448/294 294/440/286
f 294/445/286 302/449/294 298/431/290 291/432/283
f 297/435/289 310/434/302 316/452/308 301/439/293
f 301/451/293 316/458/308 312/430/304 298/431/290
f 311/427/303 305/428/297 308/440/300 315/448/307
f 315/460/307 308/455/300 304/429/296 312/430/304
f 331/433/323 303/434/295 309/454/301 334/470/326
f 334/464/326 309/442/301 305/428/297 332/425/324
f 310/434/302 338/433/330 344/470/336 313/454/305
f 313/446/305 344/469/336 340/426/332 311/427/303
f 339/430/331 333/429/325 336/455/328 343/460/335
f 343/467/335 336/466/328 332/425/324 340/426/332
f 317/436/309 331/433/323 337/472/329 320/461/312
f 320/443/312 337/457/329 333/429/325 318/432/310
f 338/433/330 324/436/316 330/461/322 341/472/333
f 341/458/333 330/451/322 326/431/318 339/430/331
f 325/426/317 319/425/311 322/466/314 329/467/321
f 329/449/321 322/445/314 318/432/310 326/431/318
f 289/435/281 317/436/309 323/463/315 292/437/284
f 292/442/284 323/464/315 319/425/311 290/428/282
f 324/436/316 297/435/289 299/437/291 327/463/319
f 327/469/319 299/446/291 296/427/288 325/426/317
f 303/434/295 331/433/323 317/436/309 289/435/281
o Plane.073
v 4.716495 4.902967 0.000000
v 4.824085 4.902967 0.000000
v 4.822940 4.902967 -0.196858
v 4.716495 4.902967 -0.196858
v 4.716495 7.398171 0.000000
v 4.824085 7.398171 0.012284
v 4.822940 7.398171 -0.209142
v 4.716495 7.398171 -0.196858
v 4.608904 4.902967 0.000000
v 4.610049 4.902967 -0.196858
v 4.608904 7.398171 0.012284
v 4.610049 7.398171 -0.209142
v 4.723175 4.903205 -0.013339
v 4.824655 4.903145 -0.009984
v 4.823516 4.903145 -0.186875
v 4.723175 4.903205 -0.183520
v 4.723175 7.398409 -0.013339
v 4.824655 7.398349 0.002300
v 4.823516 7.398349 -0.199159
v 4.723175 7.398409 -0.183520
v 4.608335 4.903145 -0.009984
v 4.609473 4.903145 -0.186875
v 4.608335 7.398349 0.002300
v 4.609473 7.398349 -0.199159
vn -1.0000 -0.0000 -0.0000
vn -0.0576 -0.0025 -0.9983
vn -0.0570 -0.0025 0.9984
vn 0.0576 -0.0025 -0.9983
vn 0.0570 -0.0025 0.9984
vn 1.0000 -0.0000 -0.0000
vn 0.0942 0.0025 0.9955
vn 0.0932 0.0025 -0.9956
vn -0.0832 0.0025 0.9965
vn -0.0824 0.0025 -0.9966
vn -0.0000 -0.9998 -0.0179
vn -0.0000 -0.9998 0.0179
vn 0.0356 -0.9994 -0.0000
vn -0.0020 0.9998 0.0172
vn -0.0020 0.9998 -0.0172
vn -0.0356 0.9994 -0.0000
vn 0.9983 -0.0003 -0.0576
vn 0.9984 -0.0003 0.0570
vn 0.0020 0.9998 0.0184
vn 0.0021 0.9998 -0.0184
vn -0.9983 -0.0003 -0.0576
vn -0.9984 -0.0003 0.0570
vt 0.605492 -0.837237
vt 0.394508 -0.837237
vt 0.394508 1.837014
vt 0.605492 1.837014
vt 0.612294 -0.837237
vt 0.498210 -0.837237
vt 0.498210 1.837014
vt 0.612294 1.837014
vt 0.613520 -0.837237
vt 0.613520 1.837014
vt 0.384126 -0.837237
vt 0.384126 1.837014
vt 0.382900 1.837014
vt 0.382900 -0.837237
vt 0.591196 -0.836982
vt 0.591196 1.837269
vt 0.408803 1.837269
vt 0.408803 -0.836982
vt 0.612911 -0.837046
vt 0.612911 1.837205
vt 0.505370 1.837269
vt 0.505370 -0.836982
vt 0.505370 -0.836982
vt 0.505370 1.837269
vt 0.614131 1.837205
vt 0.614131 -0.837046
vt 0.383509 -0.837046
vt 0.383509 1.837205
vt 0.382289 -0.837046
vt 0.382289 1.837205
vt 0.613520 0.394508
vt 0.498210 0.394508
vt 0.505370 0.408803
vt 0.614131 0.405208
vt 0.498210 0.605492
vt 0.612294 0.605492
vt 0.612911 0.594793
vt 0.505370 0.591196
vt 0.613520 0.381343
vt 0.614131 0.392042
vt 0.612294 0.618657
vt 0.612911 0.607958
vt 0.618657 1.837014
vt 0.607958 1.837205
vt 0.594793 -0.837046
vt 0.381343 1.837014
vt 0.405208 -0.837046
vt 0.392042 1.837205
vt 0.382900 0.394508
vt 0.382289 0.405208
vt 0.384126 0.605492
vt 0.383509 0.594793
vt 0.382900 0.381343
vt 0.382289 0.392042
vt 0.384126 0.618657
vt 0.383509 0.607958
s 0
usemtl Iron_Rusty
f 348/473/337 345/474/337 349/475/337 352/476/337
f 347/477/338 348/478/338 352/479/338 351/480/338
f 345/478/339 346/481/339 350/482/339 349/479/339
f 354/483/340 356/484/340 352/479/340 348/478/340
f 345/478/341 349/479/341 355/485/341 353/486/341
f 360/487/342 364/488/342 361/489/342 357/490/342
f 359/491/343 363/492/343 364/493/343 360/494/343
f 357/495/344 361/496/344 362/497/344 358/498/344
f 366/499/345 360/494/345 364/493/345 368/500/345
f 357/495/346 365/501/346 367/502/346 361/496/346
f 346/503/347 345/504/347 357/505/347 358/506/347
f 348/507/348 347/508/348 359/509/348 360/510/348
f 345/504/349 348/507/349 360/510/349 357/505/349
f 349/504/350 350/511/350 362/512/350 361/505/350
f 351/513/351 352/507/351 364/510/351 363/514/351
f 352/507/352 349/504/352 361/505/352 364/510/352
f 347/473/353 351/515/353 363/516/353 359/517/353
f 350/518/354 346/474/354 358/519/354 362/520/354
f 345/504/347 353/521/347 365/522/347 357/505/347
f 354/523/348 348/507/348 360/510/348 366/524/348
f 355/525/355 349/504/355 361/505/355 367/526/355
f 352/507/356 356/527/356 368/528/356 364/510/356
f 356/515/357 354/473/357 366/517/357 368/516/357
f 353/474/358 355/518/358 367/520/358 365/519/358
o Plane.074
v 4.847719 7.506331 0.027581
v 4.847719 7.398741 0.027581
v 4.847719 7.399885 -0.169277
v 4.847719 7.506331 -0.169277
v 9.347350 7.506331 0.027581
v 9.347350 7.398741 0.039865
v 9.347350 7.399886 -0.181561
v 9.347350 7.506331 -0.169277
v 4.847719 7.613921 0.027581
v 4.847719 7.612776 -0.169277
v 9.347350 7.613921 0.039865
v 9.347350 7.612777 -0.181561
v 4.848149 7.499650 0.014243
v 4.848041 7.398171 0.017598
v 4.848041 7.399309 -0.159294
v 4.848149 7.499650 -0.155939
v 9.347780 7.499651 0.014243
v 9.347672 7.398171 0.029881
v 9.347672 7.399310 -0.171578
v 9.347780 7.499650 -0.155939
v 4.848041 7.614491 0.017598
v 4.848041 7.613352 -0.159294
v 9.347672 7.614491 0.029881
v 9.347672 7.613353 -0.171578
vn -0.0000 1.0000 -0.0000
vn -0.0014 0.0576 -0.9983
vn -0.0014 0.0570 0.9984
vn -0.0014 -0.0576 -0.9983
vn -0.0014 -0.0570 0.9984
vn -0.0000 -1.0000 -0.0000
vn 0.0014 -0.0942 0.9955
vn 0.0014 -0.0932 -0.9956
vn 0.0014 0.0832 0.9965
vn 0.0014 0.0824 -0.9966
vn -0.9995 -0.0000 -0.0322
vn -0.9995 -0.0000 0.0322
vn -0.9979 -0.0642 -0.0000
vn 0.9995 0.0036 0.0311
vn 0.9995 0.0037 -0.0311
vn 0.9979 0.0642 -0.0000
vn -0.0002 -0.9983 -0.0576
vn -0.0002 -0.9984 0.0570
vn 0.9994 -0.0037 0.0332
vn 0.9994 -0.0037 -0.0332
vn -0.0002 0.9983 -0.0576
vn -0.0002 0.9984 0.0570
vt 0.605492 0.003652
vt 0.394508 0.003652
vt 0.394508 0.996265
vt 0.605492 0.996265
vt 0.612294 0.003652
vt 0.498210 0.003652
vt 0.498210 0.996265
vt 0.612294 0.996265
vt 0.613520 0.003652
vt 0.613520 0.996265
vt 0.384126 0.003652
vt 0.384126 0.996265
vt 0.382900 0.996265
vt 0.382900 0.003652
vt 0.591196 0.003747
vt 0.591196 0.996360
vt 0.408803 0.996360
vt 0.408803 0.003747
vt 0.612911 0.003723
vt 0.612911 0.996336
vt 0.505370 0.996360
vt 0.505370 0.003747
vt 0.505370 0.003747
vt 0.505370 0.996360
vt 0.614131 0.996336
vt 0.614131 0.003723
vt 0.383509 0.003723
vt 0.383509 0.996336
vt 0.382289 0.003723
vt 0.382289 0.996336
vt 0.613520 0.394508
vt 0.498210 0.394508
vt 0.505370 0.408803
vt 0.614131 0.405208
vt 0.498210 0.605492
vt 0.612294 0.605492
vt 0.612911 0.594793
vt 0.505370 0.591196
vt 0.613520 0.381343
vt 0.614131 0.392042
vt 0.612294 0.618657
vt 0.612911 0.607958
vt 0.618657 0.996265
vt 0.607958 0.996336
vt 0.594793 0.003723
vt 0.381343 0.996265
vt 0.405208 0.003723
vt 0.392042 0.996336
vt 0.382900 0.394508
vt 0.382289 0.405208
vt 0.384126 0.605492
vt 0.383509 0.594793
vt 0.382900 0.381343
vt 0.382289 0.392042
vt 0.384126 0.618657
vt 0.383509 0.607958
s 0
usemtl Iron_Rusty
f 372/529/359 369/530/359 373/531/359 376/532/359
f 371/533/360 372/534/360 376/535/360 375/536/360
f 369/534/361 370/537/361 374/538/361 373/535/361
f 378/539/362 380/540/362 376/535/362 372/534/362
f 369/534/363 373/535/363 379/541/363 377/542/363
f 384/543/364 388/544/364 385/545/364 381/546/364
f 383/547/365 387/548/365 388/549/365 384/550/365
f 381/551/366 385/552/366 386/553/366 382/554/366
f 390/555/367 384/550/367 388/549/367 392/556/367
f 381/551/368 389/557/368 391/558/368 385/552/368
f 370/559/369 369/560/369 381/561/369 382/562/369
f 372/563/370 371/564/370 383/565/370 384/566/370
f 369/560/371 372/563/371 384/566/371 381/561/371
f 373/560/372 374/567/372 386/568/372 385/561/372
f 375/569/373 376/563/373 388/566/373 387/570/373
f 376/563/374 373/560/374 385/561/374 388/566/374
f 371/529/375 375/571/375 387/572/375 383/573/375
f 374/574/376 370/530/376 382/575/376 386/576/376
f 369/560/369 377/577/369 389/578/369 381/561/369
f 378/579/370 372/563/370 384/566/370 390/580/370
f 379/581/377 373/560/377 385/561/377 391/582/377
f 376/563/378 380/583/378 392/584/378 388/566/378
f 380/571/379 378/529/379 390/573/379 392/572/379
f 377/530/380 379/574/380 391/576/380 389/575/380
o Plane.075
v 4.716495 4.902967 -4.225684
v 4.824085 4.902967 -4.225684
v 4.822940 4.902967 -4.422542
v 4.716495 4.902967 -4.422542
v 4.716495 7.398171 -4.225684
v 4.824085 7.398171 -4.213400
v 4.822940 7.398171 -4.434826
v 4.716495 7.398171 -4.422542
v 4.608904 4.902967 -4.225684
v 4.610049 4.902967 -4.422542
v 4.608904 7.398171 -4.213400
v 4.610049 7.398171 -4.434826
v 4.723175 4.903205 -4.239022
v 4.824655 4.903145 -4.235667
v 4.823516 4.903145 -4.412559
v 4.723175 4.903205 -4.409204
v 4.723175 7.398409 -4.239022
v 4.824655 7.398349 -4.223383
v 4.823516 7.398349 -4.424843
v 4.723175 7.398409 -4.409204
v 4.608335 4.903145 -4.235667
v 4.609473 4.903145 -4.412559
v 4.608335 7.398349 -4.223383
v 4.609473 7.398349 -4.424843
vn -1.0000 -0.0000 -0.0000
vn -0.0576 -0.0025 -0.9983
vn -0.0570 -0.0025 0.9984
vn 0.0576 -0.0025 -0.9983
vn 0.0570 -0.0025 0.9984
vn 1.0000 -0.0000 -0.0000
vn 0.0942 0.0025 0.9955
vn 0.0932 0.0025 -0.9956
vn -0.0832 0.0025 0.9965
vn -0.0824 0.0025 -0.9966
vn -0.0000 -0.9998 -0.0179
vn -0.0000 -0.9998 0.0179
vn 0.0356 -0.9994 -0.0000
vn -0.0020 0.9998 0.0172
vn -0.0020 0.9998 -0.0172
vn -0.0356 0.9994 -0.0000
vn 0.9983 -0.0003 -0.0576
vn 0.9984 -0.0003 0.0570
vn 0.0020 0.9998 0.0184
vn 0.0021 0.9998 -0.0184
vn -0.9983 -0.0003 -0.0576
vn -0.9984 -0.0003 0.0570
vt 0.605492 -0.837237
vt 0.394508 -0.837237
vt 0.394508 1.837014
vt 0.605492 1.837014
vt 0.612294 -0.837237
vt 0.498210 -0.837237
vt 0.498210 1.837014
vt 0.612294 1.837014
vt 0.613520 -0.837237
vt 0.613520 1.837014
vt 0.384126 -0.837237
vt 0.384126 1.837014
vt 0.382900 1.837014
vt 0.382900 -0.837237
vt 0.591196 -0.836982
vt 0.591196 1.837269
vt 0.408803 1.837269
vt 0.408803 -0.836982
vt 0.612911 -0.837046
vt 0.612911 1.837205
vt 0.505370 1.837269
vt 0.505370 -0.836982
vt 0.505370 -0.836982
vt 0.505370 1.837269
vt 0.614131 1.837205
vt 0.614131 -0.837046
vt 0.383509 -0.837046
vt 0.383509 1.837205
vt 0.382289 -0.837046
vt 0.382289 1.837205
vt 0.613520 0.394508
vt 0.498210 0.394508
vt 0.505370 0.408803
vt 0.614131 0.405208
vt 0.498210 0.605492
vt 0.612294 0.605492
vt 0.612911 0.594793
vt 0.505370 0.591196
vt 0.613520 0.381343
vt 0.614131 0.392042
vt 0.612294 0.618657
vt 0.612911 0.607958
vt 0.618657 1.837014
vt 0.607958 1.837205
vt 0.594793 -0.837046
vt 0.381343 1.837014
vt 0.405208 -0.837046
vt 0.392042 1.837205
vt 0.382900 0.394508
vt 0.382289 0.405208
vt 0.384126 0.605492
vt 0.383509 0.594793
vt 0.382900 0.381343
vt 0.382289 0.392042
vt 0.384126 0.618657
vt 0.383509 0.607958
s 0
usemtl Iron_Rusty
f 396/585/381 393/586/381 397/587/381 400/588/381
f 395/589/382 396/590/382 400/591/382 399/592/382
f 393/590/383 394/593/383 398/594/383 397/591/383
f 402/595/384 404/596/384 400/591/384 396/590/384
f 393/590/385 397/591/385 403/597/385 401/598/385
f 408/599/386 412/600/386 409/601/386 405/602/386
f 407/603/387 411/604/387 412/605/387 408/606/387
f 405/607/388 409/608/388 410/609/388 406/610/388
f 414/611/389 408/606/389 412/605/389 416/612/389
f 405/607/390 413/613/390 415/614/390 409/608/390
f 394/615/391 393/616/391 405/617/391 406/618/391
f 396/619/392 395/620/392 407/621/392 408/622/392
f 393/616/393 396/619/393 408/622/393 405/617/393
f 397/616/394 398/623/394 410/624/394 409/617/394
f 399/625/395 400/619/395 412/622/395 411/626/395
f 400/619/396 397/616/396 409/617/396 412/622/396
f 395/585/397 399/627/397 411/628/397 407/629/397
f 398/630/398 394/586/398 406/631/398 410/632/398
f 393/616/391 401/633/391 413/634/391 405/617/391
f 402/635/392 396/619/392 408/622/392 414/636/392
f 403/637/399 397/616/399 409/617/399 415/638/399
f 400/619/400 404/639/400 416/640/400 412/622/400
f 404/627/401 402/585/401 414/629/401 416/628/401
f 401/586/402 403/630/402 415/632/402 413/631/402
o Plane.076
v 4.847719 7.506331 -4.231132
v 4.847719 7.398741 -4.231132
v 4.847719 7.399885 -4.427990
v 4.847719 7.506331 -4.427990
v 9.347350 7.506331 -4.231132
v 9.347350 7.398741 -4.218848
v 9.347350 7.399886 -4.440274
v 9.347350 7.506331 -4.427990
v 4.847719 7.613921 -4.231132
v 4.847719 7.612776 -4.427990
v 9.347350 7.613921 -4.218848
v 9.347350 7.612777 -4.440274
v 4.848149 7.499650 -4.244471
v 4.848041 7.398171 -4.241116
v 4.848041 7.399309 -4.418007
v 4.848149 7.499650 -4.414652
v 9.347780 7.499651 -4.244471
v 9.347672 7.398171 -4.228832
v 9.347672 7.399310 -4.430291
v 9.347780 7.499650 -4.414652
v 4.848041 7.614491 -4.241116
v 4.848041 7.613352 -4.418007
v 9.347672 7.614491 -4.228832
v 9.347672 7.613353 -4.430291
vn -0.0000 1.0000 -0.0000
vn -0.0014 0.0576 -0.9983
vn -0.0014 0.0570 0.9984
vn -0.0014 -0.0576 -0.9983
vn -0.0014 -0.0570 0.9984
vn -0.0000 -1.0000 -0.0000
vn 0.0014 -0.0942 0.9955
vn 0.0014 -0.0932 -0.9956
vn 0.0014 0.0832 0.9965
vn 0.0014 0.0824 -0.9966
vn -0.9995 -0.0000 -0.0322
vn -0.9995 -0.0000 0.0322
vn -0.9979 -0.0642 -0.0000
vn 0.9995 0.0036 0.0311
vn 0.9995 0.0037 -0.0311
vn 0.9979 0.0642 -0.0000
vn -0.0002 -0.9983 -0.0576
vn -0.0002 -0.9984 0.0570
vn 0.9994 -0.0037 0.0332
vn 0.9994 -0.0037 -0.0332
vn -0.0002 0.9983 -0.0576
vn -0.0002 0.9984 0.0570
vt 0.605492 0.003652
vt 0.394508 0.003652
vt 0.394508 0.996265
vt 0.605492 0.996265
vt 0.612294 0.003652
vt 0.498210 0.003652
vt 0.498210 0.996265
vt 0.612294 0.996265
vt 0.613520 0.003652
vt 0.613520 0.996265
vt 0.384126 0.003652
vt 0.384126 0.996265
vt 0.382900 0.996265
vt 0.382900 0.003652
vt 0.591196 0.003747
vt 0.591196 0.996360
vt 0.408803 0.996360
vt 0.408803 0.003747
vt 0.612911 0.003723
vt 0.612911 0.996336
vt 0.505370 0.996360
vt 0.505370 0.003747
vt 0.505370 0.003747
vt 0.505370 0.996360
vt 0.614131 0.996336
vt 0.614131 0.003723
vt 0.383509 0.003723
vt 0.383509 0.996336
vt 0.382289 0.003723
vt 0.382289 0.996336
vt 0.613520 0.394508
vt 0.498210 0.394508
vt 0.505370 0.408803
vt 0.614131 0.405208
vt 0.498210 0.605492
vt 0.612294 0.605492
vt 0.612911 0.594793
vt 0.505370 0.591196
vt 0.613520 0.381343
vt 0.614131 0.392042
vt 0.612294 0.618657
vt 0.612911 0.607958
vt 0.618657 0.996265
vt 0.607958 0.996336
vt 0.594793 0.003723
vt 0.381343 0.996265
vt 0.405208 0.003723
vt 0.392042 0.996336
vt 0.382900 0.394508
vt 0.382289 0.405208
vt 0.384126 0.605492
vt 0.383509 0.594793
vt 0.382900 0.381343
vt 0.382289 0.392042
vt 0.384126 0.618657
vt 0.383509 0.607958
s 0
usemtl Iron_Rusty
f 420/641/403 417/642/403 421/643/403 424/644/403
f 419/645/404 420/646/404 424/647/404 423/648/404
f 417/646/405 418/649/405 422/650/405 421/647/405
f 426/651/406 428/652/406 424/647/406 420/646/406
f 417/646/407 421/647/407 427/653/407 425/654/407
f 432/655/408 436/656/408 433/657/408 429/658/408
f 431/659/409 435/660/409 436/661/409 432/662/409
f 429/663/410 433/664/410 434/665/410 430/666/410
f 438/667/411 432/662/411 436/661/411 440/668/411
f 429/663/412 437/669/412 439/670/412 433/664/412
f 418/671/413 417/672/413 429/673/413 430/674/413
f 420/675/414 419/676/414 431/677/414 432/678/414
f 417/672/415 420/675/415 432/678/415 429/673/415
f 421/672/416 422/679/416 434/680/416 433/673/416
f 423/681/417 424/675/417 436/678/417 435/682/417
f 424/675/418 421/672/418 433/673/418 436/678/418
f 419/641/419 423/683/419 435/684/419 431/685/419
f 422/686/420 418/642/420 430/687/420 434/688/420
f 417/672/413 425/689/413 437/690/413 429/673/413
f 426/691/414 420/675/414 432/678/414 438/692/414
f 427/693/421 421/672/421 433/673/421 439/694/421
f 424/675/422 428/695/422 440/696/422 436/678/422
f 428/683/423 426/641/423 438/685/423 440/684/423
f 425/642/424 427/686/424 439/688/424 437/687/424
o Plane.077
v 9.557194 4.902967 -0.105859
v 9.557194 4.902967 -0.213449
v 9.360334 4.902967 -0.212305
v 9.360334 4.902967 -0.105859
v 9.557194 7.398171 -0.105859
v 9.569477 7.398171 -0.213449
v 9.348051 7.398171 -0.212305
v 9.360334 7.398171 -0.105859
v 9.557194 4.902967 0.001731
v 9.360334 4.902967 0.000586
v 9.569477 7.398171 0.001731
v 9.348051 7.398171 0.000586
v 9.543855 4.903205 -0.112540
v 9.547210 4.903145 -0.214019
v 9.370317 4.903145 -0.212881
v 9.373673 4.903205 -0.112540
v 9.543855 7.398409 -0.112540
v 9.559494 7.398349 -0.214019
v 9.358034 7.398349 -0.212881
v 9.373673 7.398409 -0.112540
v 9.547210 4.903145 0.002301
v 9.370317 4.903145 0.001162
v 9.559494 7.398349 0.002301
v 9.358034 7.398349 0.001162
vn -0.0000 -0.0000 1.0000
vn -0.9983 -0.0025 0.0576
vn 0.9984 -0.0025 0.0570
vn -0.9983 -0.0025 -0.0576
vn 0.9984 -0.0025 -0.0570
vn -0.0000 -0.0000 -1.0000
vn 0.9955 0.0025 -0.0942
vn -0.9956 0.0025 -0.0932
vn 0.9965 0.0025 0.0832
vn -0.9966 0.0025 0.0824
vn -0.0178 -0.9998 -0.0000
vn 0.0179 -0.9998 -0.0000
vn -0.0000 -0.9994 -0.0356
vn 0.0172 0.9998 0.0020
vn -0.0172 0.9998 0.0020
vn -0.0000 0.9994 0.0357
vn -0.0576 -0.0003 -0.9983
vn 0.0570 -0.0003 -0.9984
vn -0.0179 -0.9998 -0.0000
vn 0.0184 0.9998 -0.0020
vn -0.0184 0.9998 -0.0021
vn -0.0576 -0.0003 0.9983
vn 0.0570 -0.0003 0.9984
vt 0.394508 -0.837237
vt 0.605492 -0.837237
vt 0.605492 1.837014
vt 0.394508 1.837014
vt 0.612294 -0.837237
vt 0.498210 -0.837237
vt 0.498210 1.837014
vt 0.612294 1.837014
vt 0.498210 -0.837237
vt 0.613520 -0.837237
vt 0.613520 1.837014
vt 0.498210 1.837014
vt 0.384126 -0.837237
vt 0.384126 1.837014
vt 0.382900 1.837014
vt 0.382900 -0.837237
vt 0.408804 -0.836982
vt 0.408804 1.837270
vt 0.591197 1.837270
vt 0.591197 -0.836982
vt 0.612911 -0.837046
vt 0.612911 1.837205
vt 0.505370 1.837270
vt 0.505370 -0.836982
vt 0.505370 -0.836982
vt 0.505370 1.837270
vt 0.614131 1.837205
vt 0.614131 -0.837046
vt 0.383509 -0.837046
vt 0.383509 1.837205
vt 0.382289 -0.837046
vt 0.382289 1.837205
vt 0.605492 0.613520
vt 0.605492 0.498210
vt 0.591197 0.505370
vt 0.594792 0.614131
vt 0.394508 0.498210
vt 0.394508 0.612294
vt 0.405207 0.612911
vt 0.408804 0.505370
vt 0.618657 0.613520
vt 0.607958 0.614131
vt 0.381343 0.612294
vt 0.392042 0.612911
vt 0.381343 1.837014
vt 0.392042 1.837205
vt 0.405207 -0.837046
vt 0.618657 1.837014
vt 0.594792 -0.837046
vt 0.607958 1.837205
vt 0.605492 0.382900
vt 0.594792 0.382289
vt 0.394508 0.384126
vt 0.405207 0.383509
vt 0.618657 0.382900
vt 0.607958 0.382289
vt 0.381343 0.384126
vt 0.392042 0.383509
s 0
usemtl Iron_Rusty
f 444/697/425 441/698/425 445/699/425 448/700/425
f 443/701/426 444/702/426 448/703/426 447/704/426
f 441/705/427 442/706/427 446/707/427 445/708/427
f 450/709/428 452/710/428 448/703/428 444/702/428
f 441/705/429 445/708/429 451/711/429 449/712/429
f 456/713/430 460/714/430 457/715/430 453/716/430
f 455/717/431 459/718/431 460/719/431 456/720/431
f 453/721/432 457/722/432 458/723/432 454/724/432
f 462/725/433 456/720/433 460/719/433 464/726/433
f 453/721/434 461/727/434 463/728/434 457/722/434
f 442/729/435 441/730/435 453/731/435 454/732/435
f 444/733/436 443/734/436 455/735/436 456/736/436
f 441/730/437 444/733/437 456/736/437 453/731/437
f 445/730/438 446/737/438 458/738/438 457/731/438
f 447/739/439 448/733/439 460/736/439 459/740/439
f 448/733/440 445/730/440 457/731/440 460/736/440
f 443/697/441 447/741/441 459/742/441 455/743/441
f 446/744/442 442/698/442 454/745/442 458/746/442
f 441/730/443 449/747/443 461/748/443 453/731/443
f 450/749/436 444/733/436 456/736/436 462/750/436
f 451/751/444 445/730/444 457/731/444 463/752/444
f 448/733/445 452/753/445 464/754/445 460/736/445
f 452/741/446 450/697/446 462/743/446 464/742/446
f 449/698/447 451/744/447 463/746/447 461/745/447
o Plane.078
v 9.551745 7.506331 0.056000
v 9.551745 7.398741 0.056000
v 9.354887 7.399886 0.056000
v 9.354887 7.506331 0.056000
v 9.551744 7.506331 -4.443631
v 9.564029 7.398741 -4.443631
v 9.342603 7.399886 -4.443631
v 9.354886 7.506331 -4.443631
v 9.551745 7.613921 0.056000
v 9.354887 7.612776 0.056000
v 9.564029 7.613921 -4.443631
v 9.342603 7.612776 -4.443631
v 9.538406 7.499650 0.055570
v 9.541761 7.398171 0.055678
v 9.364870 7.399310 0.055678
v 9.368225 7.499650 0.055570
v 9.538406 7.499650 -4.444061
v 9.554045 7.398171 -4.443953
v 9.352586 7.399310 -4.443953
v 9.368225 7.499650 -4.444061
v 9.541761 7.614491 0.055678
v 9.364870 7.613352 0.055678
v 9.554045 7.614491 -4.443953
v 9.352586 7.613352 -4.443953
vn -0.0000 1.0000 -0.0000
vn -0.9983 0.0576 0.0014
vn 0.9984 0.0570 0.0014
vn -0.9983 -0.0576 0.0014
vn 0.9984 -0.0570 0.0014
vn -0.0000 -1.0000 -0.0000
vn 0.9955 -0.0942 -0.0014
vn -0.9956 -0.0932 -0.0014
vn 0.9965 0.0832 -0.0014
vn -0.9966 0.0824 -0.0014
vn -0.0322 -0.0000 0.9995
vn 0.0322 -0.0000 0.9995
vn -0.0000 -0.0642 0.9979
vn 0.0311 0.0036 -0.9995
vn -0.0311 0.0037 -0.9995
vn -0.0000 0.0642 -0.9979
vn -0.0576 -0.9983 0.0002
vn 0.0570 -0.9984 0.0002
vn 0.0332 -0.0037 -0.9994
vn -0.0332 -0.0037 -0.9994
vn -0.0576 0.9983 0.0002
vn 0.0570 0.9984 0.0002
vt 0.605492 0.003652
vt 0.394508 0.003652
vt 0.394508 0.996265
vt 0.605492 0.996265
vt 0.612294 0.003652
vt 0.498210 0.003652
vt 0.498210 0.996265
vt 0.612294 0.996265
vt 0.613520 0.003652
vt 0.613520 0.996265
vt 0.384126 0.003652
vt 0.384126 0.996265
vt 0.382900 0.996265
vt 0.382900 0.003652
vt 0.591196 0.003747
vt 0.591196 0.996360
vt 0.408803 0.996360
vt 0.408803 0.003747
vt 0.612911 0.003723
vt 0.612911 0.996336
vt 0.505370 0.996360
vt 0.505370 0.003747
vt 0.505370 0.003747
vt 0.505370 0.996360
vt 0.614131 0.996336
vt 0.614131 0.003723
vt 0.383509 0.003723
vt 0.383509 0.996336
vt 0.382289 0.003723
vt 0.382289 0.996336
vt 0.613520 0.394508
vt 0.498210 0.394508
vt 0.505370 0.408803
vt 0.614131 0.405208
vt 0.498210 0.605492
vt 0.612294 0.605492
vt 0.612911 0.594793
vt 0.505370 0.591196
vt 0.613520 0.381343
vt 0.614131 0.392042
vt 0.612294 0.618657
vt 0.612911 0.607958
vt 0.618657 0.996265
vt 0.607958 0.996336
vt 0.594793 0.003723
vt 0.381343 0.996265
vt 0.405208 0.003723
vt 0.392042 0.996336
vt 0.382900 0.394508
vt 0.382289 0.405208
vt 0.384126 0.605492
vt 0.383509 0.594793
vt 0.382900 0.381343
vt 0.382289 0.392042
vt 0.384126 0.618657
vt 0.383509 0.607958
s 0
usemtl Iron_Rusty
f 468/755/448 465/756/448 469/757/448 472/758/448
f 467/759/449 468/760/449 472/761/449 471/762/449
f 465/760/450 466/763/450 470/764/450 469/761/450
f 474/765/451 476/766/451 472/761/451 468/760/451
f 465/760/452 469/761/452 475/767/452 473/768/452
f 480/769/453 484/770/453 481/771/453 477/772/453
f 479/773/454 483/774/454 484/775/454 480/776/454
f 477/777/455 481/778/455 482/779/455 478/780/455
f 486/781/456 480/776/456 484/775/456 488/782/456
f 477/777/457 485/783/457 487/784/457 481/778/457
f 466/785/458 465/786/458 477/787/458 478/788/458
f 468/789/459 467/790/459 479/791/459 480/792/459
f 465/786/460 468/789/460 480/792/460 477/787/460
f 469/786/461 470/793/461 482/794/461 481/787/461
f 471/795/462 472/789/462 484/792/462 483/796/462
f 472/789/463 469/786/463 481/787/463 484/792/463
f 467/755/464 471/797/464 483/798/464 479/799/464
f 470/800/465 466/756/465 478/801/465 482/802/465
f 465/786/458 473/803/458 485/804/458 477/787/458
f 474/805/459 468/789/459 480/792/459 486/806/459
f 475/807/466 469/786/466 481/787/466 487/808/466
f 472/789/467 476/809/467 488/810/467 484/792/467
f 476/797/468 474/755/468 486/799/468 488/798/468
f 473/756/469 475/800/469 487/802/469 485/801/469
o Plane.079
v 4.820147 7.506331 0.056000
v 4.820147 7.398741 0.056000
v 4.623288 7.399886 0.056000
v 4.623288 7.506331 0.056000
v 4.820147 7.506331 -4.443631
v 4.832430 7.398741 -4.443631
v 4.611004 7.399886 -4.443631
v 4.623288 7.506331 -4.443631
v 4.820147 7.613921 0.056000
v 4.623288 7.612776 0.056000
v 4.832430 7.613921 -4.443631
v 4.611004 7.612776 -4.443631
v 4.806808 7.499651 0.055570
v 4.810163 7.398171 0.055678
v 4.633272 7.399310 0.055678
v 4.636627 7.499650 0.055570
v 4.806808 7.499651 -4.444061
v 4.822447 7.398171 -4.443954
v 4.620987 7.399310 -4.443954
v 4.636627 7.499650 -4.444061
v 4.810163 7.614491 0.055678
v 4.633272 7.613352 0.055678
v 4.822447 7.614491 -4.443954
v 4.620987 7.613352 -4.443954
vn -0.0000 1.0000 -0.0000
vn -0.9983 0.0576 0.0014
vn 0.9984 0.0570 0.0014
vn -0.9983 -0.0576 0.0014
vn 0.9984 -0.0570 0.0014
vn -0.0000 -1.0000 -0.0000
vn 0.9955 -0.0942 -0.0014
vn -0.9956 -0.0932 -0.0014
vn 0.9965 0.0832 -0.0014
vn -0.9966 0.0824 -0.0014
vn -0.0322 -0.0000 0.9995
vn 0.0322 -0.0000 0.9995
vn -0.0000 -0.0642 0.9979
vn 0.0311 0.0036 -0.9995
vn -0.0311 0.0037 -0.9995
vn -0.0000 0.0643 -0.9979
vn -0.0576 -0.9983 0.0002
vn 0.0570 -0.9984 0.0002
vn 0.0332 -0.0037 -0.9994
vn -0.0332 -0.0037 -0.9994
vn -0.0576 0.9983 0.0002
vn 0.0570 0.9984 0.0002
vt 0.394508 -1.911456
vt 0.605492 -1.911456
vt 0.605492 2.911053
vt 0.394508 2.911053
vt -1.911456 0.387706
vt -1.911456 0.501790
vt 2.911053 0.501790
vt 2.911053 0.387706
vt -1.911456 0.386480
vt 2.911053 0.386480
vt -1.911456 0.615873
vt 2.911053 0.615873
vt 2.911053 0.617100
vt -1.911456 0.617100
vt 0.408804 -1.910995
vt 0.408804 2.911514
vt 0.591196 2.911514
vt 0.591197 -1.910995
vt -1.911111 0.387089
vt 2.911399 0.387089
vt 2.911514 0.494630
vt -1.910995 0.494630
vt -1.910995 0.494630
vt 2.911514 0.494630
vt 2.911399 0.385869
vt -1.911111 0.385869
vt -1.911111 0.616491
vt 2.911399 0.616491
vt -1.911111 0.617711
vt 2.911399 0.617711
vt 0.605492 0.386480
vt 0.605492 0.501790
vt 0.591197 0.494630
vt 0.594792 0.385869
vt 0.394508 0.501790
vt 0.394508 0.387706
vt 0.405208 0.387089
vt 0.408804 0.494630
vt 0.605492 0.501790
vt 0.618657 0.386480
vt 0.607957 0.385869
vt 0.591196 0.494630
vt 0.381343 0.387706
vt 0.394508 0.501790
vt 0.408804 0.494630
vt 0.392042 0.387089
vt 0.381343 2.911053
vt 0.392042 2.911399
vt 0.405208 -1.911111
vt 0.618657 2.911053
vt 0.594792 -1.911111
vt 0.607957 2.911399
vt 0.605492 0.617100
vt 0.594792 0.617711
vt 0.394508 0.615873
vt 0.405208 0.616491
vt 0.618657 0.617100
vt 0.607957 0.617711
vt 0.381343 0.615873
vt 0.392042 0.616491
vt 0.394508 -1.911456
vt 0.392042 2.911399
vt 0.618657 2.911053
s 0
usemtl Iron_Rusty
f 492/811/470 489/812/470 493/813/470 496/814/470
f 491/815/471 492/816/471 496/817/471 495/818/471
f 489/816/472 490/819/472 494/820/472 493/817/472
f 498/821/473 500/822/473 496/817/473 492/816/473
f 489/816/474 493/817/474 499/823/474 497/824/474
f 504/825/475 508/826/475 505/827/475 501/828/475
f 503/829/476 507/830/476 508/831/476 504/832/476
f 501/833/477 505/834/477 506/835/477 502/836/477
f 510/837/478 504/832/478 508/831/478 512/838/478
f 501/833/479 509/839/479 511/840/479 505/834/479
f 490/841/480 489/842/480 501/843/480 502/844/480
f 492/845/481 491/846/481 503/847/481 504/848/481
f 489/842/482 492/845/482 504/848/482 501/843/482
f 493/849/483 494/850/483 506/851/483 505/852/483
f 495/853/484 496/854/484 508/855/484 507/856/484
f 496/854/485 493/849/485 505/852/485 508/855/485
f 491/811/486 495/857/486 507/858/486 503/859/486
f 494/860/487 490/812/487 502/861/487 506/862/487
f 489/842/480 497/863/480 509/864/480 501/843/480
f 498/865/481 492/845/481 504/848/481 510/866/481
f 499/867/488 493/849/488 505/852/488 511/868/488
f 496/854/489 500/869/489 512/870/489 508/855/489
f 500/857/490 498/871/490 510/859/490 512/872/490
f 497/812/491 499/873/491 511/862/491 509/861/491
o Plane.080
v 9.451725 4.902967 -4.225684
v 9.559316 4.902967 -4.225684
v 9.558170 4.902967 -4.422542
v 9.451725 4.902967 -4.422542
v 9.451725 7.398171 -4.225684
v 9.559316 7.398171 -4.213400
v 9.558170 7.398171 -4.434826
v 9.451725 7.398171 -4.422542
v 9.344135 4.902967 -4.225684
v 9.345280 4.902967 -4.422542
v 9.344135 7.398171 -4.213400
v 9.345280 7.398171 -4.434826
v 9.458406 4.903205 -4.239022
v 9.559885 4.903145 -4.235667
v 9.558746 4.903145 -4.412559
v 9.458406 4.903205 -4.409204
v 9.458406 7.398409 -4.239022
v 9.559885 7.398349 -4.223383
v 9.558746 7.398349 -4.424843
v 9.458406 7.398409 -4.409204
v 9.343565 4.903145 -4.235667
v 9.344704 4.903145 -4.412559
v 9.343565 7.398349 -4.223383
v 9.344704 7.398349 -4.424843
vn -1.0000 -0.0000 -0.0000
vn -0.0576 -0.0025 -0.9983
vn -0.0570 -0.0025 0.9984
vn 0.0576 -0.0025 -0.9983
vn 0.0570 -0.0025 0.9984
vn 1.0000 -0.0000 -0.0000
vn 0.0942 0.0025 0.9955
vn 0.0932 0.0025 -0.9956
vn -0.0832 0.0025 0.9965
vn -0.0824 0.0025 -0.9966
vn -0.0000 -0.9998 -0.0179
vn -0.0000 -0.9998 0.0179
vn 0.0356 -0.9994 -0.0000
vn -0.0020 0.9998 0.0172
vn -0.0020 0.9998 -0.0172
vn -0.0356 0.9994 -0.0000
vn 0.9983 -0.0003 -0.0576
vn 0.9984 -0.0003 0.0570
vn 0.0020 0.9998 0.0184
vn 0.0021 0.9998 -0.0184
vn -0.9983 -0.0003 -0.0576
vn -0.9984 -0.0003 0.0570
vt 0.605492 -0.837237
vt 0.394508 -0.837237
vt 0.394508 1.837014
vt 0.605492 1.837014
vt 0.612293 -0.837237
vt 0.498210 -0.837237
vt 0.498210 1.837014
vt 0.612293 1.837014
vt 0.613521 -0.837237
vt 0.613521 1.837014
vt 0.384127 -0.837237
vt 0.384127 1.837014
vt 0.382900 1.837014
vt 0.382900 -0.837237
vt 0.591196 -0.836982
vt 0.591196 1.837269
vt 0.408803 1.837269
vt 0.408803 -0.836982
vt 0.612911 -0.837046
vt 0.612911 1.837205
vt 0.505370 1.837269
vt 0.505370 -0.836982
vt 0.614131 1.837205
vt 0.614131 -0.837046
vt 0.383509 -0.837046
vt 0.383509 1.837205
vt 0.382289 -0.837046
vt 0.382289 1.837205
vt 0.613521 0.394508
vt 0.498210 0.394508
vt 0.505370 0.408803
vt 0.614131 0.405208
vt 0.498210 0.605492
vt 0.612293 0.605492
vt 0.612911 0.594793
vt 0.505370 0.591196
vt 0.613521 0.381343
vt 0.614131 0.392042
vt 0.612293 0.618657
vt 0.612911 0.607958
vt 0.618657 1.837014
vt 0.607958 1.837205
vt 0.594793 -0.837046
vt 0.381343 1.837014
vt 0.405208 -0.837046
vt 0.392042 1.837205
vt 0.382900 0.394508
vt 0.382289 0.405208
vt 0.384127 0.605492
vt 0.383509 0.594793
vt 0.382900 0.381343
vt 0.382289 0.392042
vt 0.384127 0.618657
vt 0.383509 0.607958
s 0
usemtl Iron_Rusty
f 516/874/492 513/875/492 517/876/492 520/877/492
f 515/878/493 516/879/493 520/880/493 519/881/493
f 513/879/494 514/882/494 518/883/494 517/880/494
f 522/884/495 524/885/495 520/880/495 516/879/495
f 513/879/496 517/880/496 523/886/496 521/887/496
f 528/888/497 532/889/497 529/890/497 525/891/497
f 527/892/498 531/893/498 532/894/498 528/895/498
f 525/895/499 529/894/499 530/896/499 526/897/499
f 534/898/500 528/895/500 532/894/500 536/899/500
f 525/895/501 533/900/501 535/901/501 529/894/501
f 514/902/502 513/903/502 525/904/502 526/905/502
f 516/906/503 515/907/503 527/908/503 528/909/503
f 513/903/504 516/906/504 528/909/504 525/904/504
f 517/903/505 518/910/505 530/911/505 529/904/505
f 519/912/506 520/906/506 532/909/506 531/913/506
f 520/906/507 517/903/507 529/904/507 532/909/507
f 515/874/508 519/914/508 531/915/508 527/916/508
f 518/917/509 514/875/509 526/918/509 530/919/509
f 513/903/502 521/920/502 533/921/502 525/904/502
f 522/922/503 516/906/503 528/909/503 534/923/503
f 523/924/510 517/903/510 529/904/510 535/925/510
f 520/906/511 524/926/511 536/927/511 532/909/511
f 524/914/512 522/874/512 534/916/512 536/915/512
f 521/875/513 523/917/513 535/919/513 533/918/513
o Cube.035
v 9.321309 7.331374 0.059542
v 9.321309 7.337495 0.065663
v 9.315187 7.337495 0.059542
v 9.321309 7.333167 0.063870
v 9.317775 7.333961 0.063076
v 9.316980 7.337495 0.063870
v 9.316980 7.333167 0.059542
v 9.321309 7.787894 0.065663
v 9.321309 7.794015 0.059542
v 9.315187 7.787894 0.059542
v 9.321309 7.792222 0.063870
v 9.317775 7.791428 0.063076
v 9.316980 7.792222 0.059542
v 9.316980 7.787894 0.063870
v 9.321309 7.331374 -0.218425
v 9.315187 7.337495 -0.218425
v 9.321309 7.337495 -0.224546
v 9.316980 7.333167 -0.218425
v 9.317775 7.333961 -0.221959
v 9.316980 7.337495 -0.222753
v 9.321309 7.333167 -0.222753
v 9.321309 7.794015 -0.218425
v 9.321309 7.787894 -0.224546
v 9.315187 7.787894 -0.218425
v 9.321309 7.792222 -0.222753
v 9.317775 7.791428 -0.221959
v 9.316980 7.787894 -0.222753
v 9.316980 7.792222 -0.218425
v 9.599275 7.331374 0.059542
v 9.605396 7.337495 0.059542
v 9.599275 7.337495 0.065663
v 9.603603 7.333167 0.059542
v 9.602810 7.333961 0.063076
v 9.603603 7.337495 0.063870
v 9.599275 7.333167 0.063870
v 9.599275 7.794015 0.059542
v 9.599275 7.787894 0.065663
v 9.605396 7.787894 0.059542
v 9.599275 7.792222 0.063870
v 9.602810 7.791428 0.063076
v 9.603603 7.787894 0.063870
v 9.603603 7.792222 0.059542
v 9.599275 7.331374 -0.218425
v 9.599275 7.337495 -0.224546
v 9.605396 7.337495 -0.218425
v 9.599275 7.333167 -0.222753
v 9.602810 7.333961 -0.221959
v 9.603603 7.337495 -0.222753
v 9.603603 7.333167 -0.218425
v 9.599275 7.794015 -0.218425
v 9.605396 7.787894 -0.218425
v 9.599275 7.787894 -0.224546
v 9.603603 7.792222 -0.218425
v 9.602810 7.791428 -0.221959
v 9.603603 7.787894 -0.222753
v 9.599275 7.792222 -0.222753
vn -0.1794 -0.9673 0.1794
vn -0.1794 -0.1794 0.9673
vn -0.9673 -0.1794 0.1794
vn -0.1726 -0.6965 0.6965
vn -0.5773 -0.5773 0.5774
vn -0.6965 -0.1726 0.6965
vn -0.6965 -0.6965 0.1726
vn -0.1794 0.1794 0.9673
vn -0.1794 0.9673 0.1794
vn -0.9673 0.1794 0.1794
vn -0.1726 0.6965 0.6965
vn -0.5773 0.5773 0.5774
vn -0.6965 0.6965 0.1726
vn -0.6965 0.1726 0.6965
vn -0.1794 -0.9673 -0.1794
vn -0.9673 -0.1794 -0.1794
vn -0.1794 -0.1794 -0.9673
vn -0.6965 -0.6965 -0.1726
vn -0.5773 -0.5773 -0.5774
vn -0.6965 -0.1726 -0.6965
vn -0.1726 -0.6965 -0.6965
vn -0.1794 0.9673 -0.1794
vn -0.1794 0.1794 -0.9673
vn -0.9673 0.1794 -0.1794
vn -0.1726 0.6965 -0.6965
vn -0.5773 0.5773 -0.5774
vn -0.6965 0.1726 -0.6965
vn -0.6965 0.6965 -0.1726
vn 0.1794 -0.9673 0.1794
vn 0.9673 -0.1794 0.1794
vn 0.1794 -0.1794 0.9673
vn 0.6965 -0.6965 0.1726
vn 0.5773 -0.5773 0.5774
vn 0.6965 -0.1726 0.6965
vn 0.1726 -0.6965 0.6965
vn 0.1794 0.9673 0.1794
vn 0.1794 0.1794 0.9673
vn 0.9673 0.1794 0.1794
vn 0.1726 0.6965 0.6965
vn 0.5773 0.5773 0.5774
vn 0.6965 0.1726 0.6965
vn 0.6965 0.6965 0.1726
vn 0.1794 -0.9673 -0.1794
vn 0.1794 -0.1794 -0.9673
vn 0.9673 -0.1794 -0.1794
vn 0.1726 -0.6965 -0.6965
vn 0.5773 -0.5773 -0.5774
vn 0.6965 -0.1726 -0.6965
vn 0.6965 -0.6965 -0.1726
vn 0.1794 0.9673 -0.1794
vn 0.9673 0.1794 -0.1794
vn 0.1794 0.1794 -0.9673
vn 0.6965 0.6965 -0.1726
vn 0.5773 0.5773 -0.5774
vn 0.6965 0.1726 -0.6965
vn 0.1726 0.6965 -0.6965
vt 0.638983 0.274801
vt 0.638983 0.725199
vt 0.361017 0.725199
vt 0.361017 0.274801
vt 0.638984 0.274801
vt 0.638984 0.725199
vt 0.361016 0.725199
vt 0.361016 0.274801
vt 0.638983 0.638984
vt 0.361017 0.638984
vt 0.361017 0.361016
vt 0.638983 0.361016
vt 0.361017 0.356688
vt 0.357483 0.357482
vt 0.356688 0.361016
vt 0.356688 0.274801
vt 0.357483 0.271267
vt 0.361017 0.270472
vt 0.361016 0.270472
vt 0.357482 0.271267
vt 0.356688 0.274801
vt 0.361017 0.729528
vt 0.357483 0.728733
vt 0.356688 0.725199
vt 0.356688 0.725199
vt 0.357482 0.728733
vt 0.361016 0.729528
vt 0.356688 0.638984
vt 0.357483 0.642518
vt 0.361017 0.643312
vt 0.643312 0.274801
vt 0.642518 0.271267
vt 0.638984 0.270472
vt 0.638984 0.729528
vt 0.642518 0.728733
vt 0.643312 0.725199
vt 0.643312 0.361016
vt 0.642517 0.357482
vt 0.638983 0.356688
vt 0.638983 0.270472
vt 0.642517 0.271267
vt 0.643312 0.274801
vt 0.643312 0.725199
vt 0.642517 0.728733
vt 0.638983 0.729528
vt 0.638983 0.643312
vt 0.642517 0.642518
vt 0.643312 0.638984
s 1
usemtl Iron_Rusty
f 567/928/544 573/929/550 544/930/521 538/931/515
f 581/932/558 587/933/564 574/934/551 566/935/543
f 586/936/563 558/937/535 545/938/522 572/939/549
f 539/935/516 546/934/523 560/933/537 552/932/529
f 553/931/530 559/930/536 588/929/565 580/928/557
f 537/938/514 540/940/517 541/941/518 543/942/520
f 538/931/515 542/943/519 541/944/518 540/945/517
f 539/935/516 543/946/520 541/947/518 542/948/519
f 544/930/521 547/949/524 548/950/525 550/951/527
f 545/938/522 549/942/526 548/941/525 547/940/524
f 546/934/523 550/952/527 548/953/525 549/954/526
f 551/937/528 554/955/531 555/956/532 557/957/534
f 552/932/529 556/958/533 555/959/532 554/960/531
f 553/931/530 557/945/534 555/944/532 556/943/533
f 558/937/535 561/957/538 562/956/539 564/955/541
f 559/930/536 563/951/540 562/950/539 561/949/538
f 560/933/537 564/961/541 562/962/539 563/963/540
f 565/939/542 568/964/545 569/965/546 571/966/548
f 566/935/543 570/948/547 569/947/546 568/946/545
f 567/928/544 571/967/548 569/968/546 570/969/547
f 572/939/549 575/966/552 576/965/553 578/964/555
f 573/929/550 577/970/554 576/971/553 575/972/552
f 574/934/551 578/954/555 576/953/553 577/952/554
f 579/936/556 582/973/559 583/974/560 585/975/562
f 580/928/557 584/969/561 583/968/560 582/967/559
f 581/932/558 585/960/562 583/959/560 584/958/561
f 586/936/563 589/975/566 590/974/567 592/973/569
f 587/933/564 591/963/568 590/962/567 589/961/566
f 588/929/565 592/972/569 590/971/567 591/970/568
f 551/937/528 537/938/514 543/942/520 554/955/531
f 554/960/531 543/946/520 539/935/516 552/932/529
f 538/931/515 544/930/521 550/951/527 542/943/519
f 542/948/519 550/952/527 546/934/523 539/935/516
f 545/938/522 558/937/535 564/955/541 549/942/526
f 549/954/526 564/961/541 560/933/537 546/934/523
f 559/930/536 553/931/530 556/943/533 563/951/540
f 563/963/540 556/958/533 552/932/529 560/933/537
f 579/936/556 551/937/528 557/957/534 582/973/559
f 582/967/559 557/945/534 553/931/530 580/928/557
f 558/937/535 586/936/563 592/973/569 561/957/538
f 561/949/538 592/972/569 588/929/565 559/930/536
f 587/933/564 581/932/558 584/958/561 591/963/568
f 591/970/568 584/969/561 580/928/557 588/929/565
f 565/939/542 579/936/556 585/975/562 568/964/545
f 568/946/545 585/960/562 581/932/558 566/935/543
f 586/936/563 572/939/549 578/964/555 589/975/566
f 589/961/566 578/954/555 574/934/551 587/933/564
f 573/929/550 567/928/544 570/969/547 577/970/554
f 577/952/554 570/948/547 566/935/543 574/934/551
f 537/938/514 565/939/542 571/966/548 540/940/517
f 540/945/517 571/967/548 567/928/544 538/931/515
f 572/939/549 545/938/522 547/940/524 575/966/552
f 575/972/552 547/949/524 544/930/521 573/929/550
f 551/937/528 579/936/556 565/939/542 537/938/514
o Cube.036
v 4.599362 7.331374 0.059542
v 4.599362 7.337495 0.065663
v 4.593241 7.337495 0.059542
v 4.599362 7.333167 0.063870
v 4.595828 7.333961 0.063076
v 4.595034 7.337495 0.063870
v 4.595034 7.333167 0.059542
v 4.599362 7.787894 0.065663
v 4.599362 7.794015 0.059542
v 4.593241 7.787894 0.059542
v 4.599362 7.792222 0.063870
v 4.595828 7.791428 0.063076
v 4.595034 7.792222 0.059542
v 4.595034 7.787894 0.063870
v 4.599362 7.331374 -0.218425
v 4.593241 7.337495 -0.218425
v 4.599362 7.337495 -0.224546
v 4.595034 7.333167 -0.218425
v 4.595828 7.333961 -0.221959
v 4.595034 7.337495 -0.222753
v 4.599362 7.333167 -0.222753
v 4.599362 7.794015 -0.218425
v 4.599362 7.787894 -0.224546
v 4.593241 7.787894 -0.218425
v 4.599362 7.792222 -0.222753
v 4.595828 7.791428 -0.221959
v 4.595034 7.787894 -0.222753
v 4.595034 7.792222 -0.218425
v 4.877328 7.331374 0.059542
v 4.883450 7.337495 0.059542
v 4.877328 7.337495 0.065663
v 4.881657 7.333167 0.059542
v 4.880863 7.333961 0.063076
v 4.881657 7.337495 0.063870
v 4.877328 7.333167 0.063870
v 4.877328 7.794015 0.059542
v 4.877328 7.787894 0.065663
v 4.883450 7.787894 0.059542
v 4.877328 7.792222 0.063870
v 4.880863 7.791428 0.063076
v 4.881657 7.787894 0.063870
v 4.881657 7.792222 0.059542
v 4.877328 7.331374 -0.218425
v 4.877328 7.337495 -0.224546
v 4.883450 7.337495 -0.218425
v 4.877328 7.333167 -0.222753
v 4.880863 7.333961 -0.221959
v 4.881657 7.337495 -0.222753
v 4.881657 7.333167 -0.218425
v 4.877328 7.794015 -0.218425
v 4.883450 7.787894 -0.218425
v 4.877328 7.787894 -0.224546
v 4.881657 7.792222 -0.218425
v 4.880863 7.791428 -0.221959
v 4.881657 7.787894 -0.222753
v 4.877328 7.792222 -0.222753
vn -0.1794 -0.9673 0.1794
vn -0.1794 -0.1794 0.9673
vn -0.9673 -0.1794 0.1794
vn -0.1726 -0.6965 0.6965
vn -0.5773 -0.5773 0.5774
vn -0.6965 -0.1726 0.6965
vn -0.6965 -0.6965 0.1726
vn -0.1794 0.1794 0.9673
vn -0.1794 0.9673 0.1794
vn -0.9673 0.1794 0.1794
vn -0.1726 0.6965 0.6965
vn -0.5773 0.5773 0.5774
vn -0.6965 0.6965 0.1726
vn -0.6965 0.1726 0.6965
vn -0.1794 -0.9673 -0.1794
vn -0.9673 -0.1794 -0.1794
vn -0.1794 -0.1794 -0.9673
vn -0.6965 -0.6965 -0.1726
vn -0.5773 -0.5773 -0.5774
vn -0.6965 -0.1726 -0.6965
vn -0.1726 -0.6965 -0.6965
vn -0.1794 0.9673 -0.1794
vn -0.1794 0.1794 -0.9673
vn -0.9673 0.1794 -0.1794
vn -0.1726 0.6965 -0.6965
vn -0.5773 0.5773 -0.5774
vn -0.6965 0.1726 -0.6965
vn -0.6965 0.6965 -0.1726
vn 0.1794 -0.9673 0.1794
vn 0.9673 -0.1794 0.1794
vn 0.1794 -0.1794 0.9673
vn 0.6965 -0.6965 0.1726
vn 0.5773 -0.5773 0.5774
vn 0.6965 -0.1726 0.6965
vn 0.1726 -0.6965 0.6965
vn 0.1794 0.9673 0.1794
vn 0.1794 0.1794 0.9673
vn 0.9673 0.1794 0.1794
vn 0.1726 0.6965 0.6965
vn 0.5773 0.5773 0.5774
vn 0.6965 0.1726 0.6965
vn 0.6965 0.6965 0.1726
vn 0.1794 -0.9673 -0.1794
vn 0.1794 -0.1794 -0.9673
vn 0.9673 -0.1794 -0.1794
vn 0.1726 -0.6965 -0.6965
vn 0.5773 -0.5773 -0.5774
vn 0.6965 -0.1726 -0.6965
vn 0.6965 -0.6965 -0.1726
vn 0.1794 0.9673 -0.1794
vn 0.9673 0.1794 -0.1794
vn 0.1794 0.1794 -0.9673
vn 0.6965 0.6965 -0.1726
vn 0.5773 0.5773 -0.5774
vn 0.6965 0.1726 -0.6965
vn 0.1726 0.6965 -0.6965
vt 0.638983 0.274801
vt 0.638983 0.725199
vt 0.361017 0.725199
vt 0.361017 0.274801
vt 0.638984 0.274801
vt 0.638984 0.725199
vt 0.361016 0.725199
vt 0.361016 0.274801
vt 0.638983 0.638984
vt 0.361017 0.638984
vt 0.361017 0.361016
vt 0.638983 0.361016
vt 0.361017 0.356688
vt 0.357483 0.357482
vt 0.356688 0.361016
vt 0.356688 0.274801
vt 0.357483 0.271267
vt 0.361017 0.270472
vt 0.361016 0.270472
vt 0.357482 0.271267
vt 0.356688 0.274801
vt 0.361017 0.729528
vt 0.357483 0.728733
vt 0.356688 0.725199
vt 0.356688 0.725199
vt 0.357482 0.728733
vt 0.361016 0.729528
vt 0.356688 0.638984
vt 0.357483 0.642518
vt 0.361017 0.643312
vt 0.643312 0.274801
vt 0.642518 0.271267
vt 0.638984 0.270472
vt 0.638984 0.729528
vt 0.642518 0.728733
vt 0.643312 0.725199
vt 0.643312 0.361016
vt 0.642517 0.357482
vt 0.638983 0.356688
vt 0.638983 0.270472
vt 0.642517 0.271267
vt 0.643312 0.274801
vt 0.643312 0.725199
vt 0.642517 0.728733
vt 0.638983 0.729528
vt 0.638983 0.643312
vt 0.642517 0.642518
vt 0.643312 0.638984
s 1
usemtl Iron_Rusty
f 623/976/600 629/977/606 600/978/577 594/979/571
f 637/980/614 643/981/620 630/982/607 622/983/599
f 642/984/619 614/985/591 601/986/578 628/987/605
f 595/983/572 602/982/579 616/981/593 608/980/585
f 609/979/586 615/978/592 644/977/621 636/976/613
f 593/986/570 596/988/573 597/989/574 599/990/576
f 594/979/571 598/991/575 597/992/574 596/993/573
f 595/983/572 599/994/576 597/995/574 598/996/575
f 600/978/577 603/997/580 604/998/581 606/999/583
f 601/986/578 605/990/582 604/989/581 603/988/580
f 602/982/579 606/1000/583 604/1001/581 605/1002/582
f 607/985/584 610/1003/587 611/1004/588 613/1005/590
f 608/980/585 612/1006/589 611/1007/588 610/1008/587
f 609/979/586 613/993/590 611/992/588 612/991/589
f 614/985/591 617/1005/594 618/1004/595 620/1003/597
f 615/978/592 619/999/596 618/998/595 617/997/594
f 616/981/593 620/1009/597 618/1010/595 619/1011/596
f 621/987/598 624/1012/601 625/1013/602 627/1014/604
f 622/983/599 626/996/603 625/995/602 624/994/601
f 623/976/600 627/1015/604 625/1016/602 626/1017/603
f 628/987/605 631/1014/608 632/1013/609 634/1012/611
f 629/977/606 633/1018/610 632/1019/609 631/1020/608
f 630/982/607 634/1002/611 632/1001/609 633/1000/610
f 635/984/612 638/1021/615 639/1022/616 641/1023/618
f 636/976/613 640/1017/617 639/1016/616 638/1015/615
f 637/980/614 641/1008/618 639/1007/616 640/1006/617
f 642/984/619 645/1023/622 646/1022/623 648/1021/625
f 643/981/620 647/1011/624 646/1010/623 645/1009/622
f 644/977/621 648/1020/625 646/1019/623 647/1018/624
f 607/985/584 593/986/570 599/990/576 610/1003/587
f 610/1008/587 599/994/576 595/983/572 608/980/585
f 594/979/571 600/978/577 606/999/583 598/991/575
f 598/996/575 606/1000/583 602/982/579 595/983/572
f 601/986/578 614/985/591 620/1003/597 605/990/582
f 605/1002/582 620/1009/597 616/981/593 602/982/579
f 615/978/592 609/979/586 612/991/589 619/999/596
f 619/1011/596 612/1006/589 608/980/585 616/981/593
f 635/984/612 607/985/584 613/1005/590 638/1021/615
f 638/1015/615 613/993/590 609/979/586 636/976/613
f 614/985/591 642/984/619 648/1021/625 617/1005/594
f 617/997/594 648/1020/625 644/977/621 615/978/592
f 643/981/620 637/980/614 640/1006/617 647/1011/624
f 647/1018/624 640/1017/617 636/976/613 644/977/621
f 621/987/598 635/984/612 641/1023/618 624/1012/601
f 624/994/601 641/1008/618 637/980/614 622/983/599
f 642/984/619 628/987/605 634/1012/611 645/1023/622
f 645/1009/622 634/1002/611 630/982/607 643/981/620
f 629/977/606 623/976/600 626/1017/603 633/1018/610
f 633/1000/610 626/996/603 622/983/599 630/982/607
f 593/986/570 621/987/598 627/1014/604 596/988/573
f 596/993/573 627/1015/604 623/976/600 594/979/571
f 628/987/605 601/986/578 603/988/580 631/1014/608
f 631/1020/608 603/997/580 600/978/577 629/977/606
f 607/985/584 635/984/612 621/987/598 593/986/570
o Cube.037
v 9.321309 7.331374 -4.181565
v 9.321309 7.337495 -4.175445
v 9.315187 7.337495 -4.181565
v 9.321309 7.333167 -4.177237
v 9.317775 7.333961 -4.178031
v 9.316980 7.337495 -4.177237
v 9.316980 7.333167 -4.181565
v 9.321309 7.787894 -4.175445
v 9.321309 7.794015 -4.181565
v 9.315187 7.787894 -4.181565
v 9.321309 7.792222 -4.177237
v 9.317775 7.791428 -4.178031
v 9.316980 7.792222 -4.181565
v 9.316980 7.787894 -4.177237
v 9.321309 7.331374 -4.459533
v 9.315187 7.337495 -4.459533
v 9.321309 7.337495 -4.465653
v 9.316980 7.333167 -4.459533
v 9.317775 7.333961 -4.463067
v 9.316980 7.337495 -4.463861
v 9.321309 7.333167 -4.463861
v 9.321309 7.794015 -4.459533
v 9.321309 7.787894 -4.465653
v 9.315187 7.787894 -4.459533
v 9.321309 7.792222 -4.463861
v 9.317775 7.791428 -4.463067
v 9.316980 7.787894 -4.463861
v 9.316980 7.792222 -4.459533
v 9.599275 7.331374 -4.181565
v 9.605396 7.337495 -4.181565
v 9.599275 7.337495 -4.175445
v 9.603603 7.333167 -4.181565
v 9.602810 7.333961 -4.178031
v 9.603603 7.337495 -4.177237
v 9.599275 7.333167 -4.177237
v 9.599275 7.794015 -4.181565
v 9.599275 7.787894 -4.175445
v 9.605396 7.787894 -4.181565
v 9.599275 7.792222 -4.177237
v 9.602810 7.791428 -4.178031
v 9.603603 7.787894 -4.177237
v 9.603603 7.792222 -4.181565
v 9.599275 7.331374 -4.459533
v 9.599275 7.337495 -4.465653
v 9.605396 7.337495 -4.459533
v 9.599275 7.333167 -4.463861
v 9.602810 7.333961 -4.463067
v 9.603603 7.337495 -4.463861
v 9.603603 7.333167 -4.459533
v 9.599275 7.794015 -4.459533
v 9.605396 7.787894 -4.459533
v 9.599275 7.787894 -4.465653
v 9.603603 7.792222 -4.459533
v 9.602810 7.791428 -4.463067
v 9.603603 7.787894 -4.463861
v 9.599275 7.792222 -4.463861
vn -0.1794 -0.9673 0.1794
vn -0.1794 -0.1794 0.9673
vn -0.9673 -0.1794 0.1794
vn -0.1726 -0.6965 0.6965
vn -0.5773 -0.5773 0.5774
vn -0.6965 -0.1726 0.6965
vn -0.6965 -0.6965 0.1726
vn -0.1794 0.1794 0.9673
vn -0.1794 0.9673 0.1794
vn -0.9673 0.1794 0.1794
vn -0.1726 0.6965 0.6965
vn -0.5773 0.5773 0.5774
vn -0.6965 0.6965 0.1726
vn -0.6965 0.1726 0.6965
vn -0.1794 -0.9673 -0.1794
vn -0.9673 -0.1794 -0.1794
vn -0.1794 -0.1794 -0.9673
vn -0.6965 -0.6965 -0.1726
vn -0.5773 -0.5773 -0.5774
vn -0.6965 -0.1726 -0.6965
vn -0.1726 -0.6965 -0.6965
vn -0.1794 0.9673 -0.1794
vn -0.1794 0.1794 -0.9673
vn -0.9673 0.1794 -0.1794
vn -0.1726 0.6965 -0.6965
vn -0.5773 0.5773 -0.5774
vn -0.6965 0.1726 -0.6965
vn -0.6965 0.6965 -0.1726
vn 0.1794 -0.9673 0.1794
vn 0.9673 -0.1794 0.1794
vn 0.1794 -0.1794 0.9673
vn 0.6965 -0.6965 0.1726
vn 0.5773 -0.5773 0.5774
vn 0.6965 -0.1726 0.6965
vn 0.1726 -0.6965 0.6965
vn 0.1794 0.9673 0.1794
vn 0.1794 0.1794 0.9673
vn 0.9673 0.1794 0.1794
vn 0.1726 0.6965 0.6965
vn 0.5773 0.5773 0.5774
vn 0.6965 0.1726 0.6965
vn 0.6965 0.6965 0.1726
vn 0.1794 -0.9673 -0.1794
vn 0.1794 -0.1794 -0.9673
vn 0.9673 -0.1794 -0.1794
vn 0.1726 -0.6965 -0.6965
vn 0.5773 -0.5773 -0.5774
vn 0.6965 -0.1726 -0.6965
vn 0.6965 -0.6965 -0.1726
vn 0.1794 0.9673 -0.1794
vn 0.9673 0.1794 -0.1794
vn 0.1794 0.1794 -0.9673
vn 0.6965 0.6965 -0.1726
vn 0.5773 0.5773 -0.5774
vn 0.6965 0.1726 -0.6965
vn 0.1726 0.6965 -0.6965
vt 0.638983 0.274801
vt 0.638983 0.725199
vt 0.361017 0.725199
vt 0.361017 0.274801
vt 0.638984 0.274801
vt 0.638984 0.725199
vt 0.361016 0.725199
vt 0.361016 0.274801
vt 0.638983 0.638984
vt 0.361017 0.638984
vt 0.361017 0.361016
vt 0.638983 0.361016
vt 0.361017 0.356688
vt 0.357483 0.357482
vt 0.356688 0.361016
vt 0.356688 0.274801
vt 0.357483 0.271267
vt 0.361017 0.270472
vt 0.361016 0.270472
vt 0.357482 0.271267
vt 0.356688 0.274801
vt 0.361017 0.729528
vt 0.357483 0.728733
vt 0.356688 0.725199
vt 0.356688 0.725199
vt 0.357482 0.728733
vt 0.361016 0.729528
vt 0.356688 0.638984
vt 0.357483 0.642518
vt 0.361017 0.643312
vt 0.643312 0.274801
vt 0.642518 0.271267
vt 0.638984 0.270472
vt 0.638984 0.729528
vt 0.642518 0.728733
vt 0.643312 0.725199
vt 0.643312 0.361016
vt 0.642517 0.357482
vt 0.638983 0.356688
vt 0.638983 0.270472
vt 0.642517 0.271267
vt 0.643312 0.274801
vt 0.643312 0.725199
vt 0.642517 0.728733
vt 0.638983 0.729528
vt 0.638983 0.643312
vt 0.642517 0.642518
vt 0.643312 0.638984
s 1
usemtl Iron_Rusty
f 679/1024/656 685/1025/662 656/1026/633 650/1027/627
f 693/1028/670 699/1029/676 686/1030/663 678/1031/655
f 698/1032/675 670/1033/647 657/1034/634 684/1035/661
f 651/1031/628 658/1030/635 672/1029/649 664/1028/641
f 665/1027/642 671/1026/648 700/1025/677 692/1024/669
f 649/1034/626 652/1036/629 653/1037/630 655/1038/632
f 650/1027/627 654/1039/631 653/1040/630 652/1041/629
f 651/1031/628 655/1042/632 653/1043/630 654/1044/631
f 656/1026/633 659/1045/636 660/1046/637 662/1047/639
f 657/1034/634 661/1038/638 660/1037/637 659/1036/636
f 658/1030/635 662/1048/639 660/1049/637 661/1050/638
f 663/1033/640 666/1051/643 667/1052/644 669/1053/646
f 664/1028/641 668/1054/645 667/1055/644 666/1056/643
f 665/1027/642 669/1041/646 667/1040/644 668/1039/645
f 670/1033/647 673/1053/650 674/1052/651 676/1051/653
f 671/1026/648 675/1047/652 674/1046/651 673/1045/650
f 672/1029/649 676/1057/653 674/1058/651 675/1059/652
f 677/1035/654 680/1060/657 681/1061/658 683/1062/660
f 678/1031/655 682/1044/659 681/1043/658 680/1042/657
f 679/1024/656 683/1063/660 681/1064/658 682/1065/659
f 684/1035/661 687/1062/664 688/1061/665 690/1060/667
f 685/1025/662 689/1066/666 688/1067/665 687/1068/664
f 686/1030/663 690/1050/667 688/1049/665 689/1048/666
f 691/1032/668 694/1069/671 695/1070/672 697/1071/674
f 692/1024/669 696/1065/673 695/1064/672 694/1063/671
f 693/1028/670 697/1056/674 695/1055/672 696/1054/673
f 698/1032/675 701/1071/678 702/1070/679 704/1069/681
f 699/1029/676 703/1059/680 702/1058/679 701/1057/678
f 700/1025/677 704/1068/681 702/1067/679 703/1066/680
f 663/1033/640 649/1034/626 655/1038/632 666/1051/643
f 666/1056/643 655/1042/632 651/1031/628 664/1028/641
f 650/1027/627 656/1026/633 662/1047/639 654/1039/631
f 654/1044/631 662/1048/639 658/1030/635 651/1031/628
f 657/1034/634 670/1033/647 676/1051/653 661/1038/638
f 661/1050/638 676/1057/653 672/1029/649 658/1030/635
f 671/1026/648 665/1027/642 668/1039/645 675/1047/652
f 675/1059/652 668/1054/645 664/1028/641 672/1029/649
f 691/1032/668 663/1033/640 669/1053/646 694/1069/671
f 694/1063/671 669/1041/646 665/1027/642 692/1024/669
f 670/1033/647 698/1032/675 704/1069/681 673/1053/650
f 673/1045/650 704/1068/681 700/1025/677 671/1026/648
f 699/1029/676 693/1028/670 696/1054/673 703/1059/680
f 703/1066/680 696/1065/673 692/1024/669 700/1025/677
f 677/1035/654 691/1032/668 697/1071/674 680/1060/657
f 680/1042/657 697/1056/674 693/1028/670 678/1031/655
f 698/1032/675 684/1035/661 690/1060/667 701/1071/678
f 701/1057/678 690/1050/667 686/1030/663 699/1029/676
f 685/1025/662 679/1024/656 682/1065/659 689/1066/666
f 689/1048/666 682/1044/659 678/1031/655 686/1030/663
f 649/1034/626 677/1035/654 683/1062/660 652/1036/629
f 652/1041/629 683/1063/660 679/1024/656 650/1027/627
f 684/1035/661 657/1034/634 659/1036/636 687/1062/664
f 687/1068/664 659/1045/636 656/1026/633 685/1025/662
f 663/1033/640 691/1032/668 677/1035/654 649/1034/626
o Cube.038
v 4.599362 7.331374 -4.181565
v 4.599362 7.337495 -4.175445
v 4.593241 7.337495 -4.181565
v 4.599362 7.333167 -4.177237
v 4.595828 7.333961 -4.178031
v 4.595034 7.337495 -4.177237
v 4.595034 7.333167 -4.181565
v 4.599362 7.787894 -4.175445
v 4.599362 7.794015 -4.181565
v 4.593241 7.787894 -4.181565
v 4.599362 7.792222 -4.177237
v 4.595828 7.791428 -4.178031
v 4.595034 7.792222 -4.181565
v 4.595034 7.787894 -4.177237
v 4.599362 7.331374 -4.459533
v 4.593241 7.337495 -4.459533
v 4.599362 7.337495 -4.465653
v 4.595034 7.333167 -4.459533
v 4.595828 7.333961 -4.463067
v 4.595034 7.337495 -4.463861
v 4.599362 7.333167 -4.463861
v 4.599362 7.794015 -4.459533
v 4.599362 7.787894 -4.465653
v 4.593241 7.787894 -4.459533
v 4.599362 7.792222 -4.463861
v 4.595828 7.791428 -4.463067
v 4.595034 7.787894 -4.463861
v 4.595034 7.792222 -4.459533
v 4.877328 7.331374 -4.181565
v 4.883450 7.337495 -4.181565
v 4.877328 7.337495 -4.175445
v 4.881657 7.333167 -4.181565
v 4.880863 7.333961 -4.178031
v 4.881657 7.337495 -4.177237
v 4.877328 7.333167 -4.177237
v 4.877328 7.794015 -4.181565
v 4.877328 7.787894 -4.175445
v 4.883450 7.787894 -4.181565
v 4.877328 7.792222 -4.177237
v 4.880863 7.791428 -4.178031
v 4.881657 7.787894 -4.177237
v 4.881657 7.792222 -4.181565
v 4.877328 7.331374 -4.459533
v 4.877328 7.337495 -4.465653
v 4.883450 7.337495 -4.459533
v 4.877328 7.333167 -4.463861
v 4.880863 7.333961 -4.463067
v 4.881657 7.337495 -4.463861
v 4.881657 7.333167 -4.459533
v 4.877328 7.794015 -4.459533
v 4.883450 7.787894 -4.459533
v 4.877328 7.787894 -4.465653
v 4.881657 7.792222 -4.459533
v 4.880863 7.791428 -4.463067
v 4.881657 7.787894 -4.463861
v 4.877328 7.792222 -4.463861
vn -0.1794 -0.9673 0.1794
vn -0.1794 -0.1794 0.9673
vn -0.9673 -0.1794 0.1794
vn -0.1726 -0.6965 0.6965
vn -0.5773 -0.5773 0.5774
vn -0.6965 -0.1726 0.6965
vn -0.6965 -0.6965 0.1726
vn -0.1794 0.1794 0.9673
vn -0.1794 0.9673 0.1794
vn -0.9673 0.1794 0.1794
vn -0.1726 0.6965 0.6965
vn -0.5773 0.5773 0.5774
vn -0.6965 0.6965 0.1726
vn -0.6965 0.1726 0.6965
vn -0.1794 -0.9673 -0.1794
vn -0.9673 -0.1794 -0.1794
vn -0.1794 -0.1794 -0.9673
vn -0.6965 -0.6965 -0.1726
vn -0.5773 -0.5773 -0.5774
vn -0.6965 -0.1726 -0.6965
vn -0.1726 -0.6965 -0.6965
vn -0.1794 0.9673 -0.1794
vn -0.1794 0.1794 -0.9673
vn -0.9673 0.1794 -0.1794
vn -0.1726 0.6965 -0.6965
vn -0.5773 0.5773 -0.5774
vn -0.6965 0.1726 -0.6965
vn -0.6965 0.6965 -0.1726
vn 0.1794 -0.9673 0.1794
vn 0.9673 -0.1794 0.1794
vn 0.1794 -0.1794 0.9673
vn 0.6965 -0.6965 0.1726
vn 0.5773 -0.5773 0.5774
vn 0.6965 -0.1726 0.6965
vn 0.1726 -0.6965 0.6965
vn 0.1794 0.9673 0.1794
vn 0.1794 0.1794 0.9673
vn 0.9673 0.1794 0.1794
vn 0.1726 0.6965 0.6965
vn 0.5773 0.5773 0.5774
vn 0.6965 0.1726 0.6965
vn 0.6965 0.6965 0.1726
vn 0.1794 -0.9673 -0.1794
vn 0.1794 -0.1794 -0.9673
vn 0.9673 -0.1794 -0.1794
vn 0.1726 -0.6965 -0.6965
vn 0.5773 -0.5773 -0.5774
vn 0.6965 -0.1726 -0.6965
vn 0.6965 -0.6965 -0.1726
vn 0.1794 0.9673 -0.1794
vn 0.9673 0.1794 -0.1794
vn 0.1794 0.1794 -0.9673
vn 0.6965 0.6965 -0.1726
vn 0.5773 0.5773 -0.5774
vn 0.6965 0.1726 -0.6965
vn 0.1726 0.6965 -0.6965
vt 0.638983 0.274801
vt 0.638983 0.725199
vt 0.361017 0.725199
vt 0.361017 0.274801
vt 0.638984 0.274801
vt 0.638984 0.725199
vt 0.361016 0.725199
vt 0.361016 0.274801
vt 0.638983 0.638984
vt 0.361017 0.638984
vt 0.361017 0.361016
vt 0.638983 0.361016
vt 0.361017 0.356688
vt 0.357483 0.357482
vt 0.356688 0.361016
vt 0.356688 0.274801
vt 0.357483 0.271267
vt 0.361017 0.270472
vt 0.361016 0.270472
vt 0.357482 0.271267
vt 0.356688 0.274801
vt 0.361017 0.729528
vt 0.357483 0.728733
vt 0.356688 0.725199
vt 0.356688 0.725199
vt 0.357482 0.728733
vt 0.361016 0.729528
vt 0.356688 0.638984
vt 0.357483 0.642518
vt 0.361017 0.643312
vt 0.643312 0.274801
vt 0.642518 0.271267
vt 0.638984 0.270472
vt 0.638984 0.729528
vt 0.642518 0.728733
vt 0.643312 0.725199
vt 0.643312 0.361016
vt 0.642517 0.357482
vt 0.638983 0.356688
vt 0.638983 0.270472
vt 0.642517 0.271267
vt 0.643312 0.274801
vt 0.643312 0.725199
vt 0.642517 0.728733
vt 0.638983 0.729528
vt 0.638983 0.643312
vt 0.642517 0.642518
vt 0.643312 0.638984
s 1
usemtl Iron_Rusty
f 735/1072/712 741/1073/718 712/1074/689 706/1075/683
f 749/1076/726 755/1077/732 742/1078/719 734/1079/711
f 754/1080/731 726/1081/703 713/1082/690 740/1083/717
f 707/1079/684 714/1078/691 728/1077/705 720/1076/697
f 721/1075/698 727/1074/704 756/1073/733 748/1072/725
f 705/1082/682 708/1084/685 709/1085/686 711/1086/688
f 706/1075/683 710/1087/687 709/1088/686 708/1089/685
f 707/1079/684 711/1090/688 709/1091/686 710/1092/687
f 712/1074/689 715/1093/692 716/1094/693 718/1095/695
f 713/1082/690 717/1086/694 716/1085/693 715/1084/692
f 714/1078/691 718/1096/695 716/1097/693 717/1098/694
f 719/1081/696 722/1099/699 723/1100/700 725/1101/702
f 720/1076/697 724/1102/701 723/1103/700 722/1104/699
f 721/1075/698 725/1089/702 723/1088/700 724/1087/701
f 726/1081/703 729/1101/706 730/1100/707 732/1099/709
f 727/1074/704 731/1095/708 730/1094/707 729/1093/706
f 728/1077/705 732/1105/709 730/1106/707 731/1107/708
f 733/1083/710 736/1108/713 737/1109/714 739/1110/716
f 734/1079/711 738/1092/715 737/1091/714 736/1090/713
f 735/1072/712 739/1111/716 737/1112/714 738/1113/715
f 740/1083/717 743/1110/720 744/1109/721 746/1108/723
f 741/1073/718 745/1114/722 744/1115/721 743/1116/720
f 742/1078/719 746/1098/723 744/1097/721 745/1096/722
f 747/1080/724 750/1117/727 751/1118/728 753/1119/730
f 748/1072/725 752/1113/729 751/1112/728 750/1111/727
f 749/1076/726 753/1104/730 751/1103/728 752/1102/729
f 754/1080/731 757/1119/734 758/1118/735 760/1117/737
f 755/1077/732 759/1107/736 758/1106/735 757/1105/734
f 756/1073/733 760/1116/737 758/1115/735 759/1114/736
f 719/1081/696 705/1082/682 711/1086/688 722/1099/699
f 722/1104/699 711/1090/688 707/1079/684 720/1076/697
f 706/1075/683 712/1074/689 718/1095/695 710/1087/687
f 710/1092/687 718/1096/695 714/1078/691 707/1079/684
f 713/1082/690 726/1081/703 732/1099/709 717/1086/694
f 717/1098/694 732/1105/709 728/1077/705 714/1078/691
f 727/1074/704 721/1075/698 724/1087/701 731/1095/708
f 731/1107/708 724/1102/701 720/1076/697 728/1077/705
f 747/1080/724 719/1081/696 725/1101/702 750/1117/727
f 750/1111/727 725/1089/702 721/1075/698 748/1072/725
f 726/1081/703 754/1080/731 760/1117/737 729/1101/706
f 729/1093/706 760/1116/737 756/1073/733 727/1074/704
f 755/1077/732 749/1076/726 752/1102/729 759/1107/736
f 759/1114/736 752/1113/729 748/1072/725 756/1073/733
f 733/1083/710 747/1080/724 753/1119/730 736/1108/713
f 736/1090/713 753/1104/730 749/1076/726 734/1079/711
f 754/1080/731 740/1083/717 746/1108/723 757/1119/734
f 757/1105/734 746/1098/723 742/1078/719 755/1077/732
f 741/1073/718 735/1072/712 738/1113/715 745/1114/722
f 745/1096/722 738/1092/715 734/1079/711 742/1078/719
f 705/1082/682 733/1083/710 739/1110/716 708/1084/685
f 708/1089/685 739/1111/716 735/1072/712 706/1075/683
f 740/1083/717 713/1082/690 715/1084/692 743/1110/720
f 743/1116/720 715/1093/692 712/1074/689 741/1073/718
f 719/1081/696 747/1080/724 733/1083/710 705/1082/682
o Plane.082
v 4.716495 7.534755 0.000000
v 4.824085 7.534755 0.000000
v 4.822940 7.534755 -0.196858
v 4.716495 7.534755 -0.196858
v 4.716495 10.029959 0.000000
v 4.824085 10.029959 0.012284
v 4.822940 10.029959 -0.209142
v 4.716495 10.029959 -0.196858
v 4.608904 7.534755 0.000000
v 4.610049 7.534755 -0.196858
v 4.608904 10.029959 0.012284
v 4.610049 10.029959 -0.209142
v 4.723175 7.534994 -0.013339
v 4.824655 7.534934 -0.009984
v 4.823516 7.534934 -0.186875
v 4.723175 7.534994 -0.183520
v 4.723175 10.030197 -0.013339
v 4.824655 10.030138 0.002300
v 4.823516 10.030138 -0.199159
v 4.723175 10.030197 -0.183520
v 4.608335 7.534934 -0.009984
v 4.609473 7.534934 -0.186875
v 4.608335 10.030138 0.002300
v 4.609473 10.030138 -0.199159
vn -1.0000 -0.0000 -0.0000
vn -0.0576 -0.0025 -0.9983
vn -0.0570 -0.0025 0.9984
vn 0.0576 -0.0025 -0.9983
vn 0.0570 -0.0025 0.9984
vn 1.0000 -0.0000 -0.0000
vn 0.0942 0.0025 0.9955
vn 0.0932 0.0025 -0.9956
vn -0.0832 0.0025 0.9965
vn -0.0824 0.0025 -0.9966
vn -0.0000 -0.9998 -0.0179
vn -0.0000 -0.9998 0.0179
vn 0.0356 -0.9994 -0.0000
vn -0.0020 0.9998 0.0172
vn -0.0020 0.9998 -0.0172
vn -0.0356 0.9994 -0.0000
vn 0.9983 -0.0003 -0.0576
vn 0.9984 -0.0003 0.0570
vn 0.0020 0.9998 0.0184
vn 0.0021 0.9998 -0.0184
vn -0.9983 -0.0003 -0.0576
vn -0.9984 -0.0003 0.0570
vt 0.605492 -0.837237
vt 0.394508 -0.837237
vt 0.394508 1.837014
vt 0.605492 1.837014
vt 0.612294 -0.837237
vt 0.498210 -0.837237
vt 0.498210 1.837014
vt 0.612294 1.837014
vt 0.613520 -0.837237
vt 0.613520 1.837014
vt 0.384126 -0.837237
vt 0.384126 1.837014
vt 0.382900 1.837014
vt 0.382900 -0.837237
vt 0.591196 -0.836982
vt 0.591196 1.837269
vt 0.408803 1.837269
vt 0.408803 -0.836982
vt 0.612911 -0.837046
vt 0.612911 1.837205
vt 0.505370 1.837269
vt 0.505370 -0.836982
vt 0.505370 -0.836982
vt 0.505370 1.837269
vt 0.614131 1.837205
vt 0.614131 -0.837046
vt 0.383509 -0.837046
vt 0.383509 1.837205
vt 0.382289 -0.837046
vt 0.382289 1.837205
vt 0.613520 0.394508
vt 0.498210 0.394508
vt 0.505370 0.408803
vt 0.614131 0.405208
vt 0.498210 0.605492
vt 0.612294 0.605492
vt 0.612911 0.594793
vt 0.505370 0.591196
vt 0.613520 0.381343
vt 0.614131 0.392042
vt 0.612294 0.618657
vt 0.612911 0.607958
vt 0.618657 1.837014
vt 0.607958 1.837205
vt 0.594793 -0.837046
vt 0.381343 1.837014
vt 0.405208 -0.837046
vt 0.392042 1.837205
vt 0.382900 0.394508
vt 0.382289 0.405208
vt 0.384126 0.605492
vt 0.383509 0.594793
vt 0.382900 0.381343
vt 0.382289 0.392042
vt 0.384126 0.618657
vt 0.383509 0.607958
s 0
usemtl Iron_Rusty
f 764/1120/738 761/1121/738 765/1122/738 768/1123/738
f 763/1124/739 764/1125/739 768/1126/739 767/1127/739
f 761/1125/740 762/1128/740 766/1129/740 765/1126/740
f 770/1130/741 772/1131/741 768/1126/741 764/1125/741
f 761/1125/742 765/1126/742 771/1132/742 769/1133/742
f 776/1134/743 780/1135/743 777/1136/743 773/1137/743
f 775/1138/744 779/1139/744 780/1140/744 776/1141/744
f 773/1142/745 777/1143/745 778/1144/745 774/1145/745
f 782/1146/746 776/1141/746 780/1140/746 784/1147/746
f 773/1142/747 781/1148/747 783/1149/747 777/1143/747
f 762/1150/748 761/1151/748 773/1152/748 774/1153/748
f 764/1154/749 763/1155/749 775/1156/749 776/1157/749
f 761/1151/750 764/1154/750 776/1157/750 773/1152/750
f 765/1151/751 766/1158/751 778/1159/751 777/1152/751
f 767/1160/752 768/1154/752 780/1157/752 779/1161/752
f 768/1154/753 765/1151/753 777/1152/753 780/1157/753
f 763/1120/754 767/1162/754 779/1163/754 775/1164/754
f 766/1165/755 762/1121/755 774/1166/755 778/1167/755
f 761/1151/748 769/1168/748 781/1169/748 773/1152/748
f 770/1170/749 764/1154/749 776/1157/749 782/1171/749
f 771/1172/756 765/1151/756 777/1152/756 783/1173/756
f 768/1154/757 772/1174/757 784/1175/757 780/1157/757
f 772/1162/758 770/1120/758 782/1164/758 784/1163/758
f 769/1121/759 771/1165/759 783/1167/759 781/1166/759
o Plane.083
v 4.847719 10.138119 0.027581
v 4.847719 10.030529 0.027581
v 4.847719 10.031673 -0.169277
v 4.847719 10.138119 -0.169277
v 9.347350 10.138120 0.027581
v 9.347350 10.030529 0.039865
v 9.347350 10.031674 -0.181561
v 9.347350 10.138120 -0.169277
v 4.847719 10.245709 0.027581
v 4.847719 10.244564 -0.169277
v 9.347350 10.245709 0.039865
v 9.347350 10.244565 -0.181561
v 4.848149 10.131439 0.014243
v 4.848041 10.029959 0.017598
v 4.848041 10.031097 -0.159294
v 4.848149 10.131438 -0.155939
v 9.347780 10.131439 0.014243
v 9.347672 10.029960 0.029881
v 9.347672 10.031098 -0.171578
v 9.347780 10.131439 -0.155939
v 4.848041 10.246279 0.017598
v 4.848041 10.245140 -0.159294
v 9.347672 10.246280 0.029881
v 9.347672 10.245141 -0.171578
vn -0.0000 1.0000 -0.0000
vn -0.0014 0.0576 -0.9983
vn -0.0014 0.0570 0.9984
vn -0.0014 -0.0576 -0.9983
vn -0.0014 -0.0570 0.9984
vn -0.0000 -1.0000 -0.0000
vn 0.0014 -0.0942 0.9955
vn 0.0014 -0.0932 -0.9956
vn 0.0014 0.0832 0.9965
vn 0.0014 0.0824 -0.9966
vn -0.9995 -0.0000 -0.0322
vn -0.9995 -0.0000 0.0322
vn -0.9979 -0.0642 -0.0000
vn 0.9995 0.0036 0.0311
vn 0.9995 0.0037 -0.0311
vn 0.9979 0.0642 -0.0000
vn -0.0002 -0.9983 -0.0576
vn -0.0002 -0.9984 0.0570
vn 0.9994 -0.0037 0.0332
vn 0.9994 -0.0037 -0.0332
vn -0.0002 0.9983 -0.0576
vn -0.0002 0.9984 0.0570
vt 0.605492 0.003652
vt 0.394508 0.003652
vt 0.394508 0.996265
vt 0.605492 0.996265
vt 0.612294 0.003652
vt 0.498210 0.003652
vt 0.498210 0.996265
vt 0.612294 0.996265
vt 0.613520 0.003652
vt 0.613520 0.996265
vt 0.384126 0.003652
vt 0.384126 0.996265
vt 0.382900 0.996265
vt 0.382900 0.003652
vt 0.591196 0.003747
vt 0.591196 0.996360
vt 0.408803 0.996360
vt 0.408803 0.003747
vt 0.612911 0.003723
vt 0.612911 0.996336
vt 0.505370 0.996360
vt 0.505370 0.003747
vt 0.505370 0.003747
vt 0.505370 0.996360
vt 0.614131 0.996336
vt 0.614131 0.003723
vt 0.383509 0.003723
vt 0.383509 0.996336
vt 0.382289 0.003723
vt 0.382289 0.996336
vt 0.613520 0.394508
vt 0.498210 0.394508
vt 0.505370 0.408803
vt 0.614131 0.405208
vt 0.498210 0.605492
vt 0.612294 0.605492
vt 0.612911 0.594793
vt 0.505370 0.591196
vt 0.613520 0.381343
vt 0.614131 0.392042
vt 0.612294 0.618657
vt 0.612911 0.607958
vt 0.618657 0.996265
vt 0.607958 0.996336
vt 0.594793 0.003723
vt 0.381343 0.996265
vt 0.405208 0.003723
vt 0.392042 0.996336
vt 0.382900 0.394508
vt 0.382289 0.405208
vt 0.384126 0.605492
vt 0.383509 0.594793
vt 0.382900 0.381343
vt 0.382289 0.392042
vt 0.384126 0.618657
vt 0.383509 0.607958
s 0
usemtl Iron_Rusty
f 788/1176/760 785/1177/760 789/1178/760 792/1179/760
f 787/1180/761 788/1181/761 792/1182/761 791/1183/761
f 785/1181/762 786/1184/762 790/1185/762 789/1182/762
f 794/1186/763 796/1187/763 792/1182/763 788/1181/763
f 785/1181/764 789/1182/764 795/1188/764 793/1189/764
f 800/1190/765 804/1191/765 801/1192/765 797/1193/765
f 799/1194/766 803/1195/766 804/1196/766 800/1197/766
f 797/1198/767 801/1199/767 802/1200/767 798/1201/767
f 806/1202/768 800/1197/768 804/1196/768 808/1203/768
f 797/1198/769 805/1204/769 807/1205/769 801/1199/769
f 786/1206/770 785/1207/770 797/1208/770 798/1209/770
f 788/1210/771 787/1211/771 799/1212/771 800/1213/771
f 785/1207/772 788/1210/772 800/1213/772 797/1208/772
f 789/1207/773 790/1214/773 802/1215/773 801/1208/773
f 791/1216/774 792/1210/774 804/1213/774 803/1217/774
f 792/1210/775 789/1207/775 801/1208/775 804/1213/775
f 787/1176/776 791/1218/776 803/1219/776 799/1220/776
f 790/1221/777 786/1177/777 798/1222/777 802/1223/777
f 785/1207/770 793/1224/770 805/1225/770 797/1208/770
f 794/1226/771 788/1210/771 800/1213/771 806/1227/771
f 795/1228/778 789/1207/778 801/1208/778 807/1229/778
f 792/1210/779 796/1230/779 808/1231/779 804/1213/779
f 796/1218/780 794/1176/780 806/1220/780 808/1219/780
f 793/1177/781 795/1221/781 807/1223/781 805/1222/781
o Plane.084
v 4.716495 7.534755 -4.225684
v 4.824085 7.534755 -4.225684
v 4.822940 7.534755 -4.422542
v 4.716495 7.534755 -4.422542
v 4.716495 10.029959 -4.225684
v 4.824085 10.029959 -4.213400
v 4.822940 10.029959 -4.434826
v 4.716495 10.029959 -4.422542
v 4.608904 7.534755 -4.225684
v 4.610049 7.534755 -4.422542
v 4.608904 10.029959 -4.213400
v 4.610049 10.029959 -4.434826
v 4.723175 7.534994 -4.239022
v 4.824655 7.534934 -4.235667
v 4.823516 7.534934 -4.412559
v 4.723175 7.534994 -4.409204
v 4.723175 10.030197 -4.239022
v 4.824655 10.030138 -4.223383
v 4.823516 10.030138 -4.424843
v 4.723175 10.030197 -4.409204
v 4.608335 7.534934 -4.235667
v 4.609473 7.534934 -4.412559
v 4.608335 10.030138 -4.223383
v 4.609473 10.030138 -4.424843
vn -1.0000 -0.0000 -0.0000
vn -0.0576 -0.0025 -0.9983
vn -0.0570 -0.0025 0.9984
vn 0.0576 -0.0025 -0.9983
vn 0.0570 -0.0025 0.9984
vn 1.0000 -0.0000 -0.0000
vn 0.0942 0.0025 0.9955
vn 0.0932 0.0025 -0.9956
vn -0.0832 0.0025 0.9965
vn -0.0824 0.0025 -0.9966
vn -0.0000 -0.9998 -0.0179
vn -0.0000 -0.9998 0.0179
vn 0.0356 -0.9994 -0.0000
vn -0.0020 0.9998 0.0172
vn -0.0020 0.9998 -0.0172
vn -0.0356 0.9994 -0.0000
vn 0.9983 -0.0003 -0.0576
vn 0.9984 -0.0003 0.0570
vn 0.0020 0.9998 0.0184
vn 0.0021 0.9998 -0.0184
vn -0.9983 -0.0003 -0.0576
vn -0.9984 -0.0003 0.0570
vt 0.605492 -0.837237
vt 0.394508 -0.837237
vt 0.394508 1.837014
vt 0.605492 1.837014
vt 0.612294 -0.837237
vt 0.498210 -0.837237
vt 0.498210 1.837014
vt 0.612294 1.837014
vt 0.613520 -0.837237
vt 0.613520 1.837014
vt 0.384126 -0.837237
vt 0.384126 1.837014
vt 0.382900 1.837014
vt 0.382900 -0.837237
vt 0.591196 -0.836982
vt 0.591196 1.837269
vt 0.408803 1.837269
vt 0.408803 -0.836982
vt 0.612911 -0.837046
vt 0.612911 1.837205
vt 0.505370 1.837269
vt 0.505370 -0.836982
vt 0.505370 -0.836982
vt 0.505370 1.837269
vt 0.614131 1.837205
vt 0.614131 -0.837046
vt 0.383509 -0.837046
vt 0.383509 1.837205
vt 0.382289 -0.837046
vt 0.382289 1.837205
vt 0.613520 0.394508
vt 0.498210 0.394508
vt 0.505370 0.408803
vt 0.614131 0.405208
vt 0.498210 0.605492
vt 0.612294 0.605492
vt 0.612911 0.594793
vt 0.505370 0.591196
vt 0.613520 0.381343
vt 0.614131 0.392042
vt 0.612294 0.618657
vt 0.612911 0.607958
vt 0.618657 1.837014
vt 0.607958 1.837205
vt 0.594793 -0.837046
vt 0.381343 1.837014
vt 0.405208 -0.837046
vt 0.392042 1.837205
vt 0.382900 0.394508
vt 0.382289 0.405208
vt 0.384126 0.605492
vt 0.383509 0.594793
vt 0.382900 0.381343
vt 0.382289 0.392042
vt 0.384126 0.618657
vt 0.383509 0.607958
s 0
usemtl Iron_Rusty
f 812/1232/782 809/1233/782 813/1234/782 816/1235/782
f 811/1236/783 812/1237/783 816/1238/783 815/1239/783
f 809/1237/784 810/1240/784 814/1241/784 813/1238/784
f 818/1242/785 820/1243/785 816/1238/785 812/1237/785
f 809/1237/786 813/1238/786 819/1244/786 817/1245/786
f 824/1246/787 828/1247/787 825/1248/787 821/1249/787
f 823/1250/788 827/1251/788 828/1252/788 824/1253/788
f 821/1254/789 825/1255/789 826/1256/789 822/1257/789
f 830/1258/790 824/1253/790 828/1252/790 832/1259/790
f 821/1254/791 829/1260/791 831/1261/791 825/1255/791
f 810/1262/792 809/1263/792 821/1264/792 822/1265/792
f 812/1266/793 811/1267/793 823/1268/793 824/1269/793
f 809/1263/794 812/1266/794 824/1269/794 821/1264/794
f 813/1263/795 814/1270/795 826/1271/795 825/1264/795
f 815/1272/796 816/1266/796 828/1269/796 827/1273/796
f 816/1266/797 813/1263/797 825/1264/797 828/1269/797
f 811/1232/798 815/1274/798 827/1275/798 823/1276/798
f 814/1277/799 810/1233/799 822/1278/799 826/1279/799
f 809/1263/792 817/1280/792 829/1281/792 821/1264/792
f 818/1282/793 812/1266/793 824/1269/793 830/1283/793
f 819/1284/800 813/1263/800 825/1264/800 831/1285/800
f 816/1266/801 820/1286/801 832/1287/801 828/1269/801
f 820/1274/802 818/1232/802 830/1276/802 832/1275/802
f 817/1233/803 819/1277/803 831/1279/803 829/1278/803
o Plane.085
v 4.847719 10.138119 -4.231132
v 4.847719 10.030529 -4.231132
v 4.847719 10.031673 -4.427990
v 4.847719 10.138119 -4.427990
v 9.347350 10.138120 -4.231132
v 9.347350 10.030529 -4.218848
v 9.347350 10.031674 -4.440274
v 9.347350 10.138120 -4.427990
v 4.847719 10.245709 -4.231132
v 4.847719 10.244564 -4.427990
v 9.347350 10.245709 -4.218848
v 9.347350 10.244565 -4.440274
v 4.848149 10.131439 -4.244471
v 4.848041 10.029959 -4.241116
v 4.848041 10.031097 -4.418007
v 4.848149 10.131438 -4.414652
v 9.347780 10.131439 -4.244471
v 9.347672 10.029960 -4.228832
v 9.347672 10.031098 -4.430291
v 9.347780 10.131439 -4.414652
v 4.848041 10.246279 -4.241116
v 4.848041 10.245140 -4.418007
v 9.347672 10.246280 -4.228832
v 9.347672 10.245141 -4.430291
vn -0.0000 1.0000 -0.0000
vn -0.0014 0.0576 -0.9983
vn -0.0014 0.0570 0.9984
vn -0.0014 -0.0576 -0.9983
vn -0.0014 -0.0570 0.9984
vn -0.0000 -1.0000 -0.0000
vn 0.0014 -0.0942 0.9955
vn 0.0014 -0.0932 -0.9956
vn 0.0014 0.0832 0.9965
vn 0.0014 0.0824 -0.9966
vn -0.9995 -0.0000 -0.0322
vn -0.9995 -0.0000 0.0322
vn -0.9979 -0.0642 -0.0000
vn 0.9995 0.0036 0.0311
vn 0.9995 0.0037 -0.0311
vn 0.9979 0.0642 -0.0000
vn -0.0002 -0.9983 -0.0576
vn -0.0002 -0.9984 0.0570
vn 0.9994 -0.0037 0.0332
vn 0.9994 -0.0037 -0.0332
vn -0.0002 0.9983 -0.0576
vn -0.0002 0.9984 0.0570
vt 0.605492 0.003652
vt 0.394508 0.003652
vt 0.394508 0.996265
vt 0.605492 0.996265
vt 0.612294 0.003652
vt 0.498210 0.003652
vt 0.498210 0.996265
vt 0.612294 0.996265
vt 0.613520 0.003652
vt 0.613520 0.996265
vt 0.384126 0.003652
vt 0.384126 0.996265
vt 0.382900 0.996265
vt 0.382900 0.003652
vt 0.591196 0.003747
vt 0.591196 0.996360
vt 0.408803 0.996360
vt 0.408803 0.003747
vt 0.612911 0.003723
vt 0.612911 0.996336
vt 0.505370 0.996360
vt 0.505370 0.003747
vt 0.505370 0.003747
vt 0.505370 0.996360
vt 0.614131 0.996336
vt 0.614131 0.003723
vt 0.383509 0.003723
vt 0.383509 0.996336
vt 0.382289 0.003723
vt 0.382289 0.996336
vt 0.613520 0.394508
vt 0.498210 0.394508
vt 0.505370 0.408803
vt 0.614131 0.405208
vt 0.498210 0.605492
vt 0.612294 0.605492
vt 0.612911 0.594793
vt 0.505370 0.591196
vt 0.613520 0.381343
vt 0.614131 0.392042
vt 0.612294 0.618657
vt 0.612911 0.607958
vt 0.618657 0.996265
vt 0.607958 0.996336
vt 0.594793 0.003723
vt 0.381343 0.996265
vt 0.405208 0.003723
vt 0.392042 0.996336
vt 0.382900 0.394508
vt 0.382289 0.405208
vt 0.384126 0.605492
vt 0.383509 0.594793
vt 0.382900 0.381343
vt 0.382289 0.392042
vt 0.384126 0.618657
vt 0.383509 0.607958
s 0
usemtl Iron_Rusty
f 836/1288/804 833/1289/804 837/1290/804 840/1291/804
f 835/1292/805 836/1293/805 840/1294/805 839/1295/805
f 833/1293/806 834/1296/806 838/1297/806 837/1294/806
f 842/1298/807 844/1299/807 840/1294/807 836/1293/807
f 833/1293/808 837/1294/808 843/1300/808 841/1301/808
f 848/1302/809 852/1303/809 849/1304/809 845/1305/809
f 847/1306/810 851/1307/810 852/1308/810 848/1309/810
f 845/1310/811 849/1311/811 850/1312/811 846/1313/811
f 854/1314/812 848/1309/812 852/1308/812 856/1315/812
f 845/1310/813 853/1316/813 855/1317/813 849/1311/813
f 834/1318/814 833/1319/814 845/1320/814 846/1321/814
f 836/1322/815 835/1323/815 847/1324/815 848/1325/815
f 833/1319/816 836/1322/816 848/1325/816 845/1320/816
f 837/1319/817 838/1326/817 850/1327/817 849/1320/817
f 839/1328/818 840/1322/818 852/1325/818 851/1329/818
f 840/1322/819 837/1319/819 849/1320/819 852/1325/819
f 835/1288/820 839/1330/820 851/1331/820 847/1332/820
f 838/1333/821 834/1289/821 846/1334/821 850/1335/821
f 833/1319/814 841/1336/814 853/1337/814 845/1320/814
f 842/1338/815 836/1322/815 848/1325/815 854/1339/815
f 843/1340/822 837/1319/822 849/1320/822 855/1341/822
f 840/1322/823 844/1342/823 856/1343/823 852/1325/823
f 844/1330/824 842/1288/824 854/1332/824 856/1331/824
f 841/1289/825 843/1333/825 855/1335/825 853/1334/825
o Plane.086
v 9.557194 7.534755 -0.105859
v 9.557194 7.534755 -0.213449
v 9.360334 7.534755 -0.212305
v 9.360334 7.534755 -0.105859
v 9.557194 10.029959 -0.105859
v 9.569477 10.029959 -0.213449
v 9.348051 10.029959 -0.212305
v 9.360334 10.029959 -0.105859
v 9.557194 7.534755 0.001731
v 9.360334 7.534755 0.000586
v 9.569477 10.029959 0.001731
v 9.348051 10.029959 0.000586
v 9.543855 7.534994 -0.112540
v 9.547210 7.534934 -0.214019
v 9.370317 7.534934 -0.212881
v 9.373673 7.534994 -0.112540
v 9.543855 10.030197 -0.112540
v 9.559494 10.030138 -0.214019
v 9.358034 10.030138 -0.212881
v 9.373673 10.030197 -0.112540
v 9.547210 7.534934 0.002301
v 9.370317 7.534934 0.001162
v 9.559494 10.030138 0.002301
v 9.358034 10.030138 0.001162
vn -0.0000 -0.0000 1.0000
vn -0.9983 -0.0025 0.0576
vn 0.9984 -0.0025 0.0570
vn -0.9983 -0.0025 -0.0576
vn 0.9984 -0.0025 -0.0570
vn -0.0000 -0.0000 -1.0000
vn 0.9955 0.0025 -0.0942
vn -0.9956 0.0025 -0.0932
vn 0.9965 0.0025 0.0832
vn -0.9966 0.0025 0.0824
vn -0.0178 -0.9998 -0.0000
vn 0.0179 -0.9998 -0.0000
vn -0.0000 -0.9994 -0.0356
vn 0.0172 0.9998 0.0020
vn -0.0172 0.9998 0.0020
vn -0.0000 0.9994 0.0357
vn -0.0576 -0.0003 -0.9983
vn 0.0570 -0.0003 -0.9984
vn -0.0179 -0.9998 -0.0000
vn 0.0184 0.9998 -0.0020
vn -0.0184 0.9998 -0.0021
vn -0.0576 -0.0003 0.9983
vn 0.0570 -0.0003 0.9984
vt 0.394508 -0.837237
vt 0.605492 -0.837237
vt 0.605492 1.837014
vt 0.394508 1.837014
vt 0.612294 -0.837237
vt 0.498210 -0.837237
vt 0.498210 1.837014
vt 0.612294 1.837014
vt 0.498210 -0.837237
vt 0.613520 -0.837237
vt 0.613520 1.837014
vt 0.498210 1.837014
vt 0.384126 -0.837237
vt 0.384126 1.837014
vt 0.382900 1.837014
vt 0.382900 -0.837237
vt 0.408804 -0.836982
vt 0.408804 1.837270
vt 0.591197 1.837270
vt 0.591197 -0.836982
vt 0.612911 -0.837046
vt 0.612911 1.837205
vt 0.505370 1.837270
vt 0.505370 -0.836982
vt 0.505370 -0.836982
vt 0.505370 1.837270
vt 0.614131 1.837205
vt 0.614131 -0.837046
vt 0.383509 -0.837046
vt 0.383509 1.837205
vt 0.382289 -0.837046
vt 0.382289 1.837205
vt 0.605492 0.613520
vt 0.605492 0.498210
vt 0.591197 0.505370
vt 0.594792 0.614131
vt 0.394508 0.498210
vt 0.394508 0.612294
vt 0.405207 0.612911
vt 0.408804 0.505370
vt 0.618657 0.613520
vt 0.607958 0.614131
vt 0.381343 0.612294
vt 0.392042 0.612911
vt 0.381343 1.837014
vt 0.392042 1.837205
vt 0.405207 -0.837046
vt 0.618657 1.837014
vt 0.594792 -0.837046
vt 0.607958 1.837205
vt 0.605492 0.382900
vt 0.594792 0.382289
vt 0.394508 0.384126
vt 0.405207 0.383509
vt 0.618657 0.382900
vt 0.607958 0.382289
vt 0.381343 0.384126
vt 0.392042 0.383509
s 0
usemtl Iron_Rusty
f 860/1344/826 857/1345/826 861/1346/826 864/1347/826
f 859/1348/827 860/1349/827 864/1350/827 863/1351/827
f 857/1352/828 858/1353/828 862/1354/828 861/1355/828
f 866/1356/829 868/1357/829 864/1350/829 860/1349/829
f 857/1352/830 861/1355/830 867/1358/830 865/1359/830
f 872/1360/831 876/1361/831 873/1362/831 869/1363/831
f 871/1364/832 875/1365/832 876/1366/832 872/1367/832
f 869/1368/833 873/1369/833 874/1370/833 870/1371/833
f 878/1372/834 872/1367/834 876/1366/834 880/1373/834
f 869/1368/835 877/1374/835 879/1375/835 873/1369/835
f 858/1376/836 857/1377/836 869/1378/836 870/1379/836
f 860/1380/837 859/1381/837 871/1382/837 872/1383/837
f 857/1377/838 860/1380/838 872/1383/838 869/1378/838
f 861/1377/839 862/1384/839 874/1385/839 873/1378/839
f 863/1386/840 864/1380/840 876/1383/840 875/1387/840
f 864/1380/841 861/1377/841 873/1378/841 876/1383/841
f 859/1344/842 863/1388/842 875/1389/842 871/1390/842
f 862/1391/843 858/1345/843 870/1392/843 874/1393/843
f 857/1377/844 865/1394/844 877/1395/844 869/1378/844
f 866/1396/837 860/1380/837 872/1383/837 878/1397/837
f 867/1398/845 861/1377/845 873/1378/845 879/1399/845
f 864/1380/846 868/1400/846 880/1401/846 876/1383/846
f 868/1388/847 866/1344/847 878/1390/847 880/1389/847
f 865/1345/848 867/1391/848 879/1393/848 877/1392/848
o Plane.087
v 9.551745 10.138119 0.056000
v 9.551745 10.030529 0.056000
v 9.354887 10.031673 0.056000
v 9.354887 10.138119 0.056000
v 9.551744 10.138119 -4.443631
v 9.564029 10.030529 -4.443631
v 9.342603 10.031673 -4.443631
v 9.354886 10.138119 -4.443631
v 9.551745 10.245709 0.056000
v 9.354887 10.244565 0.056000
v 9.564029 10.245709 -4.443631
v 9.342603 10.244565 -4.443631
v 9.538406 10.131439 0.055570
v 9.541761 10.029960 0.055678
v 9.364870 10.031097 0.055678
v 9.368225 10.131438 0.055570
v 9.538406 10.131439 -4.444061
v 9.554045 10.029960 -4.443953
v 9.352586 10.031097 -4.443953
v 9.368225 10.131438 -4.444061
v 9.541761 10.246279 0.055678
v 9.364870 10.245141 0.055678
v 9.554045 10.246279 -4.443953
v 9.352586 10.245141 -4.443953
vn -0.0000 1.0000 -0.0000
vn -0.9983 0.0576 0.0014
vn 0.9984 0.0570 0.0014
vn -0.9983 -0.0576 0.0014
vn 0.9984 -0.0570 0.0014
vn -0.0000 -1.0000 -0.0000
vn 0.9955 -0.0942 -0.0014
vn -0.9956 -0.0932 -0.0014
vn 0.9965 0.0832 -0.0014
vn -0.9966 0.0824 -0.0014
vn -0.0322 -0.0000 0.9995
vn 0.0322 -0.0000 0.9995
vn -0.0000 -0.0642 0.9979
vn 0.0311 0.0036 -0.9995
vn -0.0311 0.0037 -0.9995
vn -0.0000 0.0642 -0.9979
vn -0.0576 -0.9983 0.0002
vn 0.0570 -0.9984 0.0002
vn 0.0332 -0.0037 -0.9994
vn -0.0332 -0.0037 -0.9994
vn -0.0576 0.9983 0.0002
vn 0.0570 0.9984 0.0002
vt 0.605492 0.003652
vt 0.394508 0.003652
vt 0.394508 0.996265
vt 0.605492 0.996265
vt 0.612294 0.003652
vt 0.498210 0.003652
vt 0.498210 0.996265
vt 0.612294 0.996265
vt 0.613520 0.003652
vt 0.613520 0.996265
vt 0.384126 0.003652
vt 0.384126 0.996265
vt 0.382900 0.996265
vt 0.382900 0.003652
vt 0.591196 0.003747
vt 0.591196 0.996360
vt 0.408803 0.996360
vt 0.408803 0.003747
vt 0.612911 0.003723
vt 0.612911 0.996336
vt 0.505370 0.996360
vt 0.505370 0.003747
vt 0.505370 0.003747
vt 0.505370 0.996360
vt 0.614131 0.996336
vt 0.614131 0.003723
vt 0.383509 0.003723
vt 0.383509 0.996336
vt 0.382289 0.003723
vt 0.382289 0.996336
vt 0.613520 0.394508
vt 0.498210 0.394508
vt 0.505370 0.408803
vt 0.614131 0.405208
vt 0.498210 0.605492
vt 0.612294 0.605492
vt 0.612911 0.594793
vt 0.505370 0.591196
vt 0.613520 0.381343
vt 0.614131 0.392042
vt 0.612294 0.618657
vt 0.612911 0.607958
vt 0.618657 0.996265
vt 0.607958 0.996336
vt 0.594793 0.003723
vt 0.381343 0.996265
vt 0.405208 0.003723
vt 0.392042 0.996336
vt 0.382900 0.394508
vt 0.382289 0.405208
vt 0.384126 0.605492
vt 0.383509 0.594793
vt 0.382900 0.381343
vt 0.382289 0.392042
vt 0.384126 0.618657
vt 0.383509 0.607958
s 0
usemtl Iron_Rusty
f 884/1402/849 881/1403/849 885/1404/849 888/1405/849
f 883/1406/850 884/1407/850 888/1408/850 887/1409/850
f 881/1407/851 882/1410/851 886/1411/851 885/1408/851
f 890/1412/852 892/1413/852 888/1408/852 884/1407/852
f 881/1407/853 885/1408/853 891/1414/853 889/1415/853
f 896/1416/854 900/1417/854 897/1418/854 893/1419/854
f 895/1420/855 899/1421/855 900/1422/855 896/1423/855
f 893/1424/856 897/1425/856 898/1426/856 894/1427/856
f 902/1428/857 896/1423/857 900/1422/857 904/1429/857
f 893/1424/858 901/1430/858 903/1431/858 897/1425/858
f 882/1432/859 881/1433/859 893/1434/859 894/1435/859
f 884/1436/860 883/1437/860 895/1438/860 896/1439/860
f 881/1433/861 884/1436/861 896/1439/861 893/1434/861
f 885/1433/862 886/1440/862 898/1441/862 897/1434/862
f 887/1442/863 888/1436/863 900/1439/863 899/1443/863
f 888/1436/864 885/1433/864 897/1434/864 900/1439/864
f 883/1402/865 887/1444/865 899/1445/865 895/1446/865
f 886/1447/866 882/1403/866 894/1448/866 898/1449/866
f 881/1433/859 889/1450/859 901/1451/859 893/1434/859
f 890/1452/860 884/1436/860 896/1439/860 902/1453/860
f 891/1454/867 885/1433/867 897/1434/867 903/1455/867
f 888/1436/868 892/1456/868 904/1457/868 900/1439/868
f 892/1444/869 890/1402/869 902/1446/869 904/1445/869
f 889/1403/870 891/1447/870 903/1449/870 901/1448/870
o Plane.088
v 4.820147 10.138120 0.056000
v 4.820147 10.030529 0.056000
v 4.623288 10.031673 0.056000
v 4.623288 10.138120 0.056000
v 4.820147 10.138120 -4.443631
v 4.832430 10.030529 -4.443631
v 4.611004 10.031673 -4.443631
v 4.623288 10.138120 -4.443631
v 4.820147 10.245709 0.056000
v 4.623288 10.244565 0.056000
v 4.832430 10.245709 -4.443631
v 4.611004 10.244565 -4.443631
v 4.806808 10.131439 0.055570
v 4.810163 10.029960 0.055678
v 4.633272 10.031097 0.055678
v 4.636627 10.131439 0.055570
v 4.806808 10.131439 -4.444061
v 4.822447 10.029960 -4.443954
v 4.620987 10.031097 -4.443954
v 4.636627 10.131439 -4.444061
v 4.810163 10.246280 0.055678
v 4.633272 10.245141 0.055678
v 4.822447 10.246280 -4.443954
v 4.620987 10.245141 -4.443954
vn -0.0000 1.0000 -0.0000
vn -0.9983 0.0576 0.0014
vn 0.9984 0.0570 0.0014
vn -0.9983 -0.0576 0.0014
vn 0.9984 -0.0570 0.0014
vn -0.0000 -1.0000 -0.0000
vn 0.9955 -0.0942 -0.0014
vn -0.9956 -0.0932 -0.0014
vn 0.9965 0.0832 -0.0014
vn -0.9966 0.0824 -0.0014
vn -0.0322 -0.0000 0.9995
vn 0.0322 -0.0000 0.9995
vn -0.0000 -0.0642 0.9979
vn 0.0311 0.0036 -0.9995
vn -0.0311 0.0037 -0.9995
vn -0.0000 0.0643 -0.9979
vn -0.0576 -0.9983 0.0002
vn 0.0570 -0.9984 0.0002
vn 0.0332 -0.0037 -0.9994
vn -0.0332 -0.0037 -0.9994
vn -0.0576 0.9983 0.0002
vn 0.0570 0.9984 0.0002
vt 0.394508 -1.911456
vt 0.605492 -1.911456
vt 0.605492 2.911053
vt 0.394508 2.911053
vt -1.911456 0.387706
vt -1.911456 0.501790
vt 2.911053 0.501790
vt 2.911053 0.387706
vt -1.911456 0.386480
vt 2.911053 0.386480
vt -1.911456 0.615873
vt 2.911053 0.615873
vt 2.911053 0.617100
vt -1.911456 0.617100
vt 0.408804 -1.910995
vt 0.408804 2.911514
vt 0.591196 2.911514
vt 0.591197 -1.910995
vt -1.911111 0.387089
vt 2.911399 0.387089
vt 2.911514 0.494630
vt -1.910995 0.494630
vt -1.910995 0.494630
vt 2.911514 0.494630
vt 2.911399 0.385869
vt -1.911111 0.385869
vt -1.911111 0.616491
vt 2.911399 0.616491
vt -1.911111 0.617711
vt 2.911399 0.617711
vt 0.605492 0.386480
vt 0.605492 0.501790
vt 0.591197 0.494630
vt 0.594792 0.385869
vt 0.394508 0.501790
vt 0.394508 0.387706
vt 0.405208 0.387089
vt 0.408804 0.494630
vt 0.605492 0.501790
vt 0.618657 0.386480
vt 0.607957 0.385869
vt 0.591196 0.494630
vt 0.381343 0.387706
vt 0.394508 0.501790
vt 0.408804 0.494630
vt 0.392042 0.387089
vt 0.381343 2.911053
vt 0.392042 2.911399
vt 0.405208 -1.911111
vt 0.618657 2.911053
vt 0.594792 -1.911111
vt 0.607957 2.911399
vt 0.605492 0.617100
vt 0.594792 0.617711
vt 0.394508 0.615873
vt 0.405208 0.616491
vt 0.618657 0.617100
vt 0.607957 0.617711
vt 0.381343 0.615873
vt 0.392042 0.616491
vt 0.394508 -1.911456
vt 0.392042 2.911399
vt 0.618657 2.911053
s 0
usemtl Iron_Rusty
f 908/1458/871 905/1459/871 909/1460/871 912/1461/871
f 907/1462/872 908/1463/872 912/1464/872 911/1465/872
f 905/1463/873 906/1466/873 910/1467/873 909/1464/873
f 914/1468/874 916/1469/874 912/1464/874 908/1463/874
f 905/1463/875 909/1464/875 915/1470/875 913/1471/875
f 920/1472/876 924/1473/876 921/1474/876 917/1475/876
f 919/1476/877 923/1477/877 924/1478/877 920/1479/877
f 917/1480/878 921/1481/878 922/1482/878 918/1483/878
f 926/1484/879 920/1479/879 924/1478/879 928/1485/879
f 917/1480/880 925/1486/880 927/1487/880 921/1481/880
f 906/1488/881 905/1489/881 917/1490/881 918/1491/881
f 908/1492/882 907/1493/882 919/1494/882 920/1495/882
f 905/1489/883 908/1492/883 920/1495/883 917/1490/883
f 909/1496/884 910/1497/884 922/1498/884 921/1499/884
f 911/1500/885 912/1501/885 924/1502/885 923/1503/885
f 912/1501/886 909/1496/886 921/1499/886 924/1502/886
f 907/1458/887 911/1504/887 923/1505/887 919/1506/887
f 910/1507/888 906/1459/888 918/1508/888 922/1509/888
f 905/1489/881 913/1510/881 925/1511/881 917/1490/881
f 914/1512/882 908/1492/882 920/1495/882 926/1513/882
f 915/1514/889 909/1496/889 921/1499/889 927/1515/889
f 912/1501/890 916/1516/890 928/1517/890 924/1502/890
f 916/1504/891 914/1518/891 926/1506/891 928/1519/891
f 913/1459/892 915/1520/892 927/1509/892 925/1508/892
o Plane.089
v 9.451725 7.534755 -4.225684
v 9.559316 7.534755 -4.225684
v 9.558170 7.534755 -4.422542
v 9.451725 7.534755 -4.422542
v 9.451725 10.029959 -4.225684
v 9.559316 10.029959 -4.213400
v 9.558170 10.029959 -4.434826
v 9.451725 10.029959 -4.422542
v 9.344135 7.534755 -4.225684
v 9.345280 7.534755 -4.422542
v 9.344135 10.029959 -4.213400
v 9.345280 10.029959 -4.434826
v 9.458406 7.534994 -4.239022
v 9.559885 7.534934 -4.235667
v 9.558746 7.534934 -4.412559
v 9.458406 7.534994 -4.409204
v 9.458406 10.030197 -4.239022
v 9.559885 10.030138 -4.223383
v 9.558746 10.030138 -4.424843
v 9.458406 10.030197 -4.409204
v 9.343565 7.534934 -4.235667
v 9.344704 7.534934 -4.412559
v 9.343565 10.030138 -4.223383
v 9.344704 10.030138 -4.424843
vn -1.0000 -0.0000 -0.0000
vn -0.0576 -0.0025 -0.9983
vn -0.0570 -0.0025 0.9984
vn 0.0576 -0.0025 -0.9983
vn 0.0570 -0.0025 0.9984
vn 1.0000 -0.0000 -0.0000
vn 0.0942 0.0025 0.9955
vn 0.0932 0.0025 -0.9956
vn -0.0832 0.0025 0.9965
vn -0.0824 0.0025 -0.9966
vn -0.0000 -0.9998 -0.0179
vn -0.0000 -0.9998 0.0179
vn 0.0356 -0.9994 -0.0000
vn -0.0020 0.9998 0.0172
vn -0.0020 0.9998 -0.0172
vn -0.0356 0.9994 -0.0000
vn 0.9983 -0.0003 -0.0576
vn 0.9984 -0.0003 0.0570
vn 0.0020 0.9998 0.0184
vn 0.0021 0.9998 -0.0184
vn -0.9983 -0.0003 -0.0576
vn -0.9984 -0.0003 0.0570
vt 0.605492 -0.837237
vt 0.394508 -0.837237
vt 0.394508 1.837014
vt 0.605492 1.837014
vt 0.612293 -0.837237
vt 0.498210 -0.837237
vt 0.498210 1.837014
vt 0.612293 1.837014
vt 0.613521 -0.837237
vt 0.613521 1.837014
vt 0.384127 -0.837237
vt 0.384127 1.837014
vt 0.382900 1.837014
vt 0.382900 -0.837237
vt 0.591196 -0.836982
vt 0.591196 1.837269
vt 0.408803 1.837269
vt 0.408803 -0.836982
vt 0.612911 -0.837046
vt 0.612911 1.837205
vt 0.505370 1.837269
vt 0.505370 -0.836982
vt 0.614131 1.837205
vt 0.614131 -0.837046
vt 0.383509 -0.837046
vt 0.383509 1.837205
vt 0.382289 -0.837046
vt 0.382289 1.837205
vt 0.613521 0.394508
vt 0.498210 0.394508
vt 0.505370 0.408803
vt 0.614131 0.405208
vt 0.498210 0.605492
vt 0.612293 0.605492
vt 0.612911 0.594793
vt 0.505370 0.591196
vt 0.613521 0.381343
vt 0.614131 0.392042
vt 0.612293 0.618657
vt 0.612911 0.607958
vt 0.618657 1.837014
vt 0.607958 1.837205
vt 0.594793 -0.837046
vt 0.381343 1.837014
vt 0.405208 -0.837046
vt 0.392042 1.837205
vt 0.382900 0.394508
vt 0.382289 0.405208
vt 0.384127 0.605492
vt 0.383509 0.594793
vt 0.382900 0.381343
vt 0.382289 0.392042
vt 0.384127 0.618657
vt 0.383509 0.607958
s 0
usemtl Iron_Rusty
f 932/1521/893 929/1522/893 933/1523/893 936/1524/893
f 931/1525/894 932/1526/894 936/1527/894 935/1528/894
f 929/1526/895 930/1529/895 934/1530/895 933/1527/895
f 938/1531/896 940/1532/896 936/1527/896 932/1526/896
f 929/1526/897 933/1527/897 939/1533/897 937/1534/897
f 944/1535/898 948/1536/898 945/1537/898 941/1538/898
f 943/1539/899 947/1540/899 948/1541/899 944/1542/899
f 941/1542/900 945/1541/900 946/1543/900 942/1544/900
f 950/1545/901 944/1542/901 948/1541/901 952/1546/901
f 941/1542/902 949/1547/902 951/1548/902 945/1541/902
f 930/1549/903 929/1550/903 941/1551/903 942/1552/903
f 932/1553/904 931/1554/904 943/1555/904 944/1556/904
f 929/1550/905 932/1553/905 944/1556/905 941/1551/905
f 933/1550/906 934/1557/906 946/1558/906 945/1551/906
f 935/1559/907 936/1553/907 948/1556/907 947/1560/907
f 936/1553/908 933/1550/908 945/1551/908 948/1556/908
f 931/1521/909 935/1561/909 947/1562/909 943/1563/909
f 934/1564/910 930/1522/910 942/1565/910 946/1566/910
f 929/1550/903 937/1567/903 949/1568/903 941/1551/903
f 938/1569/904 932/1553/904 944/1556/904 950/1570/904
f 939/1571/911 933/1550/911 945/1551/911 951/1572/911
f 936/1553/912 940/1573/912 952/1574/912 948/1556/912
f 940/1561/913 938/1521/913 950/1563/913 952/1562/913
f 937/1522/914 939/1564/914 951/1566/914 949/1565/914
o Cube.039
v 9.321309 9.963161 0.059542
v 9.321309 9.969283 0.065663
v 9.315187 9.969283 0.059542
v 9.321309 9.964954 0.063870
v 9.317775 9.965749 0.063076
v 9.316980 9.969283 0.063870
v 9.316980 9.964954 0.059542
v 9.321309 10.419682 0.065663
v 9.321309 10.425802 0.059542
v 9.315187 10.419682 0.059542
v 9.321309 10.424009 0.063870
v 9.317775 10.423215 0.063076
v 9.316980 10.424009 0.059542
v 9.316980 10.419682 0.063870
v 9.321309 9.963161 -0.218425
v 9.315187 9.969283 -0.218425
v 9.321309 9.969283 -0.224546
v 9.316980 9.964954 -0.218425
v 9.317775 9.965749 -0.221959
v 9.316980 9.969283 -0.222753
v 9.321309 9.964954 -0.222753
v 9.321309 10.425802 -0.218425
v 9.321309 10.419682 -0.224546
v 9.315187 10.419682 -0.218425
v 9.321309 10.424009 -0.222753
v 9.317775 10.423215 -0.221959
v 9.316980 10.419682 -0.222753
v 9.316980 10.424009 -0.218425
v 9.599275 9.963161 0.059542
v 9.605396 9.969283 0.059542
v 9.599275 9.969283 0.065663
v 9.603603 9.964954 0.059542
v 9.602810 9.965749 0.063076
v 9.603603 9.969283 0.063870
v 9.599275 9.964954 0.063870
v 9.599275 10.425802 0.059542
v 9.599275 10.419682 0.065663
v 9.605396 10.419682 0.059542
v 9.599275 10.424009 0.063870
v 9.602810 10.423215 0.063076
v 9.603603 10.419682 0.063870
v 9.603603 10.424009 0.059542
v 9.599275 9.963161 -0.218425
v 9.599275 9.969283 -0.224546
v 9.605396 9.969283 -0.218425
v 9.599275 9.964954 -0.222753
v 9.602810 9.965749 -0.221959
v 9.603603 9.969283 -0.222753
v 9.603603 9.964954 -0.218425
v 9.599275 10.425802 -0.218425
v 9.605396 10.419682 -0.218425
v 9.599275 10.419682 -0.224546
v 9.603603 10.424009 -0.218425
v 9.602810 10.423215 -0.221959
v 9.603603 10.419682 -0.222753
v 9.599275 10.424009 -0.222753
vn -0.1794 -0.9673 0.1794
vn -0.1794 -0.1794 0.9673
vn -0.9673 -0.1794 0.1794
vn -0.1726 -0.6965 0.6965
vn -0.5773 -0.5773 0.5774
vn -0.6965 -0.1726 0.6965
vn -0.6965 -0.6965 0.1726
vn -0.1794 0.1794 0.9673
vn -0.1794 0.9673 0.1794
vn -0.9673 0.1794 0.1794
vn -0.1726 0.6965 0.6965
vn -0.5773 0.5773 0.5774
vn -0.6965 0.6965 0.1726
vn -0.6965 0.1726 0.6965
vn -0.1794 -0.9673 -0.1794
vn -0.9673 -0.1794 -0.1794
vn -0.1794 -0.1794 -0.9673
vn -0.6965 -0.6965 -0.1726
vn -0.5773 -0.5773 -0.5774
vn -0.6965 -0.1726 -0.6965
vn -0.1726 -0.6965 -0.6965
vn -0.1794 0.9673 -0.1794
vn -0.1794 0.1794 -0.9673
vn -0.9673 0.1794 -0.1794
vn -0.1726 0.6965 -0.6965
vn -0.5773 0.5773 -0.5774
vn -0.6965 0.1726 -0.6965
vn -0.6965 0.6965 -0.1726
vn 0.1794 -0.9673 0.1794
vn 0.9673 -0.1794 0.1794
vn 0.1794 -0.1794 0.9673
vn 0.6965 -0.6965 0.1726
vn 0.5773 -0.5773 0.5774
vn 0.6965 -0.1726 0.6965
vn 0.1726 -0.6965 0.6965
vn 0.1794 0.9673 0.1794
vn 0.1794 0.1794 0.9673
vn 0.9673 0.1794 0.1794
vn 0.1726 0.6965 0.6965
vn 0.5773 0.5773 0.5774
vn 0.6965 0.1726 0.6965
vn 0.6965 0.6965 0.1726
vn 0.1794 -0.9673 -0.1794
vn 0.1794 -0.1794 -0.9673
vn 0.9673 -0.1794 -0.1794
vn 0.1726 -0.6965 -0.6965
vn 0.5773 -0.5773 -0.5774
vn 0.6965 -0.1726 -0.6965
vn 0.6965 -0.6965 -0.1726
vn 0.1794 0.9673 -0.1794
vn 0.9673 0.1794 -0.1794
vn 0.1794 0.1794 -0.9673
vn 0.6965 0.6965 -0.1726
vn 0.5773 0.5773 -0.5774
vn 0.6965 0.1726 -0.6965
vn 0.1726 0.6965 -0.6965
vt 0.638983 0.274801
vt 0.638983 0.725199
vt 0.361017 0.725199
vt 0.361017 0.274801
vt 0.638984 0.274801
vt 0.638984 0.725199
vt 0.361016 0.725199
vt 0.361016 0.274801
vt 0.638983 0.638984
vt 0.361017 0.638984
vt 0.361017 0.361016
vt 0.638983 0.361016
vt 0.361017 0.356688
vt 0.357483 0.357482
vt 0.356688 0.361016
vt 0.356688 0.274801
vt 0.357483 0.271267
vt 0.361017 0.270472
vt 0.361016 0.270472
vt 0.357482 0.271267
vt 0.356688 0.274801
vt 0.361017 0.729528
vt 0.357483 0.728733
vt 0.356688 0.725199
vt 0.356688 0.725199
vt 0.357482 0.728733
vt 0.361016 0.729528
vt 0.356688 0.638984
vt 0.357483 0.642518
vt 0.361017 0.643312
vt 0.643312 0.274801
vt 0.642518 0.271267
vt 0.638984 0.270472
vt 0.638984 0.729528
vt 0.642518 0.728733
vt 0.643312 0.725199
vt 0.643312 0.361016
vt 0.642517 0.357482
vt 0.638983 0.356688
vt 0.638983 0.270472
vt 0.642517 0.271267
vt 0.643312 0.274801
vt 0.643312 0.725199
vt 0.642517 0.728733
vt 0.638983 0.729528
vt 0.638983 0.643312
vt 0.642517 0.642518
vt 0.643312 0.638984
s 1
usemtl Iron_Rusty
f 983/1575/945 989/1576/951 960/1577/922 954/1578/916
f 997/1579/959 1003/1580/965 990/1581/952 982/1582/944
f 1002/1583/964 974/1584/936 961/1585/923 988/1586/950
f 955/1582/917 962/1581/924 976/1580/938 968/1579/930
f 969/1578/931 975/1577/937 1004/1576/966 996/1575/958
f 953/1585/915 956/1587/918 957/1588/919 959/1589/921
f 954/1578/916 958/1590/920 957/1591/919 956/1592/918
f 955/1582/917 959/1593/921 957/1594/919 958/1595/920
f 960/1577/922 963/1596/925 964/1597/926 966/1598/928
f 961/1585/923 965/1589/927 964/1588/926 963/1587/925
f 962/1581/924 966/1599/928 964/1600/926 965/1601/927
f 967/1584/929 970/1602/932 971/1603/933 973/1604/935
f 968/1579/930 972/1605/934 971/1606/933 970/1607/932
f 969/1578/931 973/1592/935 971/1591/933 972/1590/934
f 974/1584/936 977/1604/939 978/1603/940 980/1602/942
f 975/1577/937 979/1598/941 978/1597/940 977/1596/939
f 976/1580/938 980/1608/942 978/1609/940 979/1610/941
f 981/1586/943 984/1611/946 985/1612/947 987/1613/949
f 982/1582/944 986/1595/948 985/1594/947 984/1593/946
f 983/1575/945 987/1614/949 985/1615/947 986/1616/948
f 988/1586/950 991/1613/953 992/1612/954 994/1611/956
f 989/1576/951 993/1617/955 992/1618/954 991/1619/953
f 990/1581/952 994/1601/956 992/1600/954 993/1599/955
f 995/1583/957 998/1620/960 999/1621/961 1001/1622/963
f 996/1575/958 1000/1616/962 999/1615/961 998/1614/960
f 997/1579/959 1001/1607/963 999/1606/961 1000/1605/962
f 1002/1583/964 1005/1622/967 1006/1621/968 1008/1620/970
f 1003/1580/965 1007/1610/969 1006/1609/968 1005/1608/967
f 1004/1576/966 1008/1619/970 1006/1618/968 1007/1617/969
f 967/1584/929 953/1585/915 959/1589/921 970/1602/932
f 970/1607/932 959/1593/921 955/1582/917 968/1579/930
f 954/1578/916 960/1577/922 966/1598/928 958/1590/920
f 958/1595/920 966/1599/928 962/1581/924 955/1582/917
f 961/1585/923 974/1584/936 980/1602/942 965/1589/927
f 965/1601/927 980/1608/942 976/1580/938 962/1581/924
f 975/1577/937 969/1578/931 972/1590/934 979/1598/941
f 979/1610/941 972/1605/934 968/1579/930 976/1580/938
f 995/1583/957 967/1584/929 973/1604/935 998/1620/960
f 998/1614/960 973/1592/935 969/1578/931 996/1575/958
f 974/1584/936 1002/1583/964 1008/1620/970 977/1604/939
f 977/1596/939 1008/1619/970 1004/1576/966 975/1577/937
f 1003/1580/965 997/1579/959 1000/1605/962 1007/1610/969
f 1007/1617/969 1000/1616/962 996/1575/958 1004/1576/966
f 981/1586/943 995/1583/957 1001/1622/963 984/1611/946
f 984/1593/946 1001/1607/963 997/1579/959 982/1582/944
f 1002/1583/964 988/1586/950 994/1611/956 1005/1622/967
f 1005/1608/967 994/1601/956 990/1581/952 1003/1580/965
f 989/1576/951 983/1575/945 986/1616/948 993/1617/955
f 993/1599/955 986/1595/948 982/1582/944 990/1581/952
f 953/1585/915 981/1586/943 987/1613/949 956/1587/918
f 956/1592/918 987/1614/949 983/1575/945 954/1578/916
f 988/1586/950 961/1585/923 963/1587/925 991/1613/953
f 991/1619/953 963/1596/925 960/1577/922 989/1576/951
f 967/1584/929 995/1583/957 981/1586/943 953/1585/915
o Cube.040
v 4.599362 9.963161 0.059542
v 4.599362 9.969283 0.065663
v 4.593241 9.969283 0.059542
v 4.599362 9.964954 0.063870
v 4.595828 9.965749 0.063076
v 4.595034 9.969283 0.063870
v 4.595034 9.964954 0.059542
v 4.599362 10.419682 0.065663
v 4.599362 10.425802 0.059542
v 4.593241 10.419682 0.059542
v 4.599362 10.424009 0.063870
v 4.595828 10.423215 0.063076
v 4.595034 10.424009 0.059542
v 4.595034 10.419682 0.063870
v 4.599362 9.963161 -0.218425
v 4.593241 9.969283 -0.218425
v 4.599362 9.969283 -0.224546
v 4.595034 9.964954 -0.218425
v 4.595828 9.965749 -0.221959
v 4.595034 9.969283 -0.222753
v 4.599362 9.964954 -0.222753
v 4.599362 10.425802 -0.218425
v 4.599362 10.419682 -0.224546
v 4.593241 10.419682 -0.218425
v 4.599362 10.424009 -0.222753
v 4.595828 10.423215 -0.221959
v 4.595034 10.419682 -0.222753
v 4.595034 10.424009 -0.218425
v 4.877328 9.963161 0.059542
v 4.883450 9.969283 0.059542
v 4.877328 9.969283 0.065663
v 4.881657 9.964954 0.059542
v 4.880863 9.965749 0.063076
v 4.881657 9.969283 0.063870
v 4.877328 9.964954 0.063870
v 4.877328 10.425802 0.059542
v 4.877328 10.419682 0.065663
v 4.883450 10.419682 0.059542
v 4.877328 10.424009 0.063870
v 4.880863 10.423215 0.063076
v 4.881657 10.419682 0.063870
v 4.881657 10.424009 0.059542
v 4.877328 9.963161 -0.218425
v 4.877328 9.969283 -0.224546
v 4.883450 9.969283 -0.218425
v 4.877328 9.964954 -0.222753
v 4.880863 9.965749 -0.221959
v 4.881657 9.969283 -0.222753
v 4.881657 9.964954 -0.218425
v 4.877328 10.425802 -0.218425
v 4.883450 10.419682 -0.218425
v 4.877328 10.419682 -0.224546
v 4.881657 10.424009 -0.218425
v 4.880863 10.423215 -0.221959
v 4.881657 10.419682 -0.222753
v 4.877328 10.424009 -0.222753
vn -0.1794 -0.9673 0.1794
vn -0.1794 -0.1794 0.9673
vn -0.9673 -0.1794 0.1794
vn -0.1726 -0.6965 0.6965
vn -0.5773 -0.5773 0.5774
vn -0.6965 -0.1726 0.6965
vn -0.6965 -0.6965 0.1726
vn -0.1794 0.1794 0.9673
vn -0.1794 0.9673 0.1794
vn -0.9673 0.1794 0.1794
vn -0.1726 0.6965 0.6965
vn -0.5773 0.5773 0.5774
vn -0.6965 0.6965 0.1726
vn -0.6965 0.1726 0.6965
vn -0.1794 -0.9673 -0.1794
vn -0.9673 -0.1794 -0.1794
vn -0.1794 -0.1794 -0.9673
vn -0.6965 -0.6965 -0.1726
vn -0.5773 -0.5773 -0.5774
vn -0.6965 -0.1726 -0.6965
vn -0.1726 -0.6965 -0.6965
vn -0.1794 0.9673 -0.1794
vn -0.1794 0.1794 -0.9673
vn -0.9673 0.1794 -0.1794
vn -0.1726 0.6965 -0.6965
vn -0.5773 0.5773 -0.5774
vn -0.6965 0.1726 -0.6965
vn -0.6965 0.6965 -0.1726
vn 0.1794 -0.9673 0.1794
vn 0.9673 -0.1794 0.1794
vn 0.1794 -0.1794 0.9673
vn 0.6965 -0.6965 0.1726
vn 0.5773 -0.5773 0.5774
vn 0.6965 -0.1726 0.6965
vn 0.1726 -0.6965 0.6965
vn 0.1794 0.9673 0.1794
vn 0.1794 0.1794 0.9673
vn 0.9673 0.1794 0.1794
vn 0.1726 0.6965 0.6965
vn 0.5773 0.5773 0.5774
vn 0.6965 0.1726 0.6965
vn 0.6965 0.6965 0.1726
vn 0.1794 -0.9673 -0.1794
vn 0.1794 -0.1794 -0.9673
vn 0.9673 -0.1794 -0.1794
vn 0.1726 -0.6965 -0.6965
vn 0.5773 -0.5773 -0.5774
vn 0.6965 -0.1726 -0.6965
vn 0.6965 -0.6965 -0.1726
vn 0.1794 0.9673 -0.1794
vn 0.9673 0.1794 -0.1794
vn 0.1794 0.1794 -0.9673
vn 0.6965 0.6965 -0.1726
vn 0.5773 0.5773 -0.5774
vn 0.6965 0.1726 -0.6965
vn 0.1726 0.6965 -0.6965
vt 0.638983 0.274801
vt 0.638983 0.725199
vt 0.361017 0.725199
vt 0.361017 0.274801
vt 0.638984 0.274801
vt 0.638984 0.725199
vt 0.361016 0.725199
vt 0.361016 0.274801
vt 0.638983 0.638984
vt 0.361017 0.638984
vt 0.361017 0.361016
vt 0.638983 0.361016
vt 0.361017 0.356688
vt 0.357483 0.357482
vt 0.356688 0.361016
vt 0.356688 0.274801
vt 0.357483 0.271267
vt 0.361017 0.270472
vt 0.361016 0.270472
vt 0.357482 0.271267
vt 0.356688 0.274801
vt 0.361017 0.729528
vt 0.357483 0.728733
vt 0.356688 0.725199
vt 0.356688 0.725199
vt 0.357482 0.728733
vt 0.361016 0.729528
vt 0.356688 0.638984
vt 0.357483 0.642518
vt 0.361017 0.643312
vt 0.643312 0.274801
vt 0.642518 0.271267
vt 0.638984 0.270472
vt 0.638984 0.729528
vt 0.642518 0.728733
vt 0.643312 0.725199
vt 0.643312 0.361016
vt 0.642517 0.357482
vt 0.638983 0.356688
vt 0.638983 0.270472
vt 0.642517 0.271267
vt 0.643312 0.274801
vt 0.643312 0.725199
vt 0.642517 0.728733
vt 0.638983 0.729528
vt 0.638983 0.643312
vt 0.642517 0.642518
vt 0.643312 0.638984
s 1
usemtl Iron_Rusty
f 1039/1623/1001 1045/1624/1007 1016/1625/978 1010/1626/972
f 1053/1627/1015 1059/1628/1021 1046/1629/1008 1038/1630/1000
f 1058/1631/1020 1030/1632/992 1017/1633/979 1044/1634/1006
f 1011/1630/973 1018/1629/980 1032/1628/994 1024/1627/986
f 1025/1626/987 1031/1625/993 1060/1624/1022 1052/1623/1014
f 1009/1633/971 1012/1635/974 1013/1636/975 1015/1637/977
f 1010/1626/972 1014/1638/976 1013/1639/975 1012/1640/974
f 1011/1630/973 1015/1641/977 1013/1642/975 1014/1643/976
f 1016/1625/978 1019/1644/981 1020/1645/982 1022/1646/984
f 1017/1633/979 1021/1637/983 1020/1636/982 1019/1635/981
f 1018/1629/980 1022/1647/984 1020/1648/982 1021/1649/983
f 1023/1632/985 1026/1650/988 1027/1651/989 1029/1652/991
f 1024/1627/986 1028/1653/990 1027/1654/989 1026/1655/988
f 1025/1626/987 1029/1640/991 1027/1639/989 1028/1638/990
f 1030/1632/992 1033/1652/995 1034/1651/996 1036/1650/998
f 1031/1625/993 1035/1646/997 1034/1645/996 1033/1644/995
f 1032/1628/994 1036/1656/998 1034/1657/996 1035/1658/997
f 1037/1634/999 1040/1659/1002 1041/1660/1003 1043/1661/1005
f 1038/1630/1000 1042/1643/1004 1041/1642/1003 1040/1641/1002
f 1039/1623/1001 1043/1662/1005 1041/1663/1003 1042/1664/1004
f 1044/1634/1006 1047/1661/1009 1048/1660/1010 1050/1659/1012
f 1045/1624/1007 1049/1665/1011 1048/1666/1010 1047/1667/1009
f 1046/1629/1008 1050/1649/1012 1048/1648/1010 1049/1647/1011
f 1051/1631/1013 1054/1668/1016 1055/1669/1017 1057/1670/1019
f 1052/1623/1014 1056/1664/1018 1055/1663/1017 1054/1662/1016
f 1053/1627/1015 1057/1655/1019 1055/1654/1017 1056/1653/1018
f 1058/1631/1020 1061/1670/1023 1062/1669/1024 1064/1668/1026
f 1059/1628/1021 1063/1658/1025 1062/1657/1024 1061/1656/1023
f 1060/1624/1022 1064/1667/1026 1062/1666/1024 1063/1665/1025
f 1023/1632/985 1009/1633/971 1015/1637/977 1026/1650/988
f 1026/1655/988 1015/1641/977 1011/1630/973 1024/1627/986
f 1010/1626/972 1016/1625/978 1022/1646/984 1014/1638/976
f 1014/1643/976 1022/1647/984 1018/1629/980 1011/1630/973
f 1017/1633/979 1030/1632/992 1036/1650/998 1021/1637/983
f 1021/1649/983 1036/1656/998 1032/1628/994 1018/1629/980
f 1031/1625/993 1025/1626/987 1028/1638/990 1035/1646/997
f 1035/1658/997 1028/1653/990 1024/1627/986 1032/1628/994
f 1051/1631/1013 1023/1632/985 1029/1652/991 1054/1668/1016
f 1054/1662/1016 1029/1640/991 1025/1626/987 1052/1623/1014
f 1030/1632/992 1058/1631/1020 1064/1668/1026 1033/1652/995
f 1033/1644/995 1064/1667/1026 1060/1624/1022 1031/1625/993
f 1059/1628/1021 1053/1627/1015 1056/1653/1018 1063/1658/1025
f 1063/1665/1025 1056/1664/1018 1052/1623/1014 1060/1624/1022
f 1037/1634/999 1051/1631/1013 1057/1670/1019 1040/1659/1002
f 1040/1641/1002 1057/1655/1019 1053/1627/1015 1038/1630/1000
f 1058/1631/1020 1044/1634/1006 1050/1659/1012 1061/1670/1023
f 1061/1656/1023 1050/1649/1012 1046/1629/1008 1059/1628/1021
f 1045/1624/1007 1039/1623/1001 1042/1664/1004 1049/1665/1011
f 1049/1647/1011 1042/1643/1004 1038/1630/1000 1046/1629/1008
f 1009/1633/971 1037/1634/999 1043/1661/1005 1012/1635/974
f 1012/1640/974 1043/1662/1005 1039/1623/1001 1010/1626/972
f 1044/1634/1006 1017/1633/979 1019/1635/981 1047/1661/1009
f 1047/1667/1009 1019/1644/981 1016/1625/978 1045/1624/1007
f 1023/1632/985 1051/1631/1013 1037/1634/999 1009/1633/971
o Cube.041
v 9.321309 9.963161 -4.181565
v 9.321309 9.969283 -4.175445
v 9.315187 9.969283 -4.181565
v 9.321309 9.964954 -4.177237
v 9.317775 9.965749 -4.178031
v 9.316980 9.969283 -4.177237
v 9.316980 9.964954 -4.181565
v 9.321309 10.419682 -4.175445
v 9.321309 10.425802 -4.181565
v 9.315187 10.419682 -4.181565
v 9.321309 10.424009 -4.177237
v 9.317775 10.423215 -4.178031
v 9.316980 10.424009 -4.181565
v 9.316980 10.419682 -4.177237
v 9.321309 9.963161 -4.459533
v 9.315187 9.969283 -4.459533
v 9.321309 9.969283 -4.465653
v 9.316980 9.964954 -4.459533
v 9.317775 9.965749 -4.463067
v 9.316980 9.969283 -4.463861
v 9.321309 9.964954 -4.463861
v 9.321309 10.425802 -4.459533
v 9.321309 10.419682 -4.465653
v 9.315187 10.419682 -4.459533
v 9.321309 10.424009 -4.463861
v 9.317775 10.423215 -4.463067
v 9.316980 10.419682 -4.463861
v 9.316980 10.424009 -4.459533
v 9.599275 9.963161 -4.181565
v 9.605396 9.969283 -4.181565
v 9.599275 9.969283 -4.175445
v 9.603603 9.964954 -4.181565
v 9.602810 9.965749 -4.178031
v 9.603603 9.969283 -4.177237
v 9.599275 9.964954 -4.177237
v 9.599275 10.425802 -4.181565
v 9.599275 10.419682 -4.175445
v 9.605396 10.419682 -4.181565
v 9.599275 10.424009 -4.177237
v 9.602810 10.423215 -4.178031
v 9.603603 10.419682 -4.177237
v 9.603603 10.424009 -4.181565
v 9.599275 9.963161 -4.459533
v 9.599275 9.969283 -4.465653
v 9.605396 9.969283 -4.459533
v 9.599275 9.964954 -4.463861
v 9.602810 9.965749 -4.463067
v 9.603603 9.969283 -4.463861
v 9.603603 9.964954 -4.459533
v 9.599275 10.425802 -4.459533
v 9.605396 10.419682 -4.459533
v 9.599275 10.419682 -4.465653
v 9.603603 10.424009 -4.459533
v 9.602810 10.423215 -4.463067
v 9.603603 10.419682 -4.463861
v 9.599275 10.424009 -4.463861
vn -0.1794 -0.9673 0.1794
vn -0.1794 -0.1794 0.9673
vn -0.9673 -0.1794 0.1794
vn -0.1726 -0.6965 0.6965
vn -0.5773 -0.5773 0.5774
vn -0.6965 -0.1726 0.6965
vn -0.6965 -0.6965 0.1726
vn -0.1794 0.1794 0.9673
vn -0.1794 0.9673 0.1794
vn -0.9673 0.1794 0.1794
vn -0.1726 0.6965 0.6965
vn -0.5773 0.5773 0.5774
vn -0.6965 0.6965 0.1726
vn -0.6965 0.1726 0.6965
vn -0.1794 -0.9673 -0.1794
vn -0.9673 -0.1794 -0.1794
vn -0.1794 -0.1794 -0.9673
vn -0.6965 -0.6965 -0.1726
vn -0.5773 -0.5773 -0.5774
vn -0.6965 -0.1726 -0.6965
vn -0.1726 -0.6965 -0.6965
vn -0.1794 0.9673 -0.1794
vn -0.1794 0.1794 -0.9673
vn -0.9673 0.1794 -0.1794
vn -0.1726 0.6965 -0.6965
vn -0.5773 0.5773 -0.5774
vn -0.6965 0.1726 -0.6965
vn -0.6965 0.6965 -0.1726
vn 0.1794 -0.9673 0.1794
vn 0.9673 -0.1794 0.1794
vn 0.1794 -0.1794 0.9673
vn 0.6965 -0.6965 0.1726
vn 0.5773 -0.5773 0.5774
vn 0.6965 -0.1726 0.6965
vn 0.1726 -0.6965 0.6965
vn 0.1794 0.9673 0.1794
vn 0.1794 0.1794 0.9673
vn 0.9673 0.1794 0.1794
vn 0.1726 0.6965 0.6965
vn 0.5773 0.5773 0.5774
vn 0.6965 0.1726 0.6965
vn 0.6965 0.6965 0.1726
vn 0.1794 -0.9673 -0.1794
vn 0.1794 -0.1794 -0.9673
vn 0.9673 -0.1794 -0.1794
vn 0.1726 -0.6965 -0.6965
vn 0.5773 -0.5773 -0.5774
vn 0.6965 -0.1726 -0.6965
vn 0.6965 -0.6965 -0.1726
vn 0.1794 0.9673 -0.1794
vn 0.9673 0.1794 -0.1794
vn 0.1794 0.1794 -0.9673
vn 0.6965 0.6965 -0.1726
vn 0.5773 0.5773 -0.5774
vn 0.6965 0.1726 -0.6965
vn 0.1726 0.6965 -0.6965
vt 0.638983 0.274801
vt 0.638983 0.725199
vt 0.361017 0.725199
vt 0.361017 0.274801
vt 0.638984 0.274801
vt 0.638984 0.725199
vt 0.361016 0.725199
vt 0.361016 0.274801
vt 0.638983 0.638984
vt 0.361017 0.638984
vt 0.361017 0.361016
vt 0.638983 0.361016
vt 0.361017 0.356688
vt 0.357483 0.357482
vt 0.356688 0.361016
vt 0.356688 0.274801
vt 0.357483 0.271267
vt 0.361017 0.270472
vt 0.361016 0.270472
vt 0.357482 0.271267
vt 0.356688 0.274801
vt 0.361017 0.729528
vt 0.357483 0.728733
vt 0.356688 0.725199
vt 0.356688 0.725199
vt 0.357482 0.728733
vt 0.361016 0.729528
vt 0.356688 0.638984
vt 0.357483 0.642518
vt 0.361017 0.643312
vt 0.643312 0.274801
vt 0.642518 0.271267
vt 0.638984 0.270472
vt 0.638984 0.729528
vt 0.642518 0.728733
vt 0.643312 0.725199
vt 0.643312 0.361016
vt 0.642517 0.357482
vt 0.638983 0.356688
vt 0.638983 0.270472
vt 0.642517 0.271267
vt 0.643312 0.274801
vt 0.643312 0.725199
vt 0.642517 0.728733
vt 0.638983 0.729528
vt 0.638983 0.643312
vt 0.642517 0.642518
vt 0.643312 0.638984
s 1
usemtl Iron_Rusty
f 1095/1671/1057 1101/1672/1063 1072/1673/1034 1066/1674/1028
f 1109/1675/1071 1115/1676/1077 1102/1677/1064 1094/1678/1056
f 1114/1679/1076 1086/1680/1048 1073/1681/1035 1100/1682/1062
f 1067/1678/1029 1074/1677/1036 1088/1676/1050 1080/1675/1042
f 1081/1674/1043 1087/1673/1049 1116/1672/1078 1108/1671/1070
f 1065/1681/1027 1068/1683/1030 1069/1684/1031 1071/1685/1033
f 1066/1674/1028 1070/1686/1032 1069/1687/1031 1068/1688/1030
f 1067/1678/1029 1071/1689/1033 1069/1690/1031 1070/1691/1032
f 1072/1673/1034 1075/1692/1037 1076/1693/1038 1078/1694/1040
f 1073/1681/1035 1077/1685/1039 1076/1684/1038 1075/1683/1037
f 1074/1677/1036 1078/1695/1040 1076/1696/1038 1077/1697/1039
f 1079/1680/1041 1082/1698/1044 1083/1699/1045 1085/1700/1047
f 1080/1675/1042 1084/1701/1046 1083/1702/1045 1082/1703/1044
f 1081/1674/1043 1085/1688/1047 1083/1687/1045 1084/1686/1046
f 1086/1680/1048 1089/1700/1051 1090/1699/1052 1092/1698/1054
f 1087/1673/1049 1091/1694/1053 1090/1693/1052 1089/1692/1051
f 1088/1676/1050 1092/1704/1054 1090/1705/1052 1091/1706/1053
f 1093/1682/1055 1096/1707/1058 1097/1708/1059 1099/1709/1061
f 1094/1678/1056 1098/1691/1060 1097/1690/1059 1096/1689/1058
f 1095/1671/1057 1099/1710/1061 1097/1711/1059 1098/1712/1060
f 1100/1682/1062 1103/1709/1065 1104/1708/1066 1106/1707/1068
f 1101/1672/1063 1105/1713/1067 1104/1714/1066 1103/1715/1065
f 1102/1677/1064 1106/1697/1068 1104/1696/1066 1105/1695/1067
f 1107/1679/1069 1110/1716/1072 1111/1717/1073 1113/1718/1075
f 1108/1671/1070 1112/1712/1074 1111/1711/1073 1110/1710/1072
f 1109/1675/1071 1113/1703/1075 1111/1702/1073 1112/1701/1074
f 1114/1679/1076 1117/1718/1079 1118/1717/1080 1120/1716/1082
f 1115/1676/1077 1119/1706/1081 1118/1705/1080 1117/1704/1079
f 1116/1672/1078 1120/1715/1082 1118/1714/1080 1119/1713/1081
f 1079/1680/1041 1065/1681/1027 1071/1685/1033 1082/1698/1044
f 1082/1703/1044 1071/1689/1033 1067/1678/1029 1080/1675/1042
f 1066/1674/1028 1072/1673/1034 1078/1694/1040 1070/1686/1032
f 1070/1691/1032 1078/1695/1040 1074/1677/1036 1067/1678/1029
f 1073/1681/1035 1086/1680/1048 1092/1698/1054 1077/1685/1039
f 1077/1697/1039 1092/1704/1054 1088/1676/1050 1074/1677/1036
f 1087/1673/1049 1081/1674/1043 1084/1686/1046 1091/1694/1053
f 1091/1706/1053 1084/1701/1046 1080/1675/1042 1088/1676/1050
f 1107/1679/1069 1079/1680/1041 1085/1700/1047 1110/1716/1072
f 1110/1710/1072 1085/1688/1047 1081/1674/1043 1108/1671/1070
f 1086/1680/1048 1114/1679/1076 1120/1716/1082 1089/1700/1051
f 1089/1692/1051 1120/1715/1082 1116/1672/1078 1087/1673/1049
f 1115/1676/1077 1109/1675/1071 1112/1701/1074 1119/1706/1081
f 1119/1713/1081 1112/1712/1074 1108/1671/1070 1116/1672/1078
f 1093/1682/1055 1107/1679/1069 1113/1718/1075 1096/1707/1058
f 1096/1689/1058 1113/1703/1075 1109/1675/1071 1094/1678/1056
f 1114/1679/1076 1100/1682/1062 1106/1707/1068 1117/1718/1079
f 1117/1704/1079 1106/1697/1068 1102/1677/1064 1115/1676/1077
f 1101/1672/1063 1095/1671/1057 1098/1712/1060 1105/1713/1067
f 1105/1695/1067 1098/1691/1060 1094/1678/1056 1102/1677/1064
f 1065/1681/1027 1093/1682/1055 1099/1709/1061 1068/1683/1030
f 1068/1688/1030 1099/1710/1061 1095/1671/1057 1066/1674/1028
f 1100/1682/1062 1073/1681/1035 1075/1683/1037 1103/1709/1065
f 1103/1715/1065 1075/1692/1037 1072/1673/1034 1101/1672/1063
f 1079/1680/1041 1107/1679/1069 1093/1682/1055 1065/1681/1027
o Cube.042
v 4.599362 9.963161 -4.181565
v 4.599362 9.969283 -4.175445
v 4.593241 9.969283 -4.181565
v 4.599362 9.964954 -4.177237
v 4.595828 9.965749 -4.178031
v 4.595034 9.969283 -4.177237
v 4.595034 9.964954 -4.181565
v 4.599362 10.419682 -4.175445
v 4.599362 10.425802 -4.181565
v 4.593241 10.419682 -4.181565
v 4.599362 10.424009 -4.177237
v 4.595828 10.423215 -4.178031
v 4.595034 10.424009 -4.181565
v 4.595034 10.419682 -4.177237
v 4.599362 9.963161 -4.459533
v 4.593241 9.969283 -4.459533
v 4.599362 9.969283 -4.465653
v 4.595034 9.964954 -4.459533
v 4.595828 9.965749 -4.463067
v 4.595034 9.969283 -4.463861
v 4.599362 9.964954 -4.463861
v 4.599362 10.425802 -4.459533
v 4.599362 10.419682 -4.465653
v 4.593241 10.419682 -4.459533
v 4.599362 10.424009 -4.463861
v 4.595828 10.423215 -4.463067
v 4.595034 10.419682 -4.463861
v 4.595034 10.424009 -4.459533
v 4.877328 9.963161 -4.181565
v 4.883450 9.969283 -4.181565
v 4.877328 9.969283 -4.175445
v 4.881657 9.964954 -4.181565
v 4.880863 9.965749 -4.178031
v 4.881657 9.969283 -4.177237
v 4.877328 9.964954 -4.177237
v 4.877328 10.425802 -4.181565
v 4.877328 10.419682 -4.175445
v 4.883450 10.419682 -4.181565
v 4.877328 10.424009 -4.177237
v 4.880863 10.423215 -4.178031
v 4.881657 10.419682 -4.177237
v 4.881657 10.424009 -4.181565
v 4.877328 9.963161 -4.459533
v 4.877328 9.969283 -4.465653
v 4.883450 9.969283 -4.459533
v 4.877328 9.964954 -4.463861
v 4.880863 9.965749 -4.463067
v 4.881657 9.969283 -4.463861
v 4.881657 9.964954 -4.459533
v 4.877328 10.425802 -4.459533
v 4.883450 10.419682 -4.459533
v 4.877328 10.419682 -4.465653
v 4.881657 10.424009 -4.459533
v 4.880863 10.423215 -4.463067
v 4.881657 10.419682 -4.463861
v 4.877328 10.424009 -4.463861
vn -0.1794 -0.9673 0.1794
vn -0.1794 -0.1794 0.9673
vn -0.9673 -0.1794 0.1794
vn -0.1726 -0.6965 0.6965
vn -0.5773 -0.5773 0.5774
vn -0.6965 -0.1726 0.6965
vn -0.6965 -0.6965 0.1726
vn -0.1794 0.1794 0.9673
vn -0.1794 0.9673 0.1794
vn -0.9673 0.1794 0.1794
vn -0.1726 0.6965 0.6965
vn -0.5773 0.5773 0.5774
vn -0.6965 0.6965 0.1726
vn -0.6965 0.1726 0.6965
vn -0.1794 -0.9673 -0.1794
vn -0.9673 -0.1794 -0.1794
vn -0.1794 -0.1794 -0.9673
vn -0.6965 -0.6965 -0.1726
vn -0.5773 -0.5773 -0.5774
vn -0.6965 -0.1726 -0.6965
vn -0.1726 -0.6965 -0.6965
vn -0.1794 0.9673 -0.1794
vn -0.1794 0.1794 -0.9673
vn -0.9673 0.1794 -0.1794
vn -0.1726 0.6965 -0.6965
vn -0.5773 0.5773 -0.5774
vn -0.6965 0.1726 -0.6965
vn -0.6965 0.6965 -0.1726
vn 0.1794 -0.9673 0.1794
vn 0.9673 -0.1794 0.1794
vn 0.1794 -0.1794 0.9673
vn 0.6965 -0.6965 0.1726
vn 0.5773 -0.5773 0.5774
vn 0.6965 -0.1726 0.6965
vn 0.1726 -0.6965 0.6965
vn 0.1794 0.9673 0.1794
vn 0.1794 0.1794 0.9673
vn 0.9673 0.1794 0.1794
vn 0.1726 0.6965 0.6965
vn 0.5773 0.5773 0.5774
vn 0.6965 0.1726 0.6965
vn 0.6965 0.6965 0.1726
vn 0.1794 -0.9673 -0.1794
vn 0.1794 -0.1794 -0.9673
vn 0.9673 -0.1794 -0.1794
vn 0.1726 -0.6965 -0.6965
vn 0.5773 -0.5773 -0.5774
vn 0.6965 -0.1726 -0.6965
vn 0.6965 -0.6965 -0.1726
vn 0.1794 0.9673 -0.1794
vn 0.9673 0.1794 -0.1794
vn 0.1794 0.1794 -0.9673
vn 0.6965 0.6965 -0.1726
vn 0.5773 0.5773 -0.5774
vn 0.6965 0.1726 -0.6965
vn 0.1726 0.6965 -0.6965
vt 0.638983 0.274801
vt 0.638983 0.725199
vt 0.361017 0.725199
vt 0.361017 0.274801
vt 0.638984 0.274801
vt 0.638984 0.725199
vt 0.361016 0.725199
vt 0.361016 0.274801
vt 0.638983 0.638984
vt 0.361017 0.638984
vt 0.361017 0.361016
vt 0.638983 0.361016
vt 0.361017 0.356688
vt 0.357483 0.357482
vt 0.356688 0.361016
vt 0.356688 0.274801
vt 0.357483 0.271267
vt 0.361017 0.270472
vt 0.361016 0.270472
vt 0.357482 0.271267
vt 0.356688 0.274801
vt 0.361017 0.729528
vt 0.357483 0.728733
vt 0.356688 0.725199
vt 0.356688 0.725199
vt 0.357482 0.728733
vt 0.361016 0.729528
vt 0.356688 0.638984
vt 0.357483 0.642518
vt 0.361017 0.643312
vt 0.643312 0.274801
vt 0.642518 0.271267
vt 0.638984 0.270472
vt 0.638984 0.729528
vt 0.642518 0.728733
vt 0.643312 0.725199
vt 0.643312 0.361016
vt 0.642517 0.357482
vt 0.638983 0.356688
vt 0.638983 0.270472
vt 0.642517 0.271267
vt 0.643312 0.274801
vt 0.643312 0.725199
vt 0.642517 0.728733
vt 0.638983 0.729528
vt 0.638983 0.643312
vt 0.642517 0.642518
vt 0.643312 0.638984
s 1
usemtl Iron_Rusty
f 1151/1719/1113 1157/1720/1119 1128/1721/1090 1122/1722/1084
f 1165/1723/1127 1171/1724/1133 1158/1725/1120 1150/1726/1112
f 1170/1727/1132 1142/1728/1104 1129/1729/1091 1156/1730/1118
f 1123/1726/1085 1130/1725/1092 1144/1724/1106 1136/1723/1098
f 1137/1722/1099 1143/1721/1105 1172/1720/1134 1164/1719/1126
f 1121/1729/1083 1124/1731/1086 1125/1732/1087 1127/1733/1089
f 1122/1722/1084 1126/1734/1088 1125/1735/1087 1124/1736/1086
f 1123/1726/1085 1127/1737/1089 1125/1738/1087 1126/1739/1088
f 1128/1721/1090 1131/1740/1093 1132/1741/1094 1134/1742/1096
f 1129/1729/1091 1133/1733/1095 1132/1732/1094 1131/1731/1093
f 1130/1725/1092 1134/1743/1096 1132/1744/1094 1133/1745/1095
f 1135/1728/1097 1138/1746/1100 1139/1747/1101 1141/1748/1103
f 1136/1723/1098 1140/1749/1102 1139/1750/1101 1138/1751/1100
f 1137/1722/1099 1141/1736/1103 1139/1735/1101 1140/1734/1102
f 1142/1728/1104 1145/1748/1107 1146/1747/1108 1148/1746/1110
f 1143/1721/1105 1147/1742/1109 1146/1741/1108 1145/1740/1107
f 1144/1724/1106 1148/1752/1110 1146/1753/1108 1147/1754/1109
f 1149/1730/1111 1152/1755/1114 1153/1756/1115 1155/1757/1117
f 1150/1726/1112 1154/1739/1116 1153/1738/1115 1152/1737/1114
f 1151/1719/1113 1155/1758/1117 1153/1759/1115 1154/1760/1116
f 1156/1730/1118 1159/1757/1121 1160/1756/1122 1162/1755/1124
f 1157/1720/1119 1161/1761/1123 1160/1762/1122 1159/1763/1121
f 1158/1725/1120 1162/1745/1124 1160/1744/1122 1161/1743/1123
f 1163/1727/1125 1166/1764/1128 1167/1765/1129 1169/1766/1131
f 1164/1719/1126 1168/1760/1130 1167/1759/1129 1166/1758/1128
f 1165/1723/1127 1169/1751/1131 1167/1750/1129 1168/1749/1130
f 1170/1727/1132 1173/1766/1135 1174/1765/1136 1176/1764/1138
f 1171/1724/1133 1175/1754/1137 1174/1753/1136 1173/1752/1135
f 1172/1720/1134 1176/1763/1138 1174/1762/1136 1175/1761/1137
f 1135/1728/1097 1121/1729/1083 1127/1733/1089 1138/1746/1100
f 1138/1751/1100 1127/1737/1089 1123/1726/1085 1136/1723/1098
f 1122/1722/1084 1128/1721/1090 1134/1742/1096 1126/1734/1088
f 1126/1739/1088 1134/1743/1096 1130/1725/1092 1123/1726/1085
f 1129/1729/1091 1142/1728/1104 1148/1746/1110 1133/1733/1095
f 1133/1745/1095 1148/1752/1110 1144/1724/1106 1130/1725/1092
f 1143/1721/1105 1137/1722/1099 1140/1734/1102 1147/1742/1109
f 1147/1754/1109 1140/1749/1102 1136/1723/1098 1144/1724/1106
f 1163/1727/1125 1135/1728/1097 1141/1748/1103 1166/1764/1128
f 1166/1758/1128 1141/1736/1103 1137/1722/1099 1164/1719/1126
f 1142/1728/1104 1170/1727/1132 1176/1764/1138 1145/1748/1107
f 1145/1740/1107 1176/1763/1138 1172/1720/1134 1143/1721/1105
f 1171/1724/1133 1165/1723/1127 1168/1749/1130 1175/1754/1137
f 1175/1761/1137 1168/1760/1130 1164/1719/1126 1172/1720/1134
f 1149/1730/1111 1163/1727/1125 1169/1766/1131 1152/1755/1114
f 1152/1737/1114 1169/1751/1131 1165/1723/1127 1150/1726/1112
f 1170/1727/1132 1156/1730/1118 1162/1755/1124 1173/1766/1135
f 1173/1752/1135 1162/1745/1124 1158/1725/1120 1171/1724/1133
f 1157/1720/1119 1151/1719/1113 1154/1760/1116 1161/1761/1123
f 1161/1743/1123 1154/1739/1116 1150/1726/1112 1158/1725/1120
f 1121/1729/1083 1149/1730/1111 1155/1757/1117 1124/1731/1086
f 1124/1736/1086 1155/1758/1117 1151/1719/1113 1122/1722/1084
f 1156/1730/1118 1129/1729/1091 1131/1731/1093 1159/1757/1121
f 1159/1763/1121 1131/1740/1093 1128/1721/1090 1157/1720/1119
f 1135/1728/1097 1163/1727/1125 1149/1730/1111 1121/1729/1083
o Plane.091
v 4.716495 10.159481 0.000000
v 4.824085 10.159481 0.000000
v 4.822940 10.159481 -0.196858
v 4.716495 10.159481 -0.196858
v 4.716495 12.654686 0.000000
v 4.824085 12.654686 0.012284
v 4.822940 12.654686 -0.209142
v 4.716495 12.654686 -0.196858
v 4.608904 10.159481 0.000000
v 4.610049 10.159481 -0.196858
v 4.608904 12.654686 0.012284
v 4.610049 12.654686 -0.209142
v 4.723175 10.159719 -0.013339
v 4.824655 10.159660 -0.009984
v 4.823516 10.159660 -0.186875
v 4.723175 10.159719 -0.183520
v 4.723175 12.654923 -0.013339
v 4.824655 12.654863 0.002300
v 4.823516 12.654863 -0.199159
v 4.723175 12.654923 -0.183520
v 4.608335 10.159660 -0.009984
v 4.609473 10.159660 -0.186875
v 4.608335 12.654863 0.002300
v 4.609473 12.654863 -0.199159
vn -1.0000 -0.0000 -0.0000
vn -0.0576 -0.0025 -0.9983
vn -0.0570 -0.0025 0.9984
vn 0.0576 -0.0025 -0.9983
vn 0.0570 -0.0025 0.9984
vn 1.0000 -0.0000 -0.0000
vn 0.0942 0.0025 0.9955
vn 0.0932 0.0025 -0.9956
vn -0.0832 0.0025 0.9965
vn -0.0824 0.0025 -0.9966
vn -0.0000 -0.9998 -0.0179
vn -0.0000 -0.9998 0.0179
vn 0.0356 -0.9994 -0.0000
vn -0.0020 0.9998 0.0172
vn -0.0020 0.9998 -0.0172
vn -0.0356 0.9994 -0.0000
vn 0.9983 -0.0003 -0.0576
vn 0.9984 -0.0003 0.0570
vn 0.0020 0.9998 0.0184
vn 0.0021 0.9998 -0.0184
vn -0.9983 -0.0003 -0.0576
vn -0.9984 -0.0003 0.0570
vt 0.605492 -0.837237
vt 0.394508 -0.837237
vt 0.394508 1.837014
vt 0.605492 1.837014
vt 0.612294 -0.837237
vt 0.498210 -0.837237
vt 0.498210 1.837014
vt 0.612294 1.837014
vt 0.613520 -0.837237
vt 0.613520 1.837014
vt 0.384126 -0.837237
vt 0.384126 1.837014
vt 0.382900 1.837014
vt 0.382900 -0.837237
vt 0.591196 -0.836982
vt 0.591196 1.837269
vt 0.408803 1.837269
vt 0.408803 -0.836982
vt 0.612911 -0.837046
vt 0.612911 1.837205
vt 0.505370 1.837269
vt 0.505370 -0.836982
vt 0.505370 -0.836982
vt 0.505370 1.837269
vt 0.614131 1.837205
vt 0.614131 -0.837046
vt 0.383509 -0.837046
vt 0.383509 1.837205
vt 0.382289 -0.837046
vt 0.382289 1.837205
vt 0.613520 0.394508
vt 0.498210 0.394508
vt 0.505370 0.408803
vt 0.614131 0.405208
vt 0.498210 0.605492
vt 0.612294 0.605492
vt 0.612911 0.594793
vt 0.505370 0.591196
vt 0.613520 0.381343
vt 0.614131 0.392042
vt 0.612294 0.618657
vt 0.612911 0.607958
vt 0.618657 1.837014
vt 0.607958 1.837205
vt 0.594793 -0.837046
vt 0.381343 1.837014
vt 0.405208 -0.837046
vt 0.392042 1.837205
vt 0.382900 0.394508
vt 0.382289 0.405208
vt 0.384126 0.605492
vt 0.383509 0.594793
vt 0.382900 0.381343
vt 0.382289 0.392042
vt 0.384126 0.618657
vt 0.383509 0.607958
s 0
usemtl Iron_Rusty
f 1180/1767/1139 1177/1768/1139 1181/1769/1139 1184/1770/1139
f 1179/1771/1140 1180/1772/1140 1184/1773/1140 1183/1774/1140
f 1177/1772/1141 1178/1775/1141 1182/1776/1141 1181/1773/1141
f 1186/1777/1142 1188/1778/1142 1184/1773/1142 1180/1772/1142
f 1177/1772/1143 1181/1773/1143 1187/1779/1143 1185/1780/1143
f 1192/1781/1144 1196/1782/1144 1193/1783/1144 1189/1784/1144
f 1191/1785/1145 1195/1786/1145 1196/1787/1145 1192/1788/1145
f 1189/1789/1146 1193/1790/1146 1194/1791/1146 1190/1792/1146
f 1198/1793/1147 1192/1788/1147 1196/1787/1147 1200/1794/1147
f 1189/1789/1148 1197/1795/1148 1199/1796/1148 1193/1790/1148
f 1178/1797/1149 1177/1798/1149 1189/1799/1149 1190/1800/1149
f 1180/1801/1150 1179/1802/1150 1191/1803/1150 1192/1804/1150
f 1177/1798/1151 1180/1801/1151 1192/1804/1151 1189/1799/1151
f 1181/1798/1152 1182/1805/1152 1194/1806/1152 1193/1799/1152
f 1183/1807/1153 1184/1801/1153 1196/1804/1153 1195/1808/1153
f 1184/1801/1154 1181/1798/1154 1193/1799/1154 1196/1804/1154
f 1179/1767/1155 1183/1809/1155 1195/1810/1155 1191/1811/1155
f 1182/1812/1156 1178/1768/1156 1190/1813/1156 1194/1814/1156
f 1177/1798/1149 1185/1815/1149 1197/1816/1149 1189/1799/1149
f 1186/1817/1150 1180/1801/1150 1192/1804/1150 1198/1818/1150
f 1187/1819/1157 1181/1798/1157 1193/1799/1157 1199/1820/1157
f 1184/1801/1158 1188/1821/1158 1200/1822/1158 1196/1804/1158
f 1188/1809/1159 1186/1767/1159 1198/1811/1159 1200/1810/1159
f 1185/1768/1160 1187/1812/1160 1199/1814/1160 1197/1813/1160
o Plane.092
v 4.847719 12.762845 0.027581
v 4.847719 12.655255 0.027581
v 4.847719 12.656400 -0.169277
v 4.847719 12.762845 -0.169277
v 9.347350 12.762846 0.027581
v 9.347350 12.655255 0.039865
v 9.347350 12.656401 -0.181561
v 9.347350 12.762846 -0.169277
v 4.847719 12.870436 0.027581
v 4.847719 12.869290 -0.169277
v 9.347350 12.870436 0.039865
v 9.347350 12.869291 -0.181561
v 4.848149 12.756166 0.014243
v 4.848041 12.654685 0.017598
v 4.848041 12.655824 -0.159294
v 4.848149 12.756165 -0.155939
v 9.347780 12.756166 0.014243
v 9.347672 12.654686 0.029881
v 9.347672 12.655825 -0.171578
v 9.347780 12.756166 -0.155939
v 4.848041 12.871005 0.017598
v 4.848041 12.869866 -0.159294
v 9.347672 12.871006 0.029881
v 9.347672 12.869867 -0.171578
vn -0.0000 1.0000 -0.0000
vn -0.0014 0.0576 -0.9983
vn -0.0014 0.0570 0.9984
vn -0.0014 -0.0576 -0.9983
vn -0.0014 -0.0570 0.9984
vn -0.0000 -1.0000 -0.0000
vn 0.0014 -0.0942 0.9955
vn 0.0014 -0.0932 -0.9956
vn 0.0014 0.0832 0.9965
vn 0.0014 0.0824 -0.9966
vn -0.9995 -0.0000 -0.0322
vn -0.9995 -0.0000 0.0322
vn -0.9979 -0.0642 -0.0000
vn 0.9995 0.0036 0.0311
vn 0.9995 0.0037 -0.0311
vn 0.9979 0.0642 -0.0000
vn -0.0002 -0.9983 -0.0576
vn -0.0002 -0.9984 0.0570
vn 0.9994 -0.0037 0.0332
vn 0.9994 -0.0037 -0.0332
vn -0.0002 0.9983 -0.0576
vn -0.0002 0.9984 0.0570
vt 0.605492 0.003652
vt 0.394508 0.003652
vt 0.394508 0.996265
vt 0.605492 0.996265
vt 0.612294 0.003652
vt 0.498210 0.003652
vt 0.498210 0.996265
vt 0.612294 0.996265
vt 0.613520 0.003652
vt 0.613520 0.996265
vt 0.384126 0.003652
vt 0.384126 0.996265
vt 0.382900 0.996265
vt 0.382900 0.003652
vt 0.591196 0.003747
vt 0.591196 0.996360
vt 0.408803 0.996360
vt 0.408803 0.003747
vt 0.612911 0.003723
vt 0.612911 0.996336
vt 0.505370 0.996360
vt 0.505370 0.003747
vt 0.505370 0.003747
vt 0.505370 0.996360
vt 0.614131 0.996336
vt 0.614131 0.003723
vt 0.383509 0.003723
vt 0.383509 0.996336
vt 0.382289 0.003723
vt 0.382289 0.996336
vt 0.613520 0.394508
vt 0.498210 0.394508
vt 0.505370 0.408803
vt 0.614131 0.405208
vt 0.498210 0.605492
vt 0.612294 0.605492
vt 0.612911 0.594793
vt 0.505370 0.591196
vt 0.613520 0.381343
vt 0.614131 0.392042
vt 0.612294 0.618657
vt 0.612911 0.607958
vt 0.618657 0.996265
vt 0.607958 0.996336
vt 0.594793 0.003723
vt 0.381343 0.996265
vt 0.405208 0.003723
vt 0.392042 0.996336
vt 0.382900 0.394508
vt 0.382289 0.405208
vt 0.384126 0.605492
vt 0.383509 0.594793
vt 0.382900 0.381343
vt 0.382289 0.392042
vt 0.384126 0.618657
vt 0.383509 0.607958
s 0
usemtl Iron_Rusty
f 1204/1823/1161 1201/1824/1161 1205/1825/1161 1208/1826/1161
f 1203/1827/1162 1204/1828/1162 1208/1829/1162 1207/1830/1162
f 1201/1828/1163 1202/1831/1163 1206/1832/1163 1205/1829/1163
f 1210/1833/1164 1212/1834/1164 1208/1829/1164 1204/1828/1164
f 1201/1828/1165 1205/1829/1165 1211/1835/1165 1209/1836/1165
f 1216/1837/1166 1220/1838/1166 1217/1839/1166 1213/1840/1166
f 1215/1841/1167 1219/1842/1167 1220/1843/1167 1216/1844/1167
f 1213/1845/1168 1217/1846/1168 1218/1847/1168 1214/1848/1168
f 1222/1849/1169 1216/1844/1169 1220/1843/1169 1224/1850/1169
f 1213/1845/1170 1221/1851/1170 1223/1852/1170 1217/1846/1170
f 1202/1853/1171 1201/1854/1171 1213/1855/1171 1214/1856/1171
f 1204/1857/1172 1203/1858/1172 1215/1859/1172 1216/1860/1172
f 1201/1854/1173 1204/1857/1173 1216/1860/1173 1213/1855/1173
f 1205/1854/1174 1206/1861/1174 1218/1862/1174 1217/1855/1174
f 1207/1863/1175 1208/1857/1175 1220/1860/1175 1219/1864/1175
f 1208/1857/1176 1205/1854/1176 1217/1855/1176 1220/1860/1176
f 1203/1823/1177 1207/1865/1177 1219/1866/1177 1215/1867/1177
f 1206/1868/1178 1202/1824/1178 1214/1869/1178 1218/1870/1178
f 1201/1854/1171 1209/1871/1171 1221/1872/1171 1213/1855/1171
f 1210/1873/1172 1204/1857/1172 1216/1860/1172 1222/1874/1172
f 1211/1875/1179 1205/1854/1179 1217/1855/1179 1223/1876/1179
f 1208/1857/1180 1212/1877/1180 1224/1878/1180 1220/1860/1180
f 1212/1865/1181 1210/1823/1181 1222/1867/1181 1224/1866/1181
f 1209/1824/1182 1211/1868/1182 1223/1870/1182 1221/1869/1182
o Plane.093
v 4.716495 10.159481 -4.225684
v 4.824085 10.159481 -4.225684
v 4.822940 10.159481 -4.422542
v 4.716495 10.159481 -4.422542
v 4.716495 12.654686 -4.225684
v 4.824085 12.654686 -4.213400
v 4.822940 12.654686 -4.434826
v 4.716495 12.654686 -4.422542
v 4.608904 10.159481 -4.225684
v 4.610049 10.159481 -4.422542
v 4.608904 12.654686 -4.213400
v 4.610049 12.654686 -4.434826
v 4.723175 10.159719 -4.239022
v 4.824655 10.159660 -4.235667
v 4.823516 10.159660 -4.412559
v 4.723175 10.159719 -4.409204
v 4.723175 12.654923 -4.239022
v 4.824655 12.654863 -4.223383
v 4.823516 12.654863 -4.424843
v 4.723175 12.654923 -4.409204
v 4.608335 10.159660 -4.235667
v 4.609473 10.159660 -4.412559
v 4.608335 12.654863 -4.223383
v 4.609473 12.654863 -4.424843
vn -1.0000 -0.0000 -0.0000
vn -0.0576 -0.0025 -0.9983
vn -0.0570 -0.0025 0.9984
vn 0.0576 -0.0025 -0.9983
vn 0.0570 -0.0025 0.9984
vn 1.0000 -0.0000 -0.0000
vn 0.0942 0.0025 0.9955
vn 0.0932 0.0025 -0.9956
vn -0.0832 0.0025 0.9965
vn -0.0824 0.0025 -0.9966
vn -0.0000 -0.9998 -0.0179
vn -0.0000 -0.9998 0.0179
vn 0.0356 -0.9994 -0.0000
vn -0.0020 0.9998 0.0172
vn -0.0020 0.9998 -0.0172
vn -0.0356 0.9994 -0.0000
vn 0.9983 -0.0003 -0.0576
vn 0.9984 -0.0003 0.0570
vn 0.0020 0.9998 0.0184
vn 0.0021 0.9998 -0.0184
vn -0.9983 -0.0003 -0.0576
vn -0.9984 -0.0003 0.0570
vt 0.605492 -0.837237
vt 0.394508 -0.837237
vt 0.394508 1.837014
vt 0.605492 1.837014
vt 0.612294 -0.837237
vt 0.498210 -0.837237
vt 0.498210 1.837014
vt 0.612294 1.837014
vt 0.613520 -0.837237
vt 0.613520 1.837014
vt 0.384126 -0.837237
vt 0.384126 1.837014
vt 0.382900 1.837014
vt 0.382900 -0.837237
vt 0.591196 -0.836982
vt 0.591196 1.837269
vt 0.408803 1.837269
vt 0.408803 -0.836982
vt 0.612911 -0.837046
vt 0.612911 1.837205
vt 0.505370 1.837269
vt 0.505370 -0.836982
vt 0.505370 -0.836982
vt 0.505370 1.837269
vt 0.614131 1.837205
vt 0.614131 -0.837046
vt 0.383509 -0.837046
vt 0.383509 1.837205
vt 0.382289 -0.837046
vt 0.382289 1.837205
vt 0.613520 0.394508
vt 0.498210 0.394508
vt 0.505370 0.408803
vt 0.614131 0.405208
vt 0.498210 0.605492
vt 0.612294 0.605492
vt 0.612911 0.594793
vt 0.505370 0.591196
vt 0.613520 0.381343
vt 0.614131 0.392042
vt 0.612294 0.618657
vt 0.612911 0.607958
vt 0.618657 1.837014
vt 0.607958 1.837205
vt 0.594793 -0.837046
vt 0.381343 1.837014
vt 0.405208 -0.837046
vt 0.392042 1.837205
vt 0.382900 0.394508
vt 0.382289 0.405208
vt 0.384126 0.605492
vt 0.383509 0.594793
vt 0.382900 0.381343
vt 0.382289 0.392042
vt 0.384126 0.618657
vt 0.383509 0.607958
s 0
usemtl Iron_Rusty
f 1228/1879/1183 1225/1880/1183 1229/1881/1183 1232/1882/1183
f 1227/1883/1184 1228/1884/1184 1232/1885/1184 1231/1886/1184
f 1225/1884/1185 1226/1887/1185 1230/1888/1185 1229/1885/1185
f 1234/1889/1186 1236/1890/1186 1232/1885/1186 1228/1884/1186
f 1225/1884/1187 1229/1885/1187 1235/1891/1187 1233/1892/1187
f 1240/1893/1188 1244/1894/1188 1241/1895/1188 1237/1896/1188
f 1239/1897/1189 1243/1898/1189 1244/1899/1189 1240/1900/1189
f 1237/1901/1190 1241/1902/1190 1242/1903/1190 1238/1904/1190
f 1246/1905/1191 1240/1900/1191 1244/1899/1191 1248/1906/1191
f 1237/1901/1192 1245/1907/1192 1247/1908/1192 1241/1902/1192
f 1226/1909/1193 1225/1910/1193 1237/1911/1193 1238/1912/1193
f 1228/1913/1194 1227/1914/1194 1239/1915/1194 1240/1916/1194
f 1225/1910/1195 1228/1913/1195 1240/1916/1195 1237/1911/1195
f 1229/1910/1196 1230/1917/1196 1242/1918/1196 1241/1911/1196
f 1231/1919/1197 1232/1913/1197 1244/1916/1197 1243/1920/1197
f 1232/1913/1198 1229/1910/1198 1241/1911/1198 1244/1916/1198
f 1227/1879/1199 1231/1921/1199 1243/1922/1199 1239/1923/1199
f 1230/1924/1200 1226/1880/1200 1238/1925/1200 1242/1926/1200
f 1225/1910/1193 1233/1927/1193 1245/1928/1193 1237/1911/1193
f 1234/1929/1194 1228/1913/1194 1240/1916/1194 1246/1930/1194
f 1235/1931/1201 1229/1910/1201 1241/1911/1201 1247/1932/1201
f 1232/1913/1202 1236/1933/1202 1248/1934/1202 1244/1916/1202
f 1236/1921/1203 1234/1879/1203 1246/1923/1203 1248/1922/1203
f 1233/1880/1204 1235/1924/1204 1247/1926/1204 1245/1925/1204
o Plane.094
v 4.847719 12.762845 -4.231132
v 4.847719 12.655255 -4.231132
v 4.847719 12.656400 -4.427990
v 4.847719 12.762845 -4.427990
v 9.347350 12.762846 -4.231132
v 9.347350 12.655255 -4.218848
v 9.347350 12.656401 -4.440274
v 9.347350 12.762846 -4.427990
v 4.847719 12.870436 -4.231132
v 4.847719 12.869290 -4.427990
v 9.347350 12.870436 -4.218848
v 9.347350 12.869291 -4.440274
v 4.848149 12.756166 -4.244471
v 4.848041 12.654685 -4.241116
v 4.848041 12.655824 -4.418007
v 4.848149 12.756165 -4.414652
v 9.347780 12.756166 -4.244471
v 9.347672 12.654686 -4.228832
v 9.347672 12.655825 -4.430291
v 9.347780 12.756166 -4.414652
v 4.848041 12.871005 -4.241116
v 4.848041 12.869866 -4.418007
v 9.347672 12.871006 -4.228832
v 9.347672 12.869867 -4.430291
vn -0.0000 1.0000 -0.0000
vn -0.0014 0.0576 -0.9983
vn -0.0014 0.0570 0.9984
vn -0.0014 -0.0576 -0.9983
vn -0.0014 -0.0570 0.9984
vn -0.0000 -1.0000 -0.0000
vn 0.0014 -0.0942 0.9955
vn 0.0014 -0.0932 -0.9956
vn 0.0014 0.0832 0.9965
vn 0.0014 0.0824 -0.9966
vn -0.9995 -0.0000 -0.0322
vn -0.9995 -0.0000 0.0322
vn -0.9979 -0.0642 -0.0000
vn 0.9995 0.0036 0.0311
vn 0.9995 0.0037 -0.0311
vn 0.9979 0.0642 -0.0000
vn -0.0002 -0.9983 -0.0576
vn -0.0002 -0.9984 0.0570
vn 0.9994 -0.0037 0.0332
vn 0.9994 -0.0037 -0.0332
vn -0.0002 0.9983 -0.0576
vn -0.0002 0.9984 0.0570
vt 0.605492 0.003652
vt 0.394508 0.003652
vt 0.394508 0.996265
vt 0.605492 0.996265
vt 0.612294 0.003652
vt 0.498210 0.003652
vt 0.498210 0.996265
vt 0.612294 0.996265
vt 0.613520 0.003652
vt 0.613520 0.996265
vt 0.384126 0.003652
vt 0.384126 0.996265
vt 0.382900 0.996265
vt 0.382900 0.003652
vt 0.591196 0.003747
vt 0.591196 0.996360
vt 0.408803 0.996360
vt 0.408803 0.003747
vt 0.612911 0.003723
vt 0.612911 0.996336
vt 0.505370 0.996360
vt 0.505370 0.003747
vt 0.505370 0.003747
vt 0.505370 0.996360
vt 0.614131 0.996336
vt 0.614131 0.003723
vt 0.383509 0.003723
vt 0.383509 0.996336
vt 0.382289 0.003723
vt 0.382289 0.996336
vt 0.613520 0.394508
vt 0.498210 0.394508
vt 0.505370 0.408803
vt 0.614131 0.405208
vt 0.498210 0.605492
vt 0.612294 0.605492
vt 0.612911 0.594793
vt 0.505370 0.591196
vt 0.613520 0.381343
vt 0.614131 0.392042
vt 0.612294 0.618657
vt 0.612911 0.607958
vt 0.618657 0.996265
vt 0.607958 0.996336
vt 0.594793 0.003723
vt 0.381343 0.996265
vt 0.405208 0.003723
vt 0.392042 0.996336
vt 0.382900 0.394508
vt 0.382289 0.405208
vt 0.384126 0.605492
vt 0.383509 0.594793
vt 0.382900 0.381343
vt 0.382289 0.392042
vt 0.384126 0.618657
vt 0.383509 0.607958
s 0
usemtl Iron_Rusty
f 1252/1935/1205 1249/1936/1205 1253/1937/1205 1256/1938/1205
f 1251/1939/1206 1252/1940/1206 1256/1941/1206 1255/1942/1206
f 1249/1940/1207 1250/1943/1207 1254/1944/1207 1253/1941/1207
f 1258/1945/1208 1260/1946/1208 1256/1941/1208 1252/1940/1208
f 1249/1940/1209 1253/1941/1209 1259/1947/1209 1257/1948/1209
f 1264/1949/1210 1268/1950/1210 1265/1951/1210 1261/1952/1210
f 1263/1953/1211 1267/1954/1211 1268/1955/1211 1264/1956/1211
f 1261/1957/1212 1265/1958/1212 1266/1959/1212 1262/1960/1212
f 1270/1961/1213 1264/1956/1213 1268/1955/1213 1272/1962/1213
f 1261/1957/1214 1269/1963/1214 1271/1964/1214 1265/1958/1214
f 1250/1965/1215 1249/1966/1215 1261/1967/1215 1262/1968/1215
f 1252/1969/1216 1251/1970/1216 1263/1971/1216 1264/1972/1216
f 1249/1966/1217 1252/1969/1217 1264/1972/1217 1261/1967/1217
f 1253/1966/1218 1254/1973/1218 1266/1974/1218 1265/1967/1218
f 1255/1975/1219 1256/1969/1219 1268/1972/1219 1267/1976/1219
f 1256/1969/1220 1253/1966/1220 1265/1967/1220 1268/1972/1220
f 1251/1935/1221 1255/1977/1221 1267/1978/1221 1263/1979/1221
f 1254/1980/1222 1250/1936/1222 1262/1981/1222 1266/1982/1222
f 1249/1966/1215 1257/1983/1215 1269/1984/1215 1261/1967/1215
f 1258/1985/1216 1252/1969/1216 1264/1972/1216 1270/1986/1216
f 1259/1987/1223 1253/1966/1223 1265/1967/1223 1271/1988/1223
f 1256/1969/1224 1260/1989/1224 1272/1990/1224 1268/1972/1224
f 1260/1977/1225 1258/1935/1225 1270/1979/1225 1272/1978/1225
f 1257/1936/1226 1259/1980/1226 1271/1982/1226 1269/1981/1226
o Plane.095
v 9.557194 10.159482 -0.105859
v 9.557194 10.159482 -0.213449
v 9.360334 10.159482 -0.212305
v 9.360334 10.159482 -0.105859
v 9.557194 12.654686 -0.105859
v 9.569477 12.654686 -0.213449
v 9.348051 12.654686 -0.212305
v 9.360334 12.654686 -0.105859
v 9.557194 10.159482 0.001731
v 9.360334 10.159482 0.000586
v 9.569477 12.654686 0.001731
v 9.348051 12.654686 0.000586
v 9.543855 10.159719 -0.112540
v 9.547210 10.159660 -0.214019
v 9.370317 10.159660 -0.212881
v 9.373673 10.159719 -0.112540
v 9.543855 12.654924 -0.112540
v 9.559494 12.654863 -0.214019
v 9.358034 12.654863 -0.212881
v 9.373673 12.654924 -0.112540
v 9.547210 10.159660 0.002301
v 9.370317 10.159660 0.001162
v 9.559494 12.654863 0.002301
v 9.358034 12.654863 0.001162
vn -0.0000 -0.0000 1.0000
vn -0.9983 -0.0025 0.0576
vn 0.9984 -0.0025 0.0570
vn -0.9983 -0.0025 -0.0576
vn 0.9984 -0.0025 -0.0570
vn -0.0000 -0.0000 -1.0000
vn 0.9955 0.0025 -0.0942
vn -0.9956 0.0025 -0.0932
vn 0.9965 0.0025 0.0832
vn -0.9966 0.0025 0.0824
vn -0.0178 -0.9998 -0.0000
vn 0.0179 -0.9998 -0.0000
vn -0.0000 -0.9994 -0.0356
vn 0.0172 0.9998 0.0020
vn -0.0172 0.9998 0.0020
vn -0.0000 0.9994 0.0357
vn -0.0576 -0.0003 -0.9983
vn 0.0570 -0.0003 -0.9984
vn -0.0179 -0.9998 -0.0000
vn 0.0184 0.9998 -0.0020
vn -0.0184 0.9998 -0.0021
vn -0.0576 -0.0003 0.9983
vn 0.0570 -0.0003 0.9984
vt 0.394508 -0.837237
vt 0.605492 -0.837237
vt 0.605492 1.837014
vt 0.394508 1.837014
vt 0.612294 -0.837237
vt 0.498210 -0.837237
vt 0.498210 1.837014
vt 0.612294 1.837014
vt 0.498210 -0.837237
vt 0.613520 -0.837237
vt 0.613520 1.837014
vt 0.498210 1.837014
vt 0.384126 -0.837237
vt 0.384126 1.837014
vt 0.382900 1.837014
vt 0.382900 -0.837237
vt 0.408804 -0.836982
vt 0.408804 1.837270
vt 0.591197 1.837270
vt 0.591197 -0.836982
vt 0.612911 -0.837046
vt 0.612911 1.837205
vt 0.505370 1.837270
vt 0.505370 -0.836982
vt 0.505370 -0.836982
vt 0.505370 1.837270
vt 0.614131 1.837205
vt 0.614131 -0.837046
vt 0.383509 -0.837046
vt 0.383509 1.837205
vt 0.382289 -0.837046
vt 0.382289 1.837205
vt 0.605492 0.613520
vt 0.605492 0.498210
vt 0.591197 0.505370
vt 0.594792 0.614131
vt 0.394508 0.498210
vt 0.394508 0.612294
vt 0.405207 0.612911
vt 0.408804 0.505370
vt 0.618657 0.613520
vt 0.607958 0.614131
vt 0.381343 0.612294
vt 0.392042 0.612911
vt 0.381343 1.837014
vt 0.392042 1.837205
vt 0.405207 -0.837046
vt 0.618657 1.837014
vt 0.594792 -0.837046
vt 0.607958 1.837205
vt 0.605492 0.382900
vt 0.594792 0.382289
vt 0.394508 0.384126
vt 0.405207 0.383509
vt 0.618657 0.382900
vt 0.607958 0.382289
vt 0.381343 0.384126
vt 0.392042 0.383509
s 0
usemtl Iron_Rusty
f 1276/1991/1227 1273/1992/1227 1277/1993/1227 1280/1994/1227
f 1275/1995/1228 1276/1996/1228 1280/1997/1228 1279/1998/1228
f 1273/1999/1229 1274/2000/1229 1278/2001/1229 1277/2002/1229
f 1282/2003/1230 1284/2004/1230 1280/1997/1230 1276/1996/1230
f 1273/1999/1231 1277/2002/1231 1283/2005/1231 1281/2006/1231
f 1288/2007/1232 1292/2008/1232 1289/2009/1232 1285/2010/1232
f 1287/2011/1233 1291/2012/1233 1292/2013/1233 1288/2014/1233
f 1285/2015/1234 1289/2016/1234 1290/2017/1234 1286/2018/1234
f 1294/2019/1235 1288/2014/1235 1292/2013/1235 1296/2020/1235
f 1285/2015/1236 1293/2021/1236 1295/2022/1236 1289/2016/1236
f 1274/2023/1237 1273/2024/1237 1285/2025/1237 1286/2026/1237
f 1276/2027/1238 1275/2028/1238 1287/2029/1238 1288/2030/1238
f 1273/2024/1239 1276/2027/1239 1288/2030/1239 1285/2025/1239
f 1277/2024/1240 1278/2031/1240 1290/2032/1240 1289/2025/1240
f 1279/2033/1241 1280/2027/1241 1292/2030/1241 1291/2034/1241
f 1280/2027/1242 1277/2024/1242 1289/2025/1242 1292/2030/1242
f 1275/1991/1243 1279/2035/1243 1291/2036/1243 1287/2037/1243
f 1278/2038/1244 1274/1992/1244 1286/2039/1244 1290/2040/1244
f 1273/2024/1245 1281/2041/1245 1293/2042/1245 1285/2025/1245
f 1282/2043/1238 1276/2027/1238 1288/2030/1238 1294/2044/1238
f 1283/2045/1246 1277/2024/1246 1289/2025/1246 1295/2046/1246
f 1280/2027/1247 1284/2047/1247 1296/2048/1247 1292/2030/1247
f 1284/2035/1248 1282/1991/1248 1294/2037/1248 1296/2036/1248
f 1281/1992/1249 1283/2038/1249 1295/2040/1249 1293/2039/1249
o Plane.096
v 9.551745 12.762845 0.056000
v 9.551745 12.655255 0.056000
v 9.354887 12.656400 0.056000
v 9.354887 12.762845 0.056000
v 9.551744 12.762845 -4.443631
v 9.564029 12.655255 -4.443631
v 9.342603 12.656400 -4.443631
v 9.354886 12.762845 -4.443631
v 9.551745 12.870436 0.056000
v 9.354887 12.869291 0.056000
v 9.564029 12.870436 -4.443631
v 9.342603 12.869291 -4.443631
v 9.538406 12.756166 0.055570
v 9.541761 12.654686 0.055678
v 9.364870 12.655824 0.055678
v 9.368225 12.756165 0.055570
v 9.538406 12.756166 -4.444061
v 9.554045 12.654686 -4.443953
v 9.352586 12.655824 -4.443953
v 9.368225 12.756165 -4.444061
v 9.541761 12.871005 0.055678
v 9.364870 12.869867 0.055678
v 9.554045 12.871005 -4.443953
v 9.352586 12.869867 -4.443953
vn -0.0000 1.0000 -0.0000
vn -0.9983 0.0576 0.0014
vn 0.9984 0.0570 0.0014
vn -0.9983 -0.0576 0.0014
vn 0.9984 -0.0570 0.0014
vn -0.0000 -1.0000 -0.0000
vn 0.9955 -0.0942 -0.0014
vn -0.9956 -0.0932 -0.0014
vn 0.9965 0.0832 -0.0014
vn -0.9966 0.0824 -0.0014
vn -0.0322 -0.0000 0.9995
vn 0.0322 -0.0000 0.9995
vn -0.0000 -0.0642 0.9979
vn 0.0311 0.0036 -0.9995
vn -0.0311 0.0037 -0.9995
vn -0.0000 0.0642 -0.9979
vn -0.0576 -0.9983 0.0002
vn 0.0570 -0.9984 0.0002
vn 0.0332 -0.0037 -0.9994
vn -0.0332 -0.0037 -0.9994
vn -0.0576 0.9983 0.0002
vn 0.0570 0.9984 0.0002
vt 0.605492 0.003652
vt 0.394508 0.003652
vt 0.394508 0.996265
vt 0.605492 0.996265
vt 0.612294 0.003652
vt 0.498210 0.003652
vt 0.498210 0.996265
vt 0.612294 0.996265
vt 0.613520 0.003652
vt 0.613520 0.996265
vt 0.384126 0.003652
vt 0.384126 0.996265
vt 0.382900 0.996265
vt 0.382900 0.003652
vt 0.591196 0.003747
vt 0.591196 0.996360
vt 0.408803 0.996360
vt 0.408803 0.003747
vt 0.612911 0.003723
vt 0.612911 0.996336
vt 0.505370 0.996360
vt 0.505370 0.003747
vt 0.505370 0.003747
vt 0.505370 0.996360
vt 0.614131 0.996336
vt 0.614131 0.003723
vt 0.383509 0.003723
vt 0.383509 0.996336
vt 0.382289 0.003723
vt 0.382289 0.996336
vt 0.613520 0.394508
vt 0.498210 0.394508
vt 0.505370 0.408803
vt 0.614131 0.405208
vt 0.498210 0.605492
vt 0.612294 0.605492
vt 0.612911 0.594793
vt 0.505370 0.591196
vt 0.613520 0.381343
vt 0.614131 0.392042
vt 0.612294 0.618657
vt 0.612911 0.607958
vt 0.618657 0.996265
vt 0.607958 0.996336
vt 0.594793 0.003723
vt 0.381343 0.996265
vt 0.405208 0.003723
vt 0.392042 0.996336
vt 0.382900 0.394508
vt 0.382289 0.405208
vt 0.384126 0.605492
vt 0.383509 0.594793
vt 0.382900 0.381343
vt 0.382289 0.392042
vt 0.384126 0.618657
vt 0.383509 0.607958
s 0
usemtl Iron_Rusty
f 1300/2049/1250 1297/2050/1250 1301/2051/1250 1304/2052/1250
f 1299/2053/1251 1300/2054/1251 1304/2055/1251 1303/2056/1251
f 1297/2054/1252 1298/2057/1252 1302/2058/1252 1301/2055/1252
f 1306/2059/1253 1308/2060/1253 1304/2055/1253 1300/2054/1253
f 1297/2054/1254 1301/2055/1254 1307/2061/1254 1305/2062/1254
f 1312/2063/1255 1316/2064/1255 1313/2065/1255 1309/2066/1255
f 1311/2067/1256 1315/2068/1256 1316/2069/1256 1312/2070/1256
f 1309/2071/1257 1313/2072/1257 1314/2073/1257 1310/2074/1257
f 1318/2075/1258 1312/2070/1258 1316/2069/1258 1320/2076/1258
f 1309/2071/1259 1317/2077/1259 1319/2078/1259 1313/2072/1259
f 1298/2079/1260 1297/2080/1260 1309/2081/1260 1310/2082/1260
f 1300/2083/1261 1299/2084/1261 1311/2085/1261 1312/2086/1261
f 1297/2080/1262 1300/2083/1262 1312/2086/1262 1309/2081/1262
f 1301/2080/1263 1302/2087/1263 1314/2088/1263 1313/2081/1263
f 1303/2089/1264 1304/2083/1264 1316/2086/1264 1315/2090/1264
f 1304/2083/1265 1301/2080/1265 1313/2081/1265 1316/2086/1265
f 1299/2049/1266 1303/2091/1266 1315/2092/1266 1311/2093/1266
f 1302/2094/1267 1298/2050/1267 1310/2095/1267 1314/2096/1267
f 1297/2080/1260 1305/2097/1260 1317/2098/1260 1309/2081/1260
f 1306/2099/1261 1300/2083/1261 1312/2086/1261 1318/2100/1261
f 1307/2101/1268 1301/2080/1268 1313/2081/1268 1319/2102/1268
f 1304/2083/1269 1308/2103/1269 1320/2104/1269 1316/2086/1269
f 1308/2091/1270 1306/2049/1270 1318/2093/1270 1320/2092/1270
f 1305/2050/1271 1307/2094/1271 1319/2096/1271 1317/2095/1271
o Plane.097
v 4.820147 12.762846 0.056000
v 4.820147 12.655255 0.056000
v 4.623288 12.656400 0.056000
v 4.623288 12.762846 0.056000
v 4.820147 12.762846 -4.443631
v 4.832430 12.655255 -4.443631
v 4.611004 12.656400 -4.443631
v 4.623288 12.762846 -4.443631
v 4.820147 12.870436 0.056000
v 4.623288 12.869291 0.056000
v 4.832430 12.870436 -4.443631
v 4.611004 12.869291 -4.443631
v 4.806808 12.756166 0.055570
v 4.810163 12.654686 0.055678
v 4.633272 12.655824 0.055678
v 4.636627 12.756166 0.055570
v 4.806808 12.756166 -4.444061
v 4.822447 12.654686 -4.443954
v 4.620987 12.655824 -4.443954
v 4.636627 12.756166 -4.444061
v 4.810163 12.871006 0.055678
v 4.633272 12.869867 0.055678
v 4.822447 12.871006 -4.443954
v 4.620987 12.869867 -4.443954
vn -0.0000 1.0000 -0.0000
vn -0.9983 0.0576 0.0014
vn 0.9984 0.0570 0.0014
vn -0.9983 -0.0576 0.0014
vn 0.9984 -0.0570 0.0014
vn -0.0000 -1.0000 -0.0000
vn 0.9955 -0.0942 -0.0014
vn -0.9956 -0.0932 -0.0014
vn 0.9965 0.0832 -0.0014
vn -0.9966 0.0824 -0.0014
vn -0.0322 -0.0000 0.9995
vn 0.0322 -0.0000 0.9995
vn -0.0000 -0.0642 0.9979
vn 0.0311 0.0036 -0.9995
vn -0.0311 0.0037 -0.9995
vn -0.0000 0.0643 -0.9979
vn -0.0576 -0.9983 0.0002
vn 0.0570 -0.9984 0.0002
vn 0.0332 -0.0037 -0.9994
vn -0.0332 -0.0037 -0.9994
vn -0.0576 0.9983 0.0002
vn 0.0570 0.9984 0.0002
vt 0.394508 -1.911456
vt 0.605492 -1.911456
vt 0.605492 2.911053
vt 0.394508 2.911053
vt -1.911456 0.387706
vt -1.911456 0.501790
vt 2.911053 0.501790
vt 2.911053 0.387706
vt -1.911456 0.386480
vt 2.911053 0.386480
vt -1.911456 0.615873
vt 2.911053 0.615873
vt 2.911053 0.617100
vt -1.911456 0.617100
vt 0.408804 -1.910995
vt 0.408804 2.911514
vt 0.591196 2.911514
vt 0.591197 -1.910995
vt -1.911111 0.387089
vt 2.911399 0.387089
vt 2.911514 0.494630
vt -1.910995 0.494630
vt -1.910995 0.494630
vt 2.911514 0.494630
vt 2.911399 0.385869
vt -1.911111 0.385869
vt -1.911111 0.616491
vt 2.911399 0.616491
vt -1.911111 0.617711
vt 2.911399 0.617711
vt 0.605492 0.386480
vt 0.605492 0.501790
vt 0.591197 0.494630
vt 0.594792 0.385869
vt 0.394508 0.501790
vt 0.394508 0.387706
vt 0.405208 0.387089
vt 0.408804 0.494630
vt 0.605492 0.501790
vt 0.618657 0.386480
vt 0.607957 0.385869
vt 0.591196 0.494630
vt 0.381343 0.387706
vt 0.394508 0.501790
vt 0.408804 0.494630
vt 0.392042 0.387089
vt 0.381343 2.911053
vt 0.392042 2.911399
vt 0.405208 -1.911111
vt 0.618657 2.911053
vt 0.594792 -1.911111
vt 0.607957 2.911399
vt 0.605492 0.617100
vt 0.594792 0.617711
vt 0.394508 0.615873
vt 0.405208 0.616491
vt 0.618657 0.617100
vt 0.607957 0.617711
vt 0.381343 0.615873
vt 0.392042 0.616491
vt 0.394508 -1.911456
vt 0.392042 2.911399
vt 0.618657 2.911053
s 0
usemtl Iron_Rusty
f 1324/2105/1272 1321/2106/1272 1325/2107/1272 1328/2108/1272
f 1323/2109/1273 1324/2110/1273 1328/2111/1273 1327/2112/1273
f 1321/2110/1274 1322/2113/1274 1326/2114/1274 1325/2111/1274
f 1330/2115/1275 1332/2116/1275 1328/2111/1275 1324/2110/1275
f 1321/2110/1276 1325/2111/1276 1331/2117/1276 1329/2118/1276
f 1336/2119/1277 1340/2120/1277 1337/2121/1277 1333/2122/1277
f 1335/2123/1278 1339/2124/1278 1340/2125/1278 1336/2126/1278
f 1333/2127/1279 1337/2128/1279 1338/2129/1279 1334/2130/1279
f 1342/2131/1280 1336/2126/1280 1340/2125/1280 1344/2132/1280
f 1333/2127/1281 1341/2133/1281 1343/2134/1281 1337/2128/1281
f 1322/2135/1282 1321/2136/1282 1333/2137/1282 1334/2138/1282
f 1324/2139/1283 1323/2140/1283 1335/2141/1283 1336/2142/1283
f 1321/2136/1284 1324/2139/1284 1336/2142/1284 1333/2137/1284
f 1325/2143/1285 1326/2144/1285 1338/2145/1285 1337/2146/1285
f 1327/2147/1286 1328/2148/1286 1340/2149/1286 1339/2150/1286
f 1328/2148/1287 1325/2143/1287 1337/2146/1287 1340/2149/1287
f 1323/2105/1288 1327/2151/1288 1339/2152/1288 1335/2153/1288
f 1326/2154/1289 1322/2106/1289 1334/2155/1289 1338/2156/1289
f 1321/2136/1282 1329/2157/1282 1341/2158/1282 1333/2137/1282
f 1330/2159/1283 1324/2139/1283 1336/2142/1283 1342/2160/1283
f 1331/2161/1290 1325/2143/1290 1337/2146/1290 1343/2162/1290
f 1328/2148/1291 1332/2163/1291 1344/2164/1291 1340/2149/1291
f 1332/2151/1292 1330/2165/1292 1342/2153/1292 1344/2166/1292
f 1329/2106/1293 1331/2167/1293 1343/2156/1293 1341/2155/1293
o Plane.098
v 9.451725 10.159481 -4.225684
v 9.559316 10.159481 -4.225684
v 9.558170 10.159481 -4.422542
v 9.451725 10.159481 -4.422542
v 9.451725 12.654686 -4.225684
v 9.559316 12.654686 -4.213400
v 9.558170 12.654686 -4.434826
v 9.451725 12.654686 -4.422542
v 9.344135 10.159481 -4.225684
v 9.345280 10.159481 -4.422542
v 9.344135 12.654686 -4.213400
v 9.345280 12.654686 -4.434826
v 9.458406 10.159719 -4.239022
v 9.559885 10.159660 -4.235667
v 9.558746 10.159660 -4.412559
v 9.458406 10.159719 -4.409204
v 9.458406 12.654923 -4.239022
v 9.559885 12.654863 -4.223383
v 9.558746 12.654863 -4.424843
v 9.458406 12.654923 -4.409204
v 9.343565 10.159660 -4.235667
v 9.344704 10.159660 -4.412559
v 9.343565 12.654863 -4.223383
v 9.344704 12.654863 -4.424843
vn -1.0000 -0.0000 -0.0000
vn -0.0576 -0.0025 -0.9983
vn -0.0570 -0.0025 0.9984
vn 0.0576 -0.0025 -0.9983
vn 0.0570 -0.0025 0.9984
vn 1.0000 -0.0000 -0.0000
vn 0.0942 0.0025 0.9955
vn 0.0932 0.0025 -0.9956
vn -0.0832 0.0025 0.9965
vn -0.0824 0.0025 -0.9966
vn -0.0000 -0.9998 -0.0179
vn -0.0000 -0.9998 0.0179
vn 0.0356 -0.9994 -0.0000
vn -0.0020 0.9998 0.0172
vn -0.0020 0.9998 -0.0172
vn -0.0356 0.9994 -0.0000
vn 0.9983 -0.0003 -0.0576
vn 0.9984 -0.0003 0.0570
vn 0.0020 0.9998 0.0184
vn 0.0021 0.9998 -0.0184
vn -0.9983 -0.0003 -0.0576
vn -0.9984 -0.0003 0.0570
vt 0.605492 -0.837237
vt 0.394508 -0.837237
vt 0.394508 1.837014
vt 0.605492 1.837014
vt 0.612293 -0.837237
vt 0.498210 -0.837237
vt 0.498210 1.837014
vt 0.612293 1.837014
vt 0.613521 -0.837237
vt 0.613521 1.837014
vt 0.384127 -0.837237
vt 0.384127 1.837014
vt 0.382900 1.837014
vt 0.382900 -0.837237
vt 0.591196 -0.836982
vt 0.591196 1.837269
vt 0.408803 1.837269
vt 0.408803 -0.836982
vt 0.612911 -0.837046
vt 0.612911 1.837205
vt 0.505370 1.837269
vt 0.505370 -0.836982
vt 0.614131 1.837205
vt 0.614131 -0.837046
vt 0.383509 -0.837046
vt 0.383509 1.837205
vt 0.382289 -0.837046
vt 0.382289 1.837205
vt 0.613521 0.394508
vt 0.498210 0.394508
vt 0.505370 0.408803
vt 0.614131 0.405208
vt 0.498210 0.605492
vt 0.612293 0.605492
vt 0.612911 0.594793
vt 0.505370 0.591196
vt 0.613521 0.381343
vt 0.614131 0.392042
vt 0.612293 0.618657
vt 0.612911 0.607958
vt 0.618657 1.837014
vt 0.607958 1.837205
vt 0.594793 -0.837046
vt 0.381343 1.837014
vt 0.405208 -0.837046
vt 0.392042 1.837205
vt 0.382900 0.394508
vt 0.382289 0.405208
vt 0.384127 0.605492
vt 0.383509 0.594793
vt 0.382900 0.381343
vt 0.382289 0.392042
vt 0.384127 0.618657
vt 0.383509 0.607958
s 0
usemtl Iron_Rusty
f 1348/2168/1294 1345/2169/1294 1349/2170/1294 1352/2171/1294
f 1347/2172/1295 1348/2173/1295 1352/2174/1295 1351/2175/1295
f 1345/2173/1296 1346/2176/1296 1350/2177/1296 1349/2174/1296
f 1354/2178/1297 1356/2179/1297 1352/2174/1297 1348/2173/1297
f 1345/2173/1298 1349/2174/1298 1355/2180/1298 1353/2181/1298
f 1360/2182/1299 1364/2183/1299 1361/2184/1299 1357/2185/1299
f 1359/2186/1300 1363/2187/1300 1364/2188/1300 1360/2189/1300
f 1357/2189/1301 1361/2188/1301 1362/2190/1301 1358/2191/1301
f 1366/2192/1302 1360/2189/1302 1364/2188/1302 1368/2193/1302
f 1357/2189/1303 1365/2194/1303 1367/2195/1303 1361/2188/1303
f 1346/2196/1304 1345/2197/1304 1357/2198/1304 1358/2199/1304
f 1348/2200/1305 1347/2201/1305 1359/2202/1305 1360/2203/1305
f 1345/2197/1306 1348/2200/1306 1360/2203/1306 1357/2198/1306
f 1349/2197/1307 1350/2204/1307 1362/2205/1307 1361/2198/1307
f 1351/2206/1308 1352/2200/1308 1364/2203/1308 1363/2207/1308
f 1352/2200/1309 1349/2197/1309 1361/2198/1309 1364/2203/1309
f 1347/2168/1310 1351/2208/1310 1363/2209/1310 1359/2210/1310
f 1350/2211/1311 1346/2169/1311 1358/2212/1311 1362/2213/1311
f 1345/2197/1304 1353/2214/1304 1365/2215/1304 1357/2198/1304
f 1354/2216/1305 1348/2200/1305 1360/2203/1305 1366/2217/1305
f 1355/2218/1312 1349/2197/1312 1361/2198/1312 1367/2219/1312
f 1352/2200/1313 1356/2220/1313 1368/2221/1313 1364/2203/1313
f 1356/2208/1314 1354/2168/1314 1366/2210/1314 1368/2209/1314
f 1353/2169/1315 1355/2211/1315 1367/2213/1315 1365/2212/1315
o Cube.043
v 9.321309 12.587888 0.059542
v 9.321309 12.594009 0.065663
v 9.315187 12.594009 0.059542
v 9.321309 12.589681 0.063870
v 9.317775 12.590475 0.063076
v 9.316980 12.594009 0.063870
v 9.316980 12.589681 0.059542
v 9.321309 13.044408 0.065663
v 9.321309 13.050529 0.059542
v 9.315187 13.044408 0.059542
v 9.321309 13.048736 0.063870
v 9.317775 13.047941 0.063076
v 9.316980 13.048736 0.059542
v 9.316980 13.044408 0.063870
v 9.321309 12.587888 -0.218425
v 9.315187 12.594009 -0.218425
v 9.321309 12.594009 -0.224546
v 9.316980 12.589681 -0.218425
v 9.317775 12.590475 -0.221959
v 9.316980 12.594009 -0.222753
v 9.321309 12.589681 -0.222753
v 9.321309 13.050529 -0.218425
v 9.321309 13.044408 -0.224546
v 9.315187 13.044408 -0.218425
v 9.321309 13.048736 -0.222753
v 9.317775 13.047941 -0.221959
v 9.316980 13.044408 -0.222753
v 9.316980 13.048736 -0.218425
v 9.599275 12.587888 0.059542
v 9.605396 12.594009 0.059542
v 9.599275 12.594009 0.065663
v 9.603603 12.589681 0.059542
v 9.602810 12.590475 0.063076
v 9.603603 12.594009 0.063870
v 9.599275 12.589681 0.063870
v 9.599275 13.050529 0.059542
v 9.599275 13.044408 0.065663
v 9.605396 13.044408 0.059542
v 9.599275 13.048736 0.063870
v 9.602810 13.047941 0.063076
v 9.603603 13.044408 0.063870
v 9.603603 13.048736 0.059542
v 9.599275 12.587888 -0.218425
v 9.599275 12.594009 -0.224546
v 9.605396 12.594009 -0.218425
v 9.599275 12.589681 -0.222753
v 9.602810 12.590475 -0.221959
v 9.603603 12.594009 -0.222753
v 9.603603 12.589681 -0.218425
v 9.599275 13.050529 -0.218425
v 9.605396 13.044408 -0.218425
v 9.599275 13.044408 -0.224546
v 9.603603 13.048736 -0.218425
v 9.602810 13.047941 -0.221959
v 9.603603 13.044408 -0.222753
v 9.599275 13.048736 -0.222753
vn -0.1794 -0.9673 0.1794
vn -0.1794 -0.1794 0.9673
vn -0.9673 -0.1794 0.1794
vn -0.1726 -0.6965 0.6965
vn -0.5773 -0.5773 0.5774
vn -0.6965 -0.1726 0.6965
vn -0.6965 -0.6965 0.1726
vn -0.1794 0.1794 0.9673
vn -0.1794 0.9673 0.1794
vn -0.9673 0.1794 0.1794
vn -0.1726 0.6965 0.6965
vn -0.5773 0.5773 0.5774
vn -0.6965 0.6965 0.1726
vn -0.6965 0.1726 0.6965
vn -0.1794 -0.9673 -0.1794
vn -0.9673 -0.1794 -0.1794
vn -0.1794 -0.1794 -0.9673
vn -0.6965 -0.6965 -0.1726
vn -0.5773 -0.5773 -0.5774
vn -0.6965 -0.1726 -0.6965
vn -0.1726 -0.6965 -0.6965
vn -0.1794 0.9673 -0.1794
vn -0.1794 0.1794 -0.9673
vn -0.9673 0.1794 -0.1794
vn -0.1726 0.6965 -0.6965
vn -0.5773 0.5773 -0.5774
vn -0.6965 0.1726 -0.6965
vn -0.6965 0.6965 -0.1726
vn 0.1794 -0.9673 0.1794
vn 0.9673 -0.1794 0.1794
vn 0.1794 -0.1794 0.9673
vn 0.6965 -0.6965 0.1726
vn 0.5773 -0.5773 0.5774
vn 0.6965 -0.1726 0.6965
vn 0.1726 -0.6965 0.6965
vn 0.1794 0.9673 0.1794
vn 0.1794 0.1794 0.9673
vn 0.9673 0.1794 0.1794
vn 0.1726 0.6965 0.6965
vn 0.5773 0.5773 0.5774
vn 0.6965 0.1726 0.6965
vn 0.6965 0.6965 0.1726
vn 0.1794 -0.9673 -0.1794
vn 0.1794 -0.1794 -0.9673
vn 0.9673 -0.1794 -0.1794
vn 0.1726 -0.6965 -0.6965
vn 0.5773 -0.5773 -0.5774
vn 0.6965 -0.1726 -0.6965
vn 0.6965 -0.6965 -0.1726
vn 0.1794 0.9673 -0.1794
vn 0.9673 0.1794 -0.1794
vn 0.1794 0.1794 -0.9673
vn 0.6965 0.6965 -0.1726
vn 0.5773 0.5773 -0.5774
vn 0.6965 0.1726 -0.6965
vn 0.1726 0.6965 -0.6965
vt 0.638983 0.274801
vt 0.638983 0.725199
vt 0.361017 0.725199
vt 0.361017 0.274801
vt 0.638984 0.274801
vt 0.638984 0.725199
vt 0.361016 0.725199
vt 0.361016 0.274801
vt 0.638983 0.638984
vt 0.361017 0.638984
vt 0.361017 0.361016
vt 0.638983 0.361016
vt 0.361017 0.356688
vt 0.357483 0.357482
vt 0.356688 0.361016
vt 0.356688 0.274801
vt 0.357483 0.271267
vt 0.361017 0.270472
vt 0.361016 0.270472
vt 0.357482 0.271267
vt 0.356688 0.274801
vt 0.361017 0.729528
vt 0.357483 0.728733
vt 0.356688 0.725199
vt 0.356688 0.725199
vt 0.357482 0.728733
vt 0.361016 0.729528
vt 0.356688 0.638984
vt 0.357483 0.642518
vt 0.361017 0.643312
vt 0.643312 0.274801
vt 0.642518 0.271267
vt 0.638984 0.270472
vt 0.638984 0.729528
vt 0.642518 0.728733
vt 0.643312 0.725199
vt 0.643312 0.361016
vt 0.642517 0.357482
vt 0.638983 0.356688
vt 0.638983 0.270472
vt 0.642517 0.271267
vt 0.643312 0.274801
vt 0.643312 0.725199
vt 0.642517 0.728733
vt 0.638983 0.729528
vt 0.638983 0.643312
vt 0.642517 0.642518
vt 0.643312 0.638984
s 1
usemtl Iron_Rusty
f 1399/2222/1346 1405/2223/1352 1376/2224/1323 1370/2225/1317
f 1413/2226/1360 1419/2227/1366 1406/2228/1353 1398/2229/1345
f 1418/2230/1365 1390/2231/1337 1377/2232/1324 1404/2233/1351
f 1371/2229/1318 1378/2228/1325 1392/2227/1339 1384/2226/1331
f 1385/2225/1332 1391/2224/1338 1420/2223/1367 1412/2222/1359
f 1369/2232/1316 1372/2234/1319 1373/2235/1320 1375/2236/1322
f 1370/2225/1317 1374/2237/1321 1373/2238/1320 1372/2239/1319
f 1371/2229/1318 1375/2240/1322 1373/2241/1320 1374/2242/1321
f 1376/2224/1323 1379/2243/1326 1380/2244/1327 1382/2245/1329
f 1377/2232/1324 1381/2236/1328 1380/2235/1327 1379/2234/1326
f 1378/2228/1325 1382/2246/1329 1380/2247/1327 1381/2248/1328
f 1383/2231/1330 1386/2249/1333 1387/2250/1334 1389/2251/1336
f 1384/2226/1331 1388/2252/1335 1387/2253/1334 1386/2254/1333
f 1385/2225/1332 1389/2239/1336 1387/2238/1334 1388/2237/1335
f 1390/2231/1337 1393/2251/1340 1394/2250/1341 1396/2249/1343
f 1391/2224/1338 1395/2245/1342 1394/2244/1341 1393/2243/1340
f 1392/2227/1339 1396/2255/1343 1394/2256/1341 1395/2257/1342
f 1397/2233/1344 1400/2258/1347 1401/2259/1348 1403/2260/1350
f 1398/2229/1345 1402/2242/1349 1401/2241/1348 1400/2240/1347
f 1399/2222/1346 1403/2261/1350 1401/2262/1348 1402/2263/1349
f 1404/2233/1351 1407/2260/1354 1408/2259/1355 1410/2258/1357
f 1405/2223/1352 1409/2264/1356 1408/2265/1355 1407/2266/1354
f 1406/2228/1353 1410/2248/1357 1408/2247/1355 1409/2246/1356
f 1411/2230/1358 1414/2267/1361 1415/2268/1362 1417/2269/1364
f 1412/2222/1359 1416/2263/1363 1415/2262/1362 1414/2261/1361
f 1413/2226/1360 1417/2254/1364 1415/2253/1362 1416/2252/1363
f 1418/2230/1365 1421/2269/1368 1422/2268/1369 1424/2267/1371
f 1419/2227/1366 1423/2257/1370 1422/2256/1369 1421/2255/1368
f 1420/2223/1367 1424/2266/1371 1422/2265/1369 1423/2264/1370
f 1383/2231/1330 1369/2232/1316 1375/2236/1322 1386/2249/1333
f 1386/2254/1333 1375/2240/1322 1371/2229/1318 1384/2226/1331
f 1370/2225/1317 1376/2224/1323 1382/2245/1329 1374/2237/1321
f 1374/2242/1321 1382/2246/1329 1378/2228/1325 1371/2229/1318
f 1377/2232/1324 1390/2231/1337 1396/2249/1343 1381/2236/1328
f 1381/2248/1328 1396/2255/1343 1392/2227/1339 1378/2228/1325
f 1391/2224/1338 1385/2225/1332 1388/2237/1335 1395/2245/1342
f 1395/2257/1342 1388/2252/1335 1384/2226/1331 1392/2227/1339
f 1411/2230/1358 1383/2231/1330 1389/2251/1336 1414/2267/1361
f 1414/2261/1361 1389/2239/1336 1385/2225/1332 1412/2222/1359
f 1390/2231/1337 1418/2230/1365 1424/2267/1371 1393/2251/1340
f 1393/2243/1340 1424/2266/1371 1420/2223/1367 1391/2224/1338
f 1419/2227/1366 1413/2226/1360 1416/2252/1363 1423/2257/1370
f 1423/2264/1370 1416/2263/1363 1412/2222/1359 1420/2223/1367
f 1397/2233/1344 1411/2230/1358 1417/2269/1364 1400/2258/1347
f 1400/2240/1347 1417/2254/1364 1413/2226/1360 1398/2229/1345
f 1418/2230/1365 1404/2233/1351 1410/2258/1357 1421/2269/1368
f 1421/2255/1368 1410/2248/1357 1406/2228/1353 1419/2227/1366
f 1405/2223/1352 1399/2222/1346 1402/2263/1349 1409/2264/1356
f 1409/2246/1356 1402/2242/1349 1398/2229/1345 1406/2228/1353
f 1369/2232/1316 1397/2233/1344 1403/2260/1350 1372/2234/1319
f 1372/2239/1319 1403/2261/1350 1399/2222/1346 1370/2225/1317
f 1404/2233/1351 1377/2232/1324 1379/2234/1326 1407/2260/1354
f 1407/2266/1354 1379/2243/1326 1376/2224/1323 1405/2223/1352
f 1383/2231/1330 1411/2230/1358 1397/2233/1344 1369/2232/1316
o Cube.044
v 4.599362 12.587888 0.059542
v 4.599362 12.594009 0.065663
v 4.593241 12.594009 0.059542
v 4.599362 12.589681 0.063870
v 4.595828 12.590475 0.063076
v 4.595034 12.594009 0.063870
v 4.595034 12.589681 0.059542
v 4.599362 13.044408 0.065663
v 4.599362 13.050529 0.059542
v 4.593241 13.044408 0.059542
v 4.599362 13.048736 0.063870
v 4.595828 13.047941 0.063076
v 4.595034 13.048736 0.059542
v 4.595034 13.044408 0.063870
v 4.599362 12.587888 -0.218425
v 4.593241 12.594009 -0.218425
v 4.599362 12.594009 -0.224546
v 4.595034 12.589681 -0.218425
v 4.595828 12.590475 -0.221959
v 4.595034 12.594009 -0.222753
v 4.599362 12.589681 -0.222753
v 4.599362 13.050529 -0.218425
v 4.599362 13.044408 -0.224546
v 4.593241 13.044408 -0.218425
v 4.599362 13.048736 -0.222753
v 4.595828 13.047941 -0.221959
v 4.595034 13.044408 -0.222753
v 4.595034 13.048736 -0.218425
v 4.877328 12.587888 0.059542
v 4.883450 12.594009 0.059542
v 4.877328 12.594009 0.065663
v 4.881657 12.589681 0.059542
v 4.880863 12.590475 0.063076
v 4.881657 12.594009 0.063870
v 4.877328 12.589681 0.063870
v 4.877328 13.050529 0.059542
v 4.877328 13.044408 0.065663
v 4.883450 13.044408 0.059542
v 4.877328 13.048736 0.063870
v 4.880863 13.047941 0.063076
v 4.881657 13.044408 0.063870
v 4.881657 13.048736 0.059542
v 4.877328 12.587888 -0.218425
v 4.877328 12.594009 -0.224546
v 4.883450 12.594009 -0.218425
v 4.877328 12.589681 -0.222753
v 4.880863 12.590475 -0.221959
v 4.881657 12.594009 -0.222753
v 4.881657 12.589681 -0.218425
v 4.877328 13.050529 -0.218425
v 4.883450 13.044408 -0.218425
v 4.877328 13.044408 -0.224546
v 4.881657 13.048736 -0.218425
v 4.880863 13.047941 -0.221959
v 4.881657 13.044408 -0.222753
v 4.877328 13.048736 -0.222753
vn -0.1794 -0.9673 0.1794
vn -0.1794 -0.1794 0.9673
vn -0.9673 -0.1794 0.1794
vn -0.1726 -0.6965 0.6965
vn -0.5773 -0.5773 0.5774
vn -0.6965 -0.1726 0.6965
vn -0.6965 -0.6965 0.1726
vn -0.1794 0.1794 0.9673
vn -0.1794 0.9673 0.1794
vn -0.9673 0.1794 0.1794
vn -0.1726 0.6965 0.6965
vn -0.5773 0.5773 0.5774
vn -0.6965 0.6965 0.1726
vn -0.6965 0.1726 0.6965
vn -0.1794 -0.9673 -0.1794
vn -0.9673 -0.1794 -0.1794
vn -0.1794 -0.1794 -0.9673
vn -0.6965 -0.6965 -0.1726
vn -0.5773 -0.5773 -0.5774
vn -0.6965 -0.1726 -0.6965
vn -0.1726 -0.6965 -0.6965
vn -0.1794 0.9673 -0.1794
vn -0.1794 0.1794 -0.9673
vn -0.9673 0.1794 -0.1794
vn -0.1726 0.6965 -0.6965
vn -0.5773 0.5773 -0.5774
vn -0.6965 0.1726 -0.6965
vn -0.6965 0.6965 -0.1726
vn 0.1794 -0.9673 0.1794
vn 0.9673 -0.1794 0.1794
vn 0.1794 -0.1794 0.9673
vn 0.6965 -0.6965 0.1726
vn 0.5773 -0.5773 0.5774
vn 0.6965 -0.1726 0.6965
vn 0.1726 -0.6965 0.6965
vn 0.1794 0.9673 0.1794
vn 0.1794 0.1794 0.9673
vn 0.9673 0.1794 0.1794
vn 0.1726 0.6965 0.6965
vn 0.5773 0.5773 0.5774
vn 0.6965 0.1726 0.6965
vn 0.6965 0.6965 0.1726
vn 0.1794 -0.9673 -0.1794
vn 0.1794 -0.1794 -0.9673
vn 0.9673 -0.1794 -0.1794
vn 0.1726 -0.6965 -0.6965
vn 0.5773 -0.5773 -0.5774
vn 0.6965 -0.1726 -0.6965
vn 0.6965 -0.6965 -0.1726
vn 0.1794 0.9673 -0.1794
vn 0.9673 0.1794 -0.1794
vn 0.1794 0.1794 -0.9673
vn 0.6965 0.6965 -0.1726
vn 0.5773 0.5773 -0.5774
vn 0.6965 0.1726 -0.6965
vn 0.1726 0.6965 -0.6965
vt 0.638983 0.274801
vt 0.638983 0.725199
vt 0.361017 0.725199
vt 0.361017 0.274801
vt 0.638984 0.274801
vt 0.638984 0.725199
vt 0.361016 0.725199
vt 0.361016 0.274801
vt 0.638983 0.638984
vt 0.361017 0.638984
vt 0.361017 0.361016
vt 0.638983 0.361016
vt 0.361017 0.356688
vt 0.357483 0.357482
vt 0.356688 0.361016
vt 0.356688 0.274801
vt 0.357483 0.271267
vt 0.361017 0.270472
vt 0.361016 0.270472
vt 0.357482 0.271267
vt 0.356688 0.274801
vt 0.361017 0.729528
vt 0.357483 0.728733
vt 0.356688 0.725199
vt 0.356688 0.725199
vt 0.357482 0.728733
vt 0.361016 0.729528
vt 0.356688 0.638984
vt 0.357483 0.642518
vt 0.361017 0.643312
vt 0.643312 0.274801
vt 0.642518 0.271267
vt 0.638984 0.270472
vt 0.638984 0.729528
vt 0.642518 0.728733
vt 0.643312 0.725199
vt 0.643312 0.361016
vt 0.642517 0.357482
vt 0.638983 0.356688
vt 0.638983 0.270472
vt 0.642517 0.271267
vt 0.643312 0.274801
vt 0.643312 0.725199
vt 0.642517 0.728733
vt 0.638983 0.729528
vt 0.638983 0.643312
vt 0.642517 0.642518
vt 0.643312 0.638984
s 1
usemtl Iron_Rusty
f 1455/2270/1402 1461/2271/1408 1432/2272/1379 1426/2273/1373
f 1469/2274/1416 1475/2275/1422 1462/2276/1409 1454/2277/1401
f 1474/2278/1421 1446/2279/1393 1433/2280/1380 1460/2281/1407
f 1427/2277/1374 1434/2276/1381 1448/2275/1395 1440/2274/1387
f 1441/2273/1388 1447/2272/1394 1476/2271/1423 1468/2270/1415
f 1425/2280/1372 1428/2282/1375 1429/2283/1376 1431/2284/1378
f 1426/2273/1373 1430/2285/1377 1429/2286/1376 1428/2287/1375
f 1427/2277/1374 1431/2288/1378 1429/2289/1376 1430/2290/1377
f 1432/2272/1379 1435/2291/1382 1436/2292/1383 1438/2293/1385
f 1433/2280/1380 1437/2284/1384 1436/2283/1383 1435/2282/1382
f 1434/2276/1381 1438/2294/1385 1436/2295/1383 1437/2296/1384
f 1439/2279/1386 1442/2297/1389 1443/2298/1390 1445/2299/1392
f 1440/2274/1387 1444/2300/1391 1443/2301/1390 1442/2302/1389
f 1441/2273/1388 1445/2287/1392 1443/2286/1390 1444/2285/1391
f 1446/2279/1393 1449/2299/1396 1450/2298/1397 1452/2297/1399
f 1447/2272/1394 1451/2293/1398 1450/2292/1397 1449/2291/1396
f 1448/2275/1395 1452/2303/1399 1450/2304/1397 1451/2305/1398
f 1453/2281/1400 1456/2306/1403 1457/2307/1404 1459/2308/1406
f 1454/2277/1401 1458/2290/1405 1457/2289/1404 1456/2288/1403
f 1455/2270/1402 1459/2309/1406 1457/2310/1404 1458/2311/1405
f 1460/2281/1407 1463/2308/1410 1464/2307/1411 1466/2306/1413
f 1461/2271/1408 1465/2312/1412 1464/2313/1411 1463/2314/1410
f 1462/2276/1409 1466/2296/1413 1464/2295/1411 1465/2294/1412
f 1467/2278/1414 1470/2315/1417 1471/2316/1418 1473/2317/1420
f 1468/2270/1415 1472/2311/1419 1471/2310/1418 1470/2309/1417
f 1469/2274/1416 1473/2302/1420 1471/2301/1418 1472/2300/1419
f 1474/2278/1421 1477/2317/1424 1478/2316/1425 1480/2315/1427
f 1475/2275/1422 1479/2305/1426 1478/2304/1425 1477/2303/1424
f 1476/2271/1423 1480/2314/1427 1478/2313/1425 1479/2312/1426
f 1439/2279/1386 1425/2280/1372 1431/2284/1378 1442/2297/1389
f 1442/2302/1389 1431/2288/1378 1427/2277/1374 1440/2274/1387
f 1426/2273/1373 1432/2272/1379 1438/2293/1385 1430/2285/1377
f 1430/2290/1377 1438/2294/1385 1434/2276/1381 1427/2277/1374
f 1433/2280/1380 1446/2279/1393 1452/2297/1399 1437/2284/1384
f 1437/2296/1384 1452/2303/1399 1448/2275/1395 1434/2276/1381
f 1447/2272/1394 1441/2273/1388 1444/2285/1391 1451/2293/1398
f 1451/2305/1398 1444/2300/1391 1440/2274/1387 1448/2275/1395
f 1467/2278/1414 1439/2279/1386 1445/2299/1392 1470/2315/1417
f 1470/2309/1417 1445/2287/1392 1441/2273/1388 1468/2270/1415
f 1446/2279/1393 1474/2278/1421 1480/2315/1427 1449/2299/1396
f 1449/2291/1396 1480/2314/1427 1476/2271/1423 1447/2272/1394
f 1475/2275/1422 1469/2274/1416 1472/2300/1419 1479/2305/1426
f 1479/2312/1426 1472/2311/1419 1468/2270/1415 1476/2271/1423
f 1453/2281/1400 1467/2278/1414 1473/2317/1420 1456/2306/1403
f 1456/2288/1403 1473/2302/1420 1469/2274/1416 1454/2277/1401
f 1474/2278/1421 1460/2281/1407 1466/2306/1413 1477/2317/1424
f 1477/2303/1424 1466/2296/1413 1462/2276/1409 1475/2275/1422
f 1461/2271/1408 1455/2270/1402 1458/2311/1405 1465/2312/1412
f 1465/2294/1412 1458/2290/1405 1454/2277/1401 1462/2276/1409
f 1425/2280/1372 1453/2281/1400 1459/2308/1406 1428/2282/1375
f 1428/2287/1375 1459/2309/1406 1455/2270/1402 1426/2273/1373
f 1460/2281/1407 1433/2280/1380 1435/2282/1382 1463/2308/1410
f 1463/2314/1410 1435/2291/1382 1432/2272/1379 1461/2271/1408
f 1439/2279/1386 1467/2278/1414 1453/2281/1400 1425/2280/1372
o Cube.045
v 9.321309 12.587888 -4.181565
v 9.321309 12.594009 -4.175445
v 9.315187 12.594009 -4.181565
v 9.321309 12.589681 -4.177237
v 9.317775 12.590475 -4.178031
v 9.316980 12.594009 -4.177237
v 9.316980 12.589681 -4.181565
v 9.321309 13.044408 -4.175445
v 9.321309 13.050529 -4.181565
v 9.315187 13.044408 -4.181565
v 9.321309 13.048736 -4.177237
v 9.317775 13.047941 -4.178031
v 9.316980 13.048736 -4.181565
v 9.316980 13.044408 -4.177237
v 9.321309 12.587888 -4.459533
v 9.315187 12.594009 -4.459533
v 9.321309 12.594009 -4.465653
v 9.316980 12.589681 -4.459533
v 9.317775 12.590475 -4.463067
v 9.316980 12.594009 -4.463861
v 9.321309 12.589681 -4.463861
v 9.321309 13.050529 -4.459533
v 9.321309 13.044408 -4.465653
v 9.315187 13.044408 -4.459533
v 9.321309 13.048736 -4.463861
v 9.317775 13.047941 -4.463067
v 9.316980 13.044408 -4.463861
v 9.316980 13.048736 -4.459533
v 9.599275 12.587888 -4.181565
v 9.605396 12.594009 -4.181565
v 9.599275 12.594009 -4.175445
v 9.603603 12.589681 -4.181565
v 9.602810 12.590475 -4.178031
v 9.603603 12.594009 -4.177237
v 9.599275 12.589681 -4.177237
v 9.599275 13.050529 -4.181565
v 9.599275 13.044408 -4.175445
v 9.605396 13.044408 -4.181565
v 9.599275 13.048736 -4.177237
v 9.602810 13.047941 -4.178031
v 9.603603 13.044408 -4.177237
v 9.603603 13.048736 -4.181565
v 9.599275 12.587888 -4.459533
v 9.599275 12.594009 -4.465653
v 9.605396 12.594009 -4.459533
v 9.599275 12.589681 -4.463861
v 9.602810 12.590475 -4.463067
v 9.603603 12.594009 -4.463861
v 9.603603 12.589681 -4.459533
v 9.599275 13.050529 -4.459533
v 9.605396 13.044408 -4.459533
v 9.599275 13.044408 -4.465653
v 9.603603 13.048736 -4.459533
v 9.602810 13.047941 -4.463067
v 9.603603 13.044408 -4.463861
v 9.599275 13.048736 -4.463861
vn -0.1794 -0.9673 0.1794
vn -0.1794 -0.1794 0.9673
vn -0.9673 -0.1794 0.1794
vn -0.1726 -0.6965 0.6965
vn -0.5773 -0.5773 0.5774
vn -0.6965 -0.1726 0.6965
vn -0.6965 -0.6965 0.1726
vn -0.1794 0.1794 0.9673
vn -0.1794 0.9673 0.1794
vn -0.9673 0.1794 0.1794
vn -0.1726 0.6965 0.6965
vn -0.5773 0.5773 0.5774
vn -0.6965 0.6965 0.1726
vn -0.6965 0.1726 0.6965
vn -0.1794 -0.9673 -0.1794
vn -0.9673 -0.1794 -0.1794
vn -0.1794 -0.1794 -0.9673
vn -0.6965 -0.6965 -0.1726
vn -0.5773 -0.5773 -0.5774
vn -0.6965 -0.1726 -0.6965
vn -0.1726 -0.6965 -0.6965
vn -0.1794 0.9673 -0.1794
vn -0.1794 0.1794 -0.9673
vn -0.9673 0.1794 -0.1794
vn -0.1726 0.6965 -0.6965
vn -0.5773 0.5773 -0.5774
vn -0.6965 0.1726 -0.6965
vn -0.6965 0.6965 -0.1726
vn 0.1794 -0.9673 0.1794
vn 0.9673 -0.1794 0.1794
vn 0.1794 -0.1794 0.9673
vn 0.6965 -0.6965 0.1726
vn 0.5773 -0.5773 0.5774
vn 0.6965 -0.1726 0.6965
vn 0.1726 -0.6965 0.6965
vn 0.1794 0.9673 0.1794
vn 0.1794 0.1794 0.9673
vn 0.9673 0.1794 0.1794
vn 0.1726 0.6965 0.6965
vn 0.5773 0.5773 0.5774
vn 0.6965 0.1726 0.6965
vn 0.6965 0.6965 0.1726
vn 0.1794 -0.9673 -0.1794
vn 0.1794 -0.1794 -0.9673
vn 0.9673 -0.1794 -0.1794
vn 0.1726 -0.6965 -0.6965
vn 0.5773 -0.5773 -0.5774
vn 0.6965 -0.1726 -0.6965
vn 0.6965 -0.6965 -0.1726
vn 0.1794 0.9673 -0.1794
vn 0.9673 0.1794 -0.1794
vn 0.1794 0.1794 -0.9673
vn 0.6965 0.6965 -0.1726
vn 0.5773 0.5773 -0.5774
vn 0.6965 0.1726 -0.6965
vn 0.1726 0.6965 -0.6965
vt 0.638983 0.274801
vt 0.638983 0.725199
vt 0.361017 0.725199
vt 0.361017 0.274801
vt 0.638984 0.274801
vt 0.638984 0.725199
vt 0.361016 0.725199
vt 0.361016 0.274801
vt 0.638983 0.638984
vt 0.361017 0.638984
vt 0.361017 0.361016
vt 0.638983 0.361016
vt 0.361017 0.356688
vt 0.357483 0.357482
vt 0.356688 0.361016
vt 0.356688 0.274801
vt 0.357483 0.271267
vt 0.361017 0.270472
vt 0.361016 0.270472
vt 0.357482 0.271267
vt 0.356688 0.274801
vt 0.361017 0.729528
vt 0.357483 0.728733
vt 0.356688 0.725199
vt 0.356688 0.725199
vt 0.357482 0.728733
vt 0.361016 0.729528
vt 0.356688 0.638984
vt 0.357483 0.642518
vt 0.361017 0.643312
vt 0.643312 0.274801
vt 0.642518 0.271267
vt 0.638984 0.270472
vt 0.638984 0.729528
vt 0.642518 0.728733
vt 0.643312 0.725199
vt 0.643312 0.361016
vt 0.642517 0.357482
vt 0.638983 0.356688
vt 0.638983 0.270472
vt 0.642517 0.271267
vt 0.643312 0.274801
vt 0.643312 0.725199
vt 0.642517 0.728733
vt 0.638983 0.729528
vt 0.638983 0.643312
vt 0.642517 0.642518
vt 0.643312 0.638984
s 1
usemtl Iron_Rusty
f 1511/2318/1458 1517/2319/1464 1488/2320/1435 1482/2321/1429
f 1525/2322/1472 1531/2323/1478 1518/2324/1465 1510/2325/1457
f 1530/2326/1477 1502/2327/1449 1489/2328/1436 1516/2329/1463
f 1483/2325/1430 1490/2324/1437 1504/2323/1451 1496/2322/1443
f 1497/2321/1444 1503/2320/1450 1532/2319/1479 1524/2318/1471
f 1481/2328/1428 1484/2330/1431 1485/2331/1432 1487/2332/1434
f 1482/2321/1429 1486/2333/1433 1485/2334/1432 1484/2335/1431
f 1483/2325/1430 1487/2336/1434 1485/2337/1432 1486/2338/1433
f 1488/2320/1435 1491/2339/1438 1492/2340/1439 1494/2341/1441
f 1489/2328/1436 1493/2332/1440 1492/2331/1439 1491/2330/1438
f 1490/2324/1437 1494/2342/1441 1492/2343/1439 1493/2344/1440
f 1495/2327/1442 1498/2345/1445 1499/2346/1446 1501/2347/1448
f 1496/2322/1443 1500/2348/1447 1499/2349/1446 1498/2350/1445
f 1497/2321/1444 1501/2335/1448 1499/2334/1446 1500/2333/1447
f 1502/2327/1449 1505/2347/1452 1506/2346/1453 1508/2345/1455
f 1503/2320/1450 1507/2341/1454 1506/2340/1453 1505/2339/1452
f 1504/2323/1451 1508/2351/1455 1506/2352/1453 1507/2353/1454
f 1509/2329/1456 1512/2354/1459 1513/2355/1460 1515/2356/1462
f 1510/2325/1457 1514/2338/1461 1513/2337/1460 1512/2336/1459
f 1511/2318/1458 1515/2357/1462 1513/2358/1460 1514/2359/1461
f 1516/2329/1463 1519/2356/1466 1520/2355/1467 1522/2354/1469
f 1517/2319/1464 1521/2360/1468 1520/2361/1467 1519/2362/1466
f 1518/2324/1465 1522/2344/1469 1520/2343/1467 1521/2342/1468
f 1523/2326/1470 1526/2363/1473 1527/2364/1474 1529/2365/1476
f 1524/2318/1471 1528/2359/1475 1527/2358/1474 1526/2357/1473
f 1525/2322/1472 1529/2350/1476 1527/2349/1474 1528/2348/1475
f 1530/2326/1477 1533/2365/1480 1534/2364/1481 1536/2363/1483
f 1531/2323/1478 1535/2353/1482 1534/2352/1481 1533/2351/1480
f 1532/2319/1479 1536/2362/1483 1534/2361/1481 1535/2360/1482
f 1495/2327/1442 1481/2328/1428 1487/2332/1434 1498/2345/1445
f 1498/2350/1445 1487/2336/1434 1483/2325/1430 1496/2322/1443
f 1482/2321/1429 1488/2320/1435 1494/2341/1441 1486/2333/1433
f 1486/2338/1433 1494/2342/1441 1490/2324/1437 1483/2325/1430
f 1489/2328/1436 1502/2327/1449 1508/2345/1455 1493/2332/1440
f 1493/2344/1440 1508/2351/1455 1504/2323/1451 1490/2324/1437
f 1503/2320/1450 1497/2321/1444 1500/2333/1447 1507/2341/1454
f 1507/2353/1454 1500/2348/1447 1496/2322/1443 1504/2323/1451
f 1523/2326/1470 1495/2327/1442 1501/2347/1448 1526/2363/1473
f 1526/2357/1473 1501/2335/1448 1497/2321/1444 1524/2318/1471
f 1502/2327/1449 1530/2326/1477 1536/2363/1483 1505/2347/1452
f 1505/2339/1452 1536/2362/1483 1532/2319/1479 1503/2320/1450
f 1531/2323/1478 1525/2322/1472 1528/2348/1475 1535/2353/1482
f 1535/2360/1482 1528/2359/1475 1524/2318/1471 1532/2319/1479
f 1509/2329/1456 1523/2326/1470 1529/2365/1476 1512/2354/1459
f 1512/2336/1459 1529/2350/1476 1525/2322/1472 1510/2325/1457
f 1530/2326/1477 1516/2329/1463 1522/2354/1469 1533/2365/1480
f 1533/2351/1480 1522/2344/1469 1518/2324/1465 1531/2323/1478
f 1517/2319/1464 1511/2318/1458 1514/2359/1461 1521/2360/1468
f 1521/2342/1468 1514/2338/1461 1510/2325/1457 1518/2324/1465
f 1481/2328/1428 1509/2329/1456 1515/2356/1462 1484/2330/1431
f 1484/2335/1431 1515/2357/1462 1511/2318/1458 1482/2321/1429
f 1516/2329/1463 1489/2328/1436 1491/2330/1438 1519/2356/1466
f 1519/2362/1466 1491/2339/1438 1488/2320/1435 1517/2319/1464
f 1495/2327/1442 1523/2326/1470 1509/2329/1456 1481/2328/1428
o Cube.046
v 4.599362 12.587888 -4.181565
v 4.599362 12.594009 -4.175445
v 4.593241 12.594009 -4.181565
v 4.599362 12.589681 -4.177237
v 4.595828 12.590475 -4.178031
v 4.595034 12.594009 -4.177237
v 4.595034 12.589681 -4.181565
v 4.599362 13.044408 -4.175445
v 4.599362 13.050529 -4.181565
v 4.593241 13.044408 -4.181565
v 4.599362 13.048736 -4.177237
v 4.595828 13.047941 -4.178031
v 4.595034 13.048736 -4.181565
v 4.595034 13.044408 -4.177237
v 4.599362 12.587888 -4.459533
v 4.593241 12.594009 -4.459533
v 4.599362 12.594009 -4.465653
v 4.595034 12.589681 -4.459533
v 4.595828 12.590475 -4.463067
v 4.595034 12.594009 -4.463861
v 4.599362 12.589681 -4.463861
v 4.599362 13.050529 -4.459533
v 4.599362 13.044408 -4.465653
v 4.593241 13.044408 -4.459533
v 4.599362 13.048736 -4.463861
v 4.595828 13.047941 -4.463067
v 4.595034 13.044408 -4.463861
v 4.595034 13.048736 -4.459533
v 4.877328 12.587888 -4.181565
v 4.883450 12.594009 -4.181565
v 4.877328 12.594009 -4.175445
v 4.881657 12.589681 -4.181565
v 4.880863 12.590475 -4.178031
v 4.881657 12.594009 -4.177237
v 4.877328 12.589681 -4.177237
v 4.877328 13.050529 -4.181565
v 4.877328 13.044408 -4.175445
v 4.883450 13.044408 -4.181565
v 4.877328 13.048736 -4.177237
v 4.880863 13.047941 -4.178031
v 4.881657 13.044408 -4.177237
v 4.881657 13.048736 -4.181565
v 4.877328 12.587888 -4.459533
v 4.877328 12.594009 -4.465653
v 4.883450 12.594009 -4.459533
v 4.877328 12.589681 -4.463861
v 4.880863 12.590475 -4.463067
v 4.881657 12.594009 -4.463861
v 4.881657 12.589681 -4.459533
v 4.877328 13.050529 -4.459533
v 4.883450 13.044408 -4.459533
v 4.877328 13.044408 -4.465653
v 4.881657 13.048736 -4.459533
v 4.880863 13.047941 -4.463067
v 4.881657 13.044408 -4.463861
v 4.877328 13.048736 -4.463861
vn -0.1794 -0.9673 0.1794
vn -0.1794 -0.1794 0.9673
vn -0.9673 -0.1794 0.1794
vn -0.1726 -0.6965 0.6965
vn -0.5773 -0.5773 0.5774
vn -0.6965 -0.1726 0.6965
vn -0.6965 -0.6965 0.1726
vn -0.1794 0.1794 0.9673
vn -0.1794 0.9673 0.1794
vn -0.9673 0.1794 0.1794
vn -0.1726 0.6965 0.6965
vn -0.5773 0.5773 0.5774
vn -0.6965 0.6965 0.1726
vn -0.6965 0.1726 0.6965
vn -0.1794 -0.9673 -0.1794
vn -0.9673 -0.1794 -0.1794
vn -0.1794 -0.1794 -0.9673
vn -0.6965 -0.6965 -0.1726
vn -0.5773 -0.5773 -0.5774
vn -0.6965 -0.1726 -0.6965
vn -0.1726 -0.6965 -0.6965
vn -0.1794 0.9673 -0.1794
vn -0.1794 0.1794 -0.9673
vn -0.9673 0.1794 -0.1794
vn -0.1726 0.6965 -0.6965
vn -0.5773 0.5773 -0.5774
vn -0.6965 0.1726 -0.6965
vn -0.6965 0.6965 -0.1726
vn 0.1794 -0.9673 0.1794
vn 0.9673 -0.1794 0.1794
vn 0.1794 -0.1794 0.9673
vn 0.6965 -0.6965 0.1726
vn 0.5773 -0.5773 0.5774
vn 0.6965 -0.1726 0.6965
vn 0.1726 -0.6965 0.6965
vn 0.1794 0.9673 0.1794
vn 0.1794 0.1794 0.9673
vn 0.9673 0.1794 0.1794
vn 0.1726 0.6965 0.6965
vn 0.5773 0.5773 0.5774
vn 0.6965 0.1726 0.6965
vn 0.6965 0.6965 0.1726
vn 0.1794 -0.9673 -0.1794
vn 0.1794 -0.1794 -0.9673
vn 0.9673 -0.1794 -0.1794
vn 0.1726 -0.6965 -0.6965
vn 0.5773 -0.5773 -0.5774
vn 0.6965 -0.1726 -0.6965
vn 0.6965 -0.6965 -0.1726
vn 0.1794 0.9673 -0.1794
vn 0.9673 0.1794 -0.1794
vn 0.1794 0.1794 -0.9673
vn 0.6965 0.6965 -0.1726
vn 0.5773 0.5773 -0.5774
vn 0.6965 0.1726 -0.6965
vn 0.1726 0.6965 -0.6965
vt 0.638983 0.274801
vt 0.638983 0.725199
vt 0.361017 0.725199
vt 0.361017 0.274801
vt 0.638984 0.274801
vt 0.638984 0.725199
vt 0.361016 0.725199
vt 0.361016 0.274801
vt 0.638983 0.638984
vt 0.361017 0.638984
vt 0.361017 0.361016
vt 0.638983 0.361016
vt 0.361017 0.356688
vt 0.357483 0.357482
vt 0.356688 0.361016
vt 0.356688 0.274801
vt 0.357483 0.271267
vt 0.361017 0.270472
vt 0.361016 0.270472
vt 0.357482 0.271267
vt 0.356688 0.274801
vt 0.361017 0.729528
vt 0.357483 0.728733
vt 0.356688 0.725199
vt 0.356688 0.725199
vt 0.357482 0.728733
vt 0.361016 0.729528
vt 0.356688 0.638984
vt 0.357483 0.642518
vt 0.361017 0.643312
vt 0.643312 0.274801
vt 0.642518 0.271267
vt 0.638984 0.270472
vt 0.638984 0.729528
vt 0.642518 0.728733
vt 0.643312 0.725199
vt 0.643312 0.361016
vt 0.642517 0.357482
vt 0.638983 0.356688
vt 0.638983 0.270472
vt 0.642517 0.271267
vt 0.643312 0.274801
vt 0.643312 0.725199
vt 0.642517 0.728733
vt 0.638983 0.729528
vt 0.638983 0.643312
vt 0.642517 0.642518
vt 0.643312 0.638984
s 1
usemtl Iron_Rusty
f 1567/2366/1514 1573/2367/1520 1544/2368/1491 1538/2369/1485
f 1581/2370/1528 1587/2371/1534 1574/2372/1521 1566/2373/1513
f 1586/2374/1533 1558/2375/1505 1545/2376/1492 1572/2377/1519
f 1539/2373/1486 1546/2372/1493 1560/2371/1507 1552/2370/1499
f 1553/2369/1500 1559/2368/1506 1588/2367/1535 1580/2366/1527
f 1537/2376/1484 1540/2378/1487 1541/2379/1488 1543/2380/1490
f 1538/2369/1485 1542/2381/1489 1541/2382/1488 1540/2383/1487
f 1539/2373/1486 1543/2384/1490 1541/2385/1488 1542/2386/1489
f 1544/2368/1491 1547/2387/1494 1548/2388/1495 1550/2389/1497
f 1545/2376/1492 1549/2380/1496 1548/2379/1495 1547/2378/1494
f 1546/2372/1493 1550/2390/1497 1548/2391/1495 1549/2392/1496
f 1551/2375/1498 1554/2393/1501 1555/2394/1502 1557/2395/1504
f 1552/2370/1499 1556/2396/1503 1555/2397/1502 1554/2398/1501
f 1553/2369/1500 1557/2383/1504 1555/2382/1502 1556/2381/1503
f 1558/2375/1505 1561/2395/1508 1562/2394/1509 1564/2393/1511
f 1559/2368/1506 1563/2389/1510 1562/2388/1509 1561/2387/1508
f 1560/2371/1507 1564/2399/1511 1562/2400/1509 1563/2401/1510
f 1565/2377/1512 1568/2402/1515 1569/2403/1516 1571/2404/1518
f 1566/2373/1513 1570/2386/1517 1569/2385/1516 1568/2384/1515
f 1567/2366/1514 1571/2405/1518 1569/2406/1516 1570/2407/1517
f 1572/2377/1519 1575/2404/1522 1576/2403/1523 1578/2402/1525
f 1573/2367/1520 1577/2408/1524 1576/2409/1523 1575/2410/1522
f 1574/2372/1521 1578/2392/1525 1576/2391/1523 1577/2390/1524
f 1579/2374/1526 1582/2411/1529 1583/2412/1530 1585/2413/1532
f 1580/2366/1527 1584/2407/1531 1583/2406/1530 1582/2405/1529
f 1581/2370/1528 1585/2398/1532 1583/2397/1530 1584/2396/1531
f 1586/2374/1533 1589/2413/1536 1590/2412/1537 1592/2411/1539
f 1587/2371/1534 1591/2401/1538 1590/2400/1537 1589/2399/1536
f 1588/2367/1535 1592/2410/1539 1590/2409/1537 1591/2408/1538
f 1551/2375/1498 1537/2376/1484 1543/2380/1490 1554/2393/1501
f 1554/2398/1501 1543/2384/1490 1539/2373/1486 1552/2370/1499
f 1538/2369/1485 1544/2368/1491 1550/2389/1497 1542/2381/1489
f 1542/2386/1489 1550/2390/1497 1546/2372/1493 1539/2373/1486
f 1545/2376/1492 1558/2375/1505 1564/2393/1511 1549/2380/1496
f 1549/2392/1496 1564/2399/1511 1560/2371/1507 1546/2372/1493
f 1559/2368/1506 1553/2369/1500 1556/2381/1503 1563/2389/1510
f 1563/2401/1510 1556/2396/1503 1552/2370/1499 1560/2371/1507
f 1579/2374/1526 1551/2375/1498 1557/2395/1504 1582/2411/1529
f 1582/2405/1529 1557/2383/1504 1553/2369/1500 1580/2366/1527
f 1558/2375/1505 1586/2374/1533 1592/2411/1539 1561/2395/1508
f 1561/2387/1508 1592/2410/1539 1588/2367/1535 1559/2368/1506
f 1587/2371/1534 1581/2370/1528 1584/2396/1531 1591/2401/1538
f 1591/2408/1538 1584/2407/1531 1580/2366/1527 1588/2367/1535
f 1565/2377/1512 1579/2374/1526 1585/2413/1532 1568/2402/1515
f 1568/2384/1515 1585/2398/1532 1581/2370/1528 1566/2373/1513
f 1586/2374/1533 1572/2377/1519 1578/2402/1525 1589/2413/1536
f 1589/2399/1536 1578/2392/1525 1574/2372/1521 1587/2371/1534
f 1573/2367/1520 1567/2366/1514 1570/2407/1517 1577/2408/1524
f 1577/2390/1524 1570/2386/1517 1566/2373/1513 1574/2372/1521
f 1537/2376/1484 1565/2377/1512 1571/2404/1518 1540/2378/1487
f 1540/2383/1487 1571/2405/1518 1567/2366/1514 1538/2369/1485
f 1572/2377/1519 1545/2376/1492 1547/2378/1494 1575/2404/1522
f 1575/2410/1522 1547/2387/1494 1544/2368/1491 1573/2367/1520
f 1551/2375/1498 1579/2374/1526 1565/2377/1512 1537/2376/1484
o Plane.100
v 9.558498 2.648322 -0.105859
v 9.558498 2.648322 -0.213449
v 9.361639 2.648322 -0.212305
v 9.361639 2.648322 -0.105859
v 9.558498 5.143526 -0.105859
v 9.570782 5.143526 -0.213449
v 9.349356 5.143526 -0.212305
v 9.361639 5.143526 -0.105859
v 9.558498 2.648322 0.001731
v 9.361639 2.648322 0.000586
v 9.570782 5.143526 0.001731
v 9.349356 5.143526 0.000586
v 9.545159 2.648560 -0.112540
v 9.548514 2.648500 -0.214019
v 9.371622 2.648500 -0.212881
v 9.374978 2.648560 -0.112540
v 9.545159 5.143764 -0.112540
v 9.560799 5.143704 -0.214019
v 9.359339 5.143704 -0.212881
v 9.374978 5.143764 -0.112540
v 9.548514 2.648500 0.002301
v 9.371622 2.648500 0.001162
v 9.560799 5.143704 0.002301
v 9.359339 5.143704 0.001162
vn -0.0000 -0.0000 1.0000
vn -0.9983 -0.0025 0.0576
vn 0.9984 -0.0025 0.0570
vn -0.9983 -0.0025 -0.0576
vn 0.9984 -0.0025 -0.0570
vn -0.0000 -0.0000 -1.0000
vn 0.9955 0.0025 -0.0942
vn -0.9956 0.0025 -0.0932
vn 0.9965 0.0025 0.0832
vn -0.9966 0.0025 0.0824
vn -0.0178 -0.9998 -0.0000
vn 0.0179 -0.9998 -0.0000
vn -0.0000 -0.9994 -0.0356
vn 0.0172 0.9998 0.0020
vn -0.0172 0.9998 0.0020
vn -0.0000 0.9994 0.0357
vn -0.0576 -0.0003 -0.9983
vn 0.0570 -0.0003 -0.9984
vn -0.0179 -0.9998 -0.0000
vn 0.0184 0.9998 -0.0020
vn -0.0184 0.9998 -0.0021
vn -0.0576 -0.0003 0.9983
vn 0.0570 -0.0003 0.9984
vt 0.394508 -0.837237
vt 0.605492 -0.837237
vt 0.605492 1.837014
vt 0.394508 1.837014
vt 0.612294 -0.837237
vt 0.498210 -0.837237
vt 0.498210 1.837014
vt 0.612294 1.837014
vt 0.498210 -0.837237
vt 0.613520 -0.837237
vt 0.613520 1.837014
vt 0.498210 1.837014
vt 0.384126 -0.837237
vt 0.384126 1.837014
vt 0.382900 1.837014
vt 0.382900 -0.837237
vt 0.408804 -0.836982
vt 0.408804 1.837270
vt 0.591197 1.837270
vt 0.591197 -0.836982
vt 0.612911 -0.837046
vt 0.612911 1.837205
vt 0.505370 1.837270
vt 0.505370 -0.836982
vt 0.505370 -0.836982
vt 0.505370 1.837270
vt 0.614131 1.837205
vt 0.614131 -0.837046
vt 0.383509 -0.837046
vt 0.383509 1.837205
vt 0.382289 -0.837046
vt 0.382289 1.837205
vt 0.605492 0.613520
vt 0.605492 0.498210
vt 0.591197 0.505370
vt 0.594792 0.614131
vt 0.394508 0.498210
vt 0.394508 0.612294
vt 0.405207 0.612911
vt 0.408804 0.505370
vt 0.618657 0.613520
vt 0.607958 0.614131
vt 0.381343 0.612294
vt 0.392042 0.612911
vt 0.381343 1.837014
vt 0.392042 1.837205
vt 0.405207 -0.837046
vt 0.618657 1.837014
vt 0.594792 -0.837046
vt 0.607958 1.837205
vt 0.605492 0.382900
vt 0.594792 0.382289
vt 0.394508 0.384126
vt 0.405207 0.383509
vt 0.618657 0.382900
vt 0.607958 0.382289
vt 0.381343 0.384126
vt 0.392042 0.383509
s 0
usemtl Iron_Rusty
f 1596/2414/1540 1593/2415/1540 1597/2416/1540 1600/2417/1540
f 1595/2418/1541 1596/2419/1541 1600/2420/1541 1599/2421/1541
f 1593/2422/1542 1594/2423/1542 1598/2424/1542 1597/2425/1542
f 1602/2426/1543 1604/2427/1543 1600/2420/1543 1596/2419/1543
f 1593/2422/1544 1597/2425/1544 1603/2428/1544 1601/2429/1544
f 1608/2430/1545 1612/2431/1545 1609/2432/1545 1605/2433/1545
f 1607/2434/1546 1611/2435/1546 1612/2436/1546 1608/2437/1546
f 1605/2438/1547 1609/2439/1547 1610/2440/1547 1606/2441/1547
f 1614/2442/1548 1608/2437/1548 1612/2436/1548 1616/2443/1548
f 1605/2438/1549 1613/2444/1549 1615/2445/1549 1609/2439/1549
f 1594/2446/1550 1593/2447/1550 1605/2448/1550 1606/2449/1550
f 1596/2450/1551 1595/2451/1551 1607/2452/1551 1608/2453/1551
f 1593/2447/1552 1596/2450/1552 1608/2453/1552 1605/2448/1552
f 1597/2447/1553 1598/2454/1553 1610/2455/1553 1609/2448/1553
f 1599/2456/1554 1600/2450/1554 1612/2453/1554 1611/2457/1554
f 1600/2450/1555 1597/2447/1555 1609/2448/1555 1612/2453/1555
f 1595/2414/1556 1599/2458/1556 1611/2459/1556 1607/2460/1556
f 1598/2461/1557 1594/2415/1557 1606/2462/1557 1610/2463/1557
f 1593/2447/1558 1601/2464/1558 1613/2465/1558 1605/2448/1558
f 1602/2466/1551 1596/2450/1551 1608/2453/1551 1614/2467/1551
f 1603/2468/1559 1597/2447/1559 1609/2448/1559 1615/2469/1559
f 1600/2450/1560 1604/2470/1560 1616/2471/1560 1612/2453/1560
f 1604/2458/1561 1602/2414/1561 1614/2460/1561 1616/2459/1561
f 1601/2415/1562 1603/2461/1562 1615/2463/1562 1613/2462/1562
o Plane.101
v 9.453030 2.648322 -4.225684
v 9.560620 2.648322 -4.225684
v 9.559475 2.648322 -4.422542
v 9.453030 2.648322 -4.422542
v 9.453030 5.143526 -4.225684
v 9.560620 5.143526 -4.213400
v 9.559475 5.143526 -4.434826
v 9.453030 5.143526 -4.422542
v 9.345440 2.648322 -4.225684
v 9.346584 2.648322 -4.422542
v 9.345440 5.143526 -4.213400
v 9.346584 5.143526 -4.434826
v 9.459711 2.648560 -4.239022
v 9.561190 2.648500 -4.235667
v 9.560051 2.648500 -4.412559
v 9.459711 2.648560 -4.409204
v 9.459711 5.143764 -4.239022
v 9.561190 5.143704 -4.223383
v 9.560051 5.143704 -4.424843
v 9.459711 5.143764 -4.409204
v 9.344870 2.648500 -4.235667
v 9.346008 2.648500 -4.412559
v 9.344870 5.143704 -4.223383
v 9.346008 5.143704 -4.424843
vn -1.0000 -0.0000 -0.0000
vn -0.0576 -0.0025 -0.9983
vn -0.0570 -0.0025 0.9984
vn 0.0576 -0.0025 -0.9983
vn 0.0570 -0.0025 0.9984
vn 1.0000 -0.0000 -0.0000
vn 0.0942 0.0025 0.9955
vn 0.0932 0.0025 -0.9956
vn -0.0832 0.0025 0.9965
vn -0.0824 0.0025 -0.9966
vn -0.0000 -0.9998 -0.0179
vn -0.0000 -0.9998 0.0179
vn 0.0356 -0.9994 -0.0000
vn -0.0020 0.9998 0.0172
vn -0.0020 0.9998 -0.0172
vn -0.0356 0.9994 -0.0000
vn 0.9983 -0.0003 -0.0576
vn 0.9984 -0.0003 0.0570
vn 0.0020 0.9998 0.0184
vn 0.0021 0.9998 -0.0184
vn -0.9983 -0.0003 -0.0576
vn -0.9984 -0.0003 0.0570
vt 0.605492 -0.837237
vt 0.394508 -0.837237
vt 0.394508 1.837014
vt 0.605492 1.837014
vt 0.612293 -0.837237
vt 0.498210 -0.837237
vt 0.498210 1.837014
vt 0.612293 1.837014
vt 0.613521 -0.837237
vt 0.613521 1.837014
vt 0.384127 -0.837237
vt 0.384127 1.837014
vt 0.382900 1.837014
vt 0.382900 -0.837237
vt 0.591196 -0.836982
vt 0.591196 1.837269
vt 0.408803 1.837269
vt 0.408803 -0.836982
vt 0.612911 -0.837046
vt 0.612911 1.837205
vt 0.505370 1.837269
vt 0.505370 -0.836982
vt 0.614131 1.837205
vt 0.614131 -0.837046
vt 0.383509 -0.837046
vt 0.383509 1.837205
vt 0.382289 -0.837046
vt 0.382289 1.837205
vt 0.613521 0.394508
vt 0.498210 0.394508
vt 0.505370 0.408803
vt 0.614131 0.405208
vt 0.498210 0.605492
vt 0.612293 0.605492
vt 0.612911 0.594793
vt 0.505370 0.591196
vt 0.613521 0.381343
vt 0.614131 0.392042
vt 0.612293 0.618657
vt 0.612911 0.607958
vt 0.618657 1.837014
vt 0.607958 1.837205
vt 0.594793 -0.837046
vt 0.381343 1.837014
vt 0.405208 -0.837046
vt 0.392042 1.837205
vt 0.382900 0.394508
vt 0.382289 0.405208
vt 0.384127 0.605492
vt 0.383509 0.594793
vt 0.382900 0.381343
vt 0.382289 0.392042
vt 0.384127 0.618657
vt 0.383509 0.607958
s 0
usemtl Iron_Rusty
f 1620/2472/1563 1617/2473/1563 1621/2474/1563 1624/2475/1563
f 1619/2476/1564 1620/2477/1564 1624/2478/1564 1623/2479/1564
f 1617/2477/1565 1618/2480/1565 1622/2481/1565 1621/2478/1565
f 1626/2482/1566 1628/2483/1566 1624/2478/1566 1620/2477/1566
f 1617/2477/1567 1621/2478/1567 1627/2484/1567 1625/2485/1567
f 1632/2486/1568 1636/2487/1568 1633/2488/1568 1629/2489/1568
f 1631/2490/1569 1635/2491/1569 1636/2492/1569 1632/2493/1569
f 1629/2493/1570 1633/2492/1570 1634/2494/1570 1630/2495/1570
f 1638/2496/1571 1632/2493/1571 1636/2492/1571 1640/2497/1571
f 1629/2493/1572 1637/2498/1572 1639/2499/1572 1633/2492/1572
f 1618/2500/1573 1617/2501/1573 1629/2502/1573 1630/2503/1573
f 1620/2504/1574 1619/2505/1574 1631/2506/1574 1632/2507/1574
f 1617/2501/1575 1620/2504/1575 1632/2507/1575 1629/2502/1575
f 1621/2501/1576 1622/2508/1576 1634/2509/1576 1633/2502/1576
f 1623/2510/1577 1624/2504/1577 1636/2507/1577 1635/2511/1577
f 1624/2504/1578 1621/2501/1578 1633/2502/1578 1636/2507/1578
f 1619/2472/1579 1623/2512/1579 1635/2513/1579 1631/2514/1579
f 1622/2515/1580 1618/2473/1580 1630/2516/1580 1634/2517/1580
f 1617/2501/1573 1625/2518/1573 1637/2519/1573 1629/2502/1573
f 1626/2520/1574 1620/2504/1574 1632/2507/1574 1638/2521/1574
f 1627/2522/1581 1621/2501/1581 1633/2502/1581 1639/2523/1581
f 1624/2504/1582 1628/2524/1582 1640/2525/1582 1636/2507/1582
f 1628/2512/1583 1626/2472/1583 1638/2514/1583 1640/2513/1583
f 1625/2473/1584 1627/2515/1584 1639/2517/1584 1637/2516/1584
o Cube.047
v 9.322614 4.716366 0.059542
v 9.322614 4.722487 0.065663
v 9.316492 4.722487 0.059542
v 9.322614 4.718159 0.063870
v 9.319079 4.718953 0.063076
v 9.318285 4.722487 0.063870
v 9.318285 4.718159 0.059542
v 9.322614 5.172886 0.065663
v 9.322614 5.179007 0.059542
v 9.316492 5.172886 0.059542
v 9.322614 5.177214 0.063870
v 9.319079 5.176420 0.063076
v 9.318285 5.177214 0.059542
v 9.318285 5.172886 0.063870
v 9.322614 4.716366 -0.218425
v 9.316492 4.722487 -0.218425
v 9.322614 4.722487 -0.224546
v 9.318285 4.718159 -0.218425
v 9.319079 4.718953 -0.221959
v 9.318285 4.722487 -0.222753
v 9.322614 4.718159 -0.222753
v 9.322614 5.179007 -0.218425
v 9.322614 5.172886 -0.224546
v 9.316492 5.172886 -0.218425
v 9.322614 5.177214 -0.222753
v 9.319079 5.176420 -0.221959
v 9.318285 5.172886 -0.222753
v 9.318285 5.177214 -0.218425
v 9.600579 4.716366 0.059542
v 9.606701 4.722487 0.059542
v 9.600579 4.722487 0.065663
v 9.604908 4.718159 0.059542
v 9.604115 4.718953 0.063076
v 9.604908 4.722487 0.063870
v 9.600579 4.718159 0.063870
v 9.600579 5.179007 0.059542
v 9.600579 5.172886 0.065663
v 9.606701 5.172886 0.059542
v 9.600579 5.177214 0.063870
v 9.604115 5.176420 0.063076
v 9.604908 5.172886 0.063870
v 9.604908 5.177214 0.059542
v 9.600579 4.716366 -0.218425
v 9.600579 4.722487 -0.224546
v 9.606701 4.722487 -0.218425
v 9.600579 4.718159 -0.222753
v 9.604115 4.718953 -0.221959
v 9.604908 4.722487 -0.222753
v 9.604908 4.718159 -0.218425
v 9.600579 5.179007 -0.218425
v 9.606701 5.172886 -0.218425
v 9.600579 5.172886 -0.224546
v 9.604908 5.177214 -0.218425
v 9.604115 5.176420 -0.221959
v 9.604908 5.172886 -0.222753
v 9.600579 5.177214 -0.222753
vn -0.1794 -0.9673 0.1794
vn -0.1794 -0.1794 0.9673
vn -0.9673 -0.1794 0.1794
vn -0.1726 -0.6965 0.6965
vn -0.5773 -0.5773 0.5774
vn -0.6965 -0.1726 0.6965
vn -0.6965 -0.6965 0.1726
vn -0.1794 0.1794 0.9673
vn -0.1794 0.9673 0.1794
vn -0.9673 0.1794 0.1794
vn -0.1726 0.6965 0.6965
vn -0.5773 0.5773 0.5774
vn -0.6965 0.6965 0.1726
vn -0.6965 0.1726 0.6965
vn -0.1794 -0.9673 -0.1794
vn -0.9673 -0.1794 -0.1794
vn -0.1794 -0.1794 -0.9673
vn -0.6965 -0.6965 -0.1726
vn -0.5773 -0.5773 -0.5774
vn -0.6965 -0.1726 -0.6965
vn -0.1726 -0.6965 -0.6965
vn -0.1794 0.9673 -0.1794
vn -0.1794 0.1794 -0.9673
vn -0.9673 0.1794 -0.1794
vn -0.1726 0.6965 -0.6965
vn -0.5773 0.5773 -0.5774
vn -0.6965 0.1726 -0.6965
vn -0.6965 0.6965 -0.1726
vn 0.1794 -0.9673 0.1794
vn 0.9673 -0.1794 0.1794
vn 0.1794 -0.1794 0.9673
vn 0.6965 -0.6965 0.1726
vn 0.5773 -0.5773 0.5774
vn 0.6965 -0.1726 0.6965
vn 0.1726 -0.6965 0.6965
vn 0.1794 0.9673 0.1794
vn 0.1794 0.1794 0.9673
vn 0.9673 0.1794 0.1794
vn 0.1726 0.6965 0.6965
vn 0.5773 0.5773 0.5774
vn 0.6965 0.1726 0.6965
vn 0.6965 0.6965 0.1726
vn 0.1794 -0.9673 -0.1794
vn 0.1794 -0.1794 -0.9673
vn 0.9673 -0.1794 -0.1794
vn 0.1726 -0.6965 -0.6965
vn 0.5773 -0.5773 -0.5774
vn 0.6965 -0.1726 -0.6965
vn 0.6965 -0.6965 -0.1726
vn 0.1794 0.9673 -0.1794
vn 0.9673 0.1794 -0.1794
vn 0.1794 0.1794 -0.9673
vn 0.6965 0.6965 -0.1726
vn 0.5773 0.5773 -0.5774
vn 0.6965 0.1726 -0.6965
vn 0.1726 0.6965 -0.6965
vt 0.638983 0.274801
vt 0.638983 0.725199
vt 0.361017 0.725199
vt 0.361017 0.274801
vt 0.638984 0.274801
vt 0.638984 0.725199
vt 0.361016 0.725199
vt 0.361016 0.274801
vt 0.638983 0.638984
vt 0.361017 0.638984
vt 0.361017 0.361016
vt 0.638983 0.361016
vt 0.361017 0.356688
vt 0.357483 0.357482
vt 0.356688 0.361016
vt 0.356688 0.274801
vt 0.357483 0.271267
vt 0.361017 0.270472
vt 0.361016 0.270472
vt 0.357482 0.271267
vt 0.356688 0.274801
vt 0.361017 0.729528
vt 0.357483 0.728733
vt 0.356688 0.725199
vt 0.356688 0.725199
vt 0.357482 0.728733
vt 0.361016 0.729528
vt 0.356688 0.638984
vt 0.357483 0.642518
vt 0.361017 0.643312
vt 0.643312 0.274801
vt 0.642518 0.271267
vt 0.638984 0.270472
vt 0.638984 0.729528
vt 0.642518 0.728733
vt 0.643312 0.725199
vt 0.643312 0.361016
vt 0.642517 0.357482
vt 0.638983 0.356688
vt 0.638983 0.270472
vt 0.642517 0.271267
vt 0.643312 0.274801
vt 0.643312 0.725199
vt 0.642517 0.728733
vt 0.638983 0.729528
vt 0.638983 0.643312
vt 0.642517 0.642518
vt 0.643312 0.638984
s 1
usemtl Iron_Rusty
f 1671/2526/1615 1677/2527/1621 1648/2528/1592 1642/2529/1586
f 1685/2530/1629 1691/2531/1635 1678/2532/1622 1670/2533/1614
f 1690/2534/1634 1662/2535/1606 1649/2536/1593 1676/2537/1620
f 1643/2533/1587 1650/2532/1594 1664/2531/1608 1656/2530/1600
f 1657/2529/1601 1663/2528/1607 1692/2527/1636 1684/2526/1628
f 1641/2536/1585 1644/2538/1588 1645/2539/1589 1647/2540/1591
f 1642/2529/1586 1646/2541/1590 1645/2542/1589 1644/2543/1588
f 1643/2533/1587 1647/2544/1591 1645/2545/1589 1646/2546/1590
f 1648/2528/1592 1651/2547/1595 1652/2548/1596 1654/2549/1598
f 1649/2536/1593 1653/2540/1597 1652/2539/1596 1651/2538/1595
f 1650/2532/1594 1654/2550/1598 1652/2551/1596 1653/2552/1597
f 1655/2535/1599 1658/2553/1602 1659/2554/1603 1661/2555/1605
f 1656/2530/1600 1660/2556/1604 1659/2557/1603 1658/2558/1602
f 1657/2529/1601 1661/2543/1605 1659/2542/1603 1660/2541/1604
f 1662/2535/1606 1665/2555/1609 1666/2554/1610 1668/2553/1612
f 1663/2528/1607 1667/2549/1611 1666/2548/1610 1665/2547/1609
f 1664/2531/1608 1668/2559/1612 1666/2560/1610 1667/2561/1611
f 1669/2537/1613 1672/2562/1616 1673/2563/1617 1675/2564/1619
f 1670/2533/1614 1674/2546/1618 1673/2545/1617 1672/2544/1616
f 1671/2526/1615 1675/2565/1619 1673/2566/1617 1674/2567/1618
f 1676/2537/1620 1679/2564/1623 1680/2563/1624 1682/2562/1626
f 1677/2527/1621 1681/2568/1625 1680/2569/1624 1679/2570/1623
f 1678/2532/1622 1682/2552/1626 1680/2551/1624 1681/2550/1625
f 1683/2534/1627 1686/2571/1630 1687/2572/1631 1689/2573/1633
f 1684/2526/1628 1688/2567/1632 1687/2566/1631 1686/2565/1630
f 1685/2530/1629 1689/2558/1633 1687/2557/1631 1688/2556/1632
f 1690/2534/1634 1693/2573/1637 1694/2572/1638 1696/2571/1640
f 1691/2531/1635 1695/2561/1639 1694/2560/1638 1693/2559/1637
f 1692/2527/1636 1696/2570/1640 1694/2569/1638 1695/2568/1639
f 1655/2535/1599 1641/2536/1585 1647/2540/1591 1658/2553/1602
f 1658/2558/1602 1647/2544/1591 1643/2533/1587 1656/2530/1600
f 1642/2529/1586 1648/2528/1592 1654/2549/1598 1646/2541/1590
f 1646/2546/1590 1654/2550/1598 1650/2532/1594 1643/2533/1587
f 1649/2536/1593 1662/2535/1606 1668/2553/1612 1653/2540/1597
f 1653/2552/1597 1668/2559/1612 1664/2531/1608 1650/2532/1594
f 1663/2528/1607 1657/2529/1601 1660/2541/1604 1667/2549/1611
f 1667/2561/1611 1660/2556/1604 1656/2530/1600 1664/2531/1608
f 1683/2534/1627 1655/2535/1599 1661/2555/1605 1686/2571/1630
f 1686/2565/1630 1661/2543/1605 1657/2529/1601 1684/2526/1628
f 1662/2535/1606 1690/2534/1634 1696/2571/1640 1665/2555/1609
f 1665/2547/1609 1696/2570/1640 1692/2527/1636 1663/2528/1607
f 1691/2531/1635 1685/2530/1629 1688/2556/1632 1695/2561/1639
f 1695/2568/1639 1688/2567/1632 1684/2526/1628 1692/2527/1636
f 1669/2537/1613 1683/2534/1627 1689/2573/1633 1672/2562/1616
f 1672/2544/1616 1689/2558/1633 1685/2530/1629 1670/2533/1614
f 1690/2534/1634 1676/2537/1620 1682/2562/1626 1693/2573/1637
f 1693/2559/1637 1682/2552/1626 1678/2532/1622 1691/2531/1635
f 1677/2527/1621 1671/2526/1615 1674/2567/1618 1681/2568/1625
f 1681/2550/1625 1674/2546/1618 1670/2533/1614 1678/2532/1622
f 1641/2536/1585 1669/2537/1613 1675/2564/1619 1644/2538/1588
f 1644/2543/1588 1675/2565/1619 1671/2526/1615 1642/2529/1586
f 1676/2537/1620 1649/2536/1593 1651/2538/1595 1679/2564/1623
f 1679/2570/1623 1651/2547/1595 1648/2528/1592 1677/2527/1621
f 1655/2535/1599 1683/2534/1627 1669/2537/1613 1641/2536/1585
o Cube.048
v 9.322614 4.716366 -4.181565
v 9.322614 4.722487 -4.175445
v 9.316492 4.722487 -4.181565
v 9.322614 4.718159 -4.177237
v 9.319079 4.718953 -4.178031
v 9.318285 4.722487 -4.177237
v 9.318285 4.718159 -4.181565
v 9.322614 5.172886 -4.175445
v 9.322614 5.179007 -4.181565
v 9.316492 5.172886 -4.181565
v 9.322614 5.177214 -4.177237
v 9.319079 5.176420 -4.178031
v 9.318285 5.177214 -4.181565
v 9.318285 5.172886 -4.177237
v 9.322614 4.716366 -4.459533
v 9.316492 4.722487 -4.459533
v 9.322614 4.722487 -4.465653
v 9.318285 4.718159 -4.459533
v 9.319079 4.718953 -4.463067
v 9.318285 4.722487 -4.463861
v 9.322614 4.718159 -4.463861
v 9.322614 5.179007 -4.459533
v 9.322614 5.172886 -4.465653
v 9.316492 5.172886 -4.459533
v 9.322614 5.177214 -4.463861
v 9.319079 5.176420 -4.463067
v 9.318285 5.172886 -4.463861
v 9.318285 5.177214 -4.459533
v 9.600579 4.716366 -4.181565
v 9.606701 4.722487 -4.181565
v 9.600579 4.722487 -4.175445
v 9.604908 4.718159 -4.181565
v 9.604115 4.718953 -4.178031
v 9.604908 4.722487 -4.177237
v 9.600579 4.718159 -4.177237
v 9.600579 5.179007 -4.181565
v 9.600579 5.172886 -4.175445
v 9.606701 5.172886 -4.181565
v 9.600579 5.177214 -4.177237
v 9.604115 5.176420 -4.178031
v 9.604908 5.172886 -4.177237
v 9.604908 5.177214 -4.181565
v 9.600579 4.716366 -4.459533
v 9.600579 4.722487 -4.465653
v 9.606701 4.722487 -4.459533
v 9.600579 4.718159 -4.463861
v 9.604115 4.718953 -4.463067
v 9.604908 4.722487 -4.463861
v 9.604908 4.718159 -4.459533
v 9.600579 5.179007 -4.459533
v 9.606701 5.172886 -4.459533
v 9.600579 5.172886 -4.465653
v 9.604908 5.177214 -4.459533
v 9.604115 5.176420 -4.463067
v 9.604908 5.172886 -4.463861
v 9.600579 5.177214 -4.463861
vn -0.1794 -0.9673 0.1794
vn -0.1794 -0.1794 0.9673
vn -0.9673 -0.1794 0.1794
vn -0.1726 -0.6965 0.6965
vn -0.5773 -0.5773 0.5774
vn -0.6965 -0.1726 0.6965
vn -0.6965 -0.6965 0.1726
vn -0.1794 0.1794 0.9673
vn -0.1794 0.9673 0.1794
vn -0.9673 0.1794 0.1794
vn -0.1726 0.6965 0.6965
vn -0.5773 0.5773 0.5774
vn -0.6965 0.6965 0.1726
vn -0.6965 0.1726 0.6965
vn -0.1794 -0.9673 -0.1794
vn -0.9673 -0.1794 -0.1794
vn -0.1794 -0.1794 -0.9673
vn -0.6965 -0.6965 -0.1726
vn -0.5773 -0.5773 -0.5774
vn -0.6965 -0.1726 -0.6965
vn -0.1726 -0.6965 -0.6965
vn -0.1794 0.9673 -0.1794
vn -0.1794 0.1794 -0.9673
vn -0.9673 0.1794 -0.1794
vn -0.1726 0.6965 -0.6965
vn -0.5773 0.5773 -0.5774
vn -0.6965 0.1726 -0.6965
vn -0.6965 0.6965 -0.1726
vn 0.1794 -0.9673 0.1794
vn 0.9673 -0.1794 0.1794
vn 0.1794 -0.1794 0.9673
vn 0.6965 -0.6965 0.1726
vn 0.5773 -0.5773 0.5774
vn 0.6965 -0.1726 0.6965
vn 0.1726 -0.6965 0.6965
vn 0.1794 0.9673 0.1794
vn 0.1794 0.1794 0.9673
vn 0.9673 0.1794 0.1794
vn 0.1726 0.6965 0.6965
vn 0.5773 0.5773 0.5774
vn 0.6965 0.1726 0.6965
vn 0.6965 0.6965 0.1726
vn 0.1794 -0.9673 -0.1794
vn 0.1794 -0.1794 -0.9673
vn 0.9673 -0.1794 -0.1794
vn 0.1726 -0.6965 -0.6965
vn 0.5773 -0.5773 -0.5774
vn 0.6965 -0.1726 -0.6965
vn 0.6965 -0.6965 -0.1726
vn 0.1794 0.9673 -0.1794
vn 0.9673 0.1794 -0.1794
vn 0.1794 0.1794 -0.9673
vn 0.6965 0.6965 -0.1726
vn 0.5773 0.5773 -0.5774
vn 0.6965 0.1726 -0.6965
vn 0.1726 0.6965 -0.6965
vt 0.638983 0.274801
vt 0.638983 0.725199
vt 0.361017 0.725199
vt 0.361017 0.274801
vt 0.638984 0.274801
vt 0.638984 0.725199
vt 0.361016 0.725199
vt 0.361016 0.274801
vt 0.638983 0.638984
vt 0.361017 0.638984
vt 0.361017 0.361016
vt 0.638983 0.361016
vt 0.361017 0.356688
vt 0.357483 0.357482
vt 0.356688 0.361016
vt 0.356688 0.274801
vt 0.357483 0.271267
vt 0.361017 0.270472
vt 0.361016 0.270472
vt 0.357482 0.271267
vt 0.356688 0.274801
vt 0.361017 0.729528
vt 0.357483 0.728733
vt 0.356688 0.725199
vt 0.356688 0.725199
vt 0.357482 0.728733
vt 0.361016 0.729528
vt 0.356688 0.638984
vt 0.357483 0.642518
vt 0.361017 0.643312
vt 0.643312 0.274801
vt 0.642518 0.271267
vt 0.638984 0.270472
vt 0.638984 0.729528
vt 0.642518 0.728733
vt 0.643312 0.725199
vt 0.643312 0.361016
vt 0.642517 0.357482
vt 0.638983 0.356688
vt 0.638983 0.270472
vt 0.642517 0.271267
vt 0.643312 0.274801
vt 0.643312 0.725199
vt 0.642517 0.728733
vt 0.638983 0.729528
vt 0.638983 0.643312
vt 0.642517 0.642518
vt 0.643312 0.638984
s 1
usemtl Iron_Rusty
f 1727/2574/1671 1733/2575/1677 1704/2576/1648 1698/2577/1642
f 1741/2578/1685 1747/2579/1691 1734/2580/1678 1726/2581/1670
f 1746/2582/1690 1718/2583/1662 1705/2584/1649 1732/2585/1676
f 1699/2581/1643 1706/2580/1650 1720/2579/1664 1712/2578/1656
f 1713/2577/1657 1719/2576/1663 1748/2575/1692 1740/2574/1684
f 1697/2584/1641 1700/2586/1644 1701/2587/1645 1703/2588/1647
f 1698/2577/1642 1702/2589/1646 1701/2590/1645 1700/2591/1644
f 1699/2581/1643 1703/2592/1647 1701/2593/1645 1702/2594/1646
f 1704/2576/1648 1707/2595/1651 1708/2596/1652 1710/2597/1654
f 1705/2584/1649 1709/2588/1653 1708/2587/1652 1707/2586/1651
f 1706/2580/1650 1710/2598/1654 1708/2599/1652 1709/2600/1653
f 1711/2583/1655 1714/2601/1658 1715/2602/1659 1717/2603/1661
f 1712/2578/1656 1716/2604/1660 1715/2605/1659 1714/2606/1658
f 1713/2577/1657 1717/2591/1661 1715/2590/1659 1716/2589/1660
f 1718/2583/1662 1721/2603/1665 1722/2602/1666 1724/2601/1668
f 1719/2576/1663 1723/2597/1667 1722/2596/1666 1721/2595/1665
f 1720/2579/1664 1724/2607/1668 1722/2608/1666 1723/2609/1667
f 1725/2585/1669 1728/2610/1672 1729/2611/1673 1731/2612/1675
f 1726/2581/1670 1730/2594/1674 1729/2593/1673 1728/2592/1672
f 1727/2574/1671 1731/2613/1675 1729/2614/1673 1730/2615/1674
f 1732/2585/1676 1735/2612/1679 1736/2611/1680 1738/2610/1682
f 1733/2575/1677 1737/2616/1681 1736/2617/1680 1735/2618/1679
f 1734/2580/1678 1738/2600/1682 1736/2599/1680 1737/2598/1681
f 1739/2582/1683 1742/2619/1686 1743/2620/1687 1745/2621/1689
f 1740/2574/1684 1744/2615/1688 1743/2614/1687 1742/2613/1686
f 1741/2578/1685 1745/2606/1689 1743/2605/1687 1744/2604/1688
f 1746/2582/1690 1749/2621/1693 1750/2620/1694 1752/2619/1696
f 1747/2579/1691 1751/2609/1695 1750/2608/1694 1749/2607/1693
f 1748/2575/1692 1752/2618/1696 1750/2617/1694 1751/2616/1695
f 1711/2583/1655 1697/2584/1641 1703/2588/1647 1714/2601/1658
f 1714/2606/1658 1703/2592/1647 1699/2581/1643 1712/2578/1656
f 1698/2577/1642 1704/2576/1648 1710/2597/1654 1702/2589/1646
f 1702/2594/1646 1710/2598/1654 1706/2580/1650 1699/2581/1643
f 1705/2584/1649 1718/2583/1662 1724/2601/1668 1709/2588/1653
f 1709/2600/1653 1724/2607/1668 1720/2579/1664 1706/2580/1650
f 1719/2576/1663 1713/2577/1657 1716/2589/1660 1723/2597/1667
f 1723/2609/1667 1716/2604/1660 1712/2578/1656 1720/2579/1664
f 1739/2582/1683 1711/2583/1655 1717/2603/1661 1742/2619/1686
f 1742/2613/1686 1717/2591/1661 1713/2577/1657 1740/2574/1684
f 1718/2583/1662 1746/2582/1690 1752/2619/1696 1721/2603/1665
f 1721/2595/1665 1752/2618/1696 1748/2575/1692 1719/2576/1663
f 1747/2579/1691 1741/2578/1685 1744/2604/1688 1751/2609/1695
f 1751/2616/1695 1744/2615/1688 1740/2574/1684 1748/2575/1692
f 1725/2585/1669 1739/2582/1683 1745/2621/1689 1728/2610/1672
f 1728/2592/1672 1745/2606/1689 1741/2578/1685 1726/2581/1670
f 1746/2582/1690 1732/2585/1676 1738/2610/1682 1749/2621/1693
f 1749/2607/1693 1738/2600/1682 1734/2580/1678 1747/2579/1691
f 1733/2575/1677 1727/2574/1671 1730/2615/1674 1737/2616/1681
f 1737/2598/1681 1730/2594/1674 1726/2581/1670 1734/2580/1678
f 1697/2584/1641 1725/2585/1669 1731/2612/1675 1700/2586/1644
f 1700/2591/1644 1731/2613/1675 1727/2574/1671 1698/2577/1642
f 1732/2585/1676 1705/2584/1649 1707/2586/1651 1735/2612/1679
f 1735/2618/1679 1707/2595/1651 1704/2576/1648 1733/2575/1677
f 1711/2583/1655 1739/2582/1683 1725/2585/1669 1697/2584/1641
o Plane.102
v 9.558498 0.348329 -0.105859
v 9.558498 0.348329 -0.213449
v 9.361639 0.348329 -0.212305
v 9.361639 0.348329 -0.105859
v 9.558498 2.843533 -0.105859
v 9.570782 2.843533 -0.213449
v 9.349356 2.843533 -0.212305
v 9.361639 2.843533 -0.105859
v 9.558498 0.348329 0.001731
v 9.361639 0.348329 0.000586
v 9.570782 2.843533 0.001731
v 9.349356 2.843533 0.000586
v 9.545159 0.348567 -0.112540
v 9.548514 0.348507 -0.214019
v 9.371622 0.348507 -0.212881
v 9.374978 0.348567 -0.112540
v 9.545159 2.843771 -0.112540
v 9.560799 2.843711 -0.214019
v 9.359339 2.843711 -0.212881
v 9.374978 2.843771 -0.112540
v 9.548514 0.348507 0.002301
v 9.371622 0.348507 0.001162
v 9.560799 2.843711 0.002301
v 9.359339 2.843711 0.001162
vn -0.0000 -0.0000 1.0000
vn -0.9983 -0.0025 0.0576
vn 0.9984 -0.0025 0.0570
vn -0.9983 -0.0025 -0.0576
vn 0.9984 -0.0025 -0.0570
vn -0.0000 -0.0000 -1.0000
vn 0.9955 0.0025 -0.0942
vn -0.9956 0.0025 -0.0932
vn 0.9965 0.0025 0.0832
vn -0.9966 0.0025 0.0824
vn -0.0178 -0.9998 -0.0000
vn 0.0179 -0.9998 -0.0000
vn -0.0000 -0.9994 -0.0356
vn 0.0172 0.9998 0.0020
vn -0.0172 0.9998 0.0020
vn -0.0000 0.9994 0.0357
vn -0.0576 -0.0003 -0.9983
vn 0.0570 -0.0003 -0.9984
vn -0.0179 -0.9998 -0.0000
vn 0.0184 0.9998 -0.0020
vn -0.0184 0.9998 -0.0021
vn -0.0576 -0.0003 0.9983
vn 0.0570 -0.0003 0.9984
vt 0.394508 -0.837237
vt 0.605492 -0.837237
vt 0.605492 1.837014
vt 0.394508 1.837014
vt 0.612294 -0.837237
vt 0.498210 -0.837237
vt 0.498210 1.837014
vt 0.612294 1.837014
vt 0.498210 -0.837237
vt 0.613520 -0.837237
vt 0.613520 1.837014
vt 0.498210 1.837014
vt 0.384126 -0.837237
vt 0.384126 1.837014
vt 0.382900 1.837014
vt 0.382900 -0.837237
vt 0.408804 -0.836982
vt 0.408804 1.837270
vt 0.591197 1.837270
vt 0.591197 -0.836982
vt 0.612911 -0.837046
vt 0.612911 1.837205
vt 0.505370 1.837270
vt 0.505370 -0.836982
vt 0.505370 -0.836982
vt 0.505370 1.837270
vt 0.614131 1.837205
vt 0.614131 -0.837046
vt 0.383509 -0.837046
vt 0.383509 1.837205
vt 0.382289 -0.837046
vt 0.382289 1.837205
vt 0.605492 0.613520
vt 0.605492 0.498210
vt 0.591197 0.505370
vt 0.594792 0.614131
vt 0.394508 0.498210
vt 0.394508 0.612294
vt 0.405207 0.612911
vt 0.408804 0.505370
vt 0.618657 0.613520
vt 0.607958 0.614131
vt 0.381343 0.612294
vt 0.392042 0.612911
vt 0.381343 1.837014
vt 0.392042 1.837205
vt 0.405207 -0.837046
vt 0.618657 1.837014
vt 0.594792 -0.837046
vt 0.607958 1.837205
vt 0.605492 0.382900
vt 0.594792 0.382289
vt 0.394508 0.384126
vt 0.405207 0.383509
vt 0.618657 0.382900
vt 0.607958 0.382289
vt 0.381343 0.384126
vt 0.392042 0.383509
s 0
usemtl Iron_Rusty
f 1756/2622/1697 1753/2623/1697 1757/2624/1697 1760/2625/1697
f 1755/2626/1698 1756/2627/1698 1760/2628/1698 1759/2629/1698
f 1753/2630/1699 1754/2631/1699 1758/2632/1699 1757/2633/1699
f 1762/2634/1700 1764/2635/1700 1760/2628/1700 1756/2627/1700
f 1753/2630/1701 1757/2633/1701 1763/2636/1701 1761/2637/1701
f 1768/2638/1702 1772/2639/1702 1769/2640/1702 1765/2641/1702
f 1767/2642/1703 1771/2643/1703 1772/2644/1703 1768/2645/1703
f 1765/2646/1704 1769/2647/1704 1770/2648/1704 1766/2649/1704
f 1774/2650/1705 1768/2645/1705 1772/2644/1705 1776/2651/1705
f 1765/2646/1706 1773/2652/1706 1775/2653/1706 1769/2647/1706
f 1754/2654/1707 1753/2655/1707 1765/2656/1707 1766/2657/1707
f 1756/2658/1708 1755/2659/1708 1767/2660/1708 1768/2661/1708
f 1753/2655/1709 1756/2658/1709 1768/2661/1709 1765/2656/1709
f 1757/2655/1710 1758/2662/1710 1770/2663/1710 1769/2656/1710
f 1759/2664/1711 1760/2658/1711 1772/2661/1711 1771/2665/1711
f 1760/2658/1712 1757/2655/1712 1769/2656/1712 1772/2661/1712
f 1755/2622/1713 1759/2666/1713 1771/2667/1713 1767/2668/1713
f 1758/2669/1714 1754/2623/1714 1766/2670/1714 1770/2671/1714
f 1753/2655/1715 1761/2672/1715 1773/2673/1715 1765/2656/1715
f 1762/2674/1708 1756/2658/1708 1768/2661/1708 1774/2675/1708
f 1763/2676/1716 1757/2655/1716 1769/2656/1716 1775/2677/1716
f 1760/2658/1717 1764/2678/1717 1776/2679/1717 1772/2661/1717
f 1764/2666/1718 1762/2622/1718 1774/2668/1718 1776/2667/1718
f 1761/2623/1719 1763/2669/1719 1775/2671/1719 1773/2670/1719
o Plane.103
v 9.453030 0.348329 -4.225684
v 9.560620 0.348329 -4.225684
v 9.559475 0.348329 -4.422542
v 9.453030 0.348329 -4.422542
v 9.453030 2.843533 -4.225684
v 9.560620 2.843533 -4.213400
v 9.559475 2.843533 -4.434826
v 9.453030 2.843533 -4.422542
v 9.345440 0.348329 -4.225684
v 9.346584 0.348329 -4.422542
v 9.345440 2.843533 -4.213400
v 9.346584 2.843533 -4.434826
v 9.459711 0.348567 -4.239022
v 9.561190 0.348507 -4.235667
v 9.560051 0.348507 -4.412559
v 9.459711 0.348567 -4.409204
v 9.459711 2.843771 -4.239022
v 9.561190 2.843711 -4.223383
v 9.560051 2.843711 -4.424843
v 9.459711 2.843771 -4.409204
v 9.344870 0.348507 -4.235667
v 9.346008 0.348507 -4.412559
v 9.344870 2.843711 -4.223383
v 9.346008 2.843711 -4.424843
vn -1.0000 -0.0000 -0.0000
vn -0.0576 -0.0025 -0.9983
vn -0.0570 -0.0025 0.9984
vn 0.0576 -0.0025 -0.9983
vn 0.0570 -0.0025 0.9984
vn 1.0000 -0.0000 -0.0000
vn 0.0942 0.0025 0.9955
vn 0.0932 0.0025 -0.9956
vn -0.0832 0.0025 0.9965
vn -0.0824 0.0025 -0.9966
vn -0.0000 -0.9998 -0.0179
vn -0.0000 -0.9998 0.0179
vn 0.0356 -0.9994 -0.0000
vn -0.0020 0.9998 0.0172
vn -0.0020 0.9998 -0.0172
vn -0.0356 0.9994 -0.0000
vn 0.9983 -0.0003 -0.0576
vn 0.9984 -0.0003 0.0570
vn 0.0020 0.9998 0.0184
vn 0.0021 0.9998 -0.0184
vn -0.9983 -0.0003 -0.0576
vn -0.9984 -0.0003 0.0570
vt 0.605492 -0.837237
vt 0.394508 -0.837237
vt 0.394508 1.837014
vt 0.605492 1.837014
vt 0.612293 -0.837237
vt 0.498210 -0.837237
vt 0.498210 1.837014
vt 0.612293 1.837014
vt 0.613521 -0.837237
vt 0.613521 1.837014
vt 0.384127 -0.837237
vt 0.384127 1.837014
vt 0.382900 1.837014
vt 0.382900 -0.837237
vt 0.591196 -0.836982
vt 0.591196 1.837269
vt 0.408803 1.837269
vt 0.408803 -0.836982
vt 0.612911 -0.837046
vt 0.612911 1.837205
vt 0.505370 1.837269
vt 0.505370 -0.836982
vt 0.614131 1.837205
vt 0.614131 -0.837046
vt 0.383509 -0.837046
vt 0.383509 1.837205
vt 0.382289 -0.837046
vt 0.382289 1.837205
vt 0.613521 0.394508
vt 0.498210 0.394508
vt 0.505370 0.408803
vt 0.614131 0.405208
vt 0.498210 0.605492
vt 0.612293 0.605492
vt 0.612911 0.594793
vt 0.505370 0.591196
vt 0.613521 0.381343
vt 0.614131 0.392042
vt 0.612293 0.618657
vt 0.612911 0.607958
vt 0.618657 1.837014
vt 0.607958 1.837205
vt 0.594793 -0.837046
vt 0.381343 1.837014
vt 0.405208 -0.837046
vt 0.392042 1.837205
vt 0.382900 0.394508
vt 0.382289 0.405208
vt 0.384127 0.605492
vt 0.383509 0.594793
vt 0.382900 0.381343
vt 0.382289 0.392042
vt 0.384127 0.618657
vt 0.383509 0.607958
s 0
usemtl Iron_Rusty
f 1780/2680/1720 1777/2681/1720 1781/2682/1720 1784/2683/1720
f 1779/2684/1721 1780/2685/1721 1784/2686/1721 1783/2687/1721
f 1777/2685/1722 1778/2688/1722 1782/2689/1722 1781/2686/1722
f 1786/2690/1723 1788/2691/1723 1784/2686/1723 1780/2685/1723
f 1777/2685/1724 1781/2686/1724 1787/2692/1724 1785/2693/1724
f 1792/2694/1725 1796/2695/1725 1793/2696/1725 1789/2697/1725
f 1791/2698/1726 1795/2699/1726 1796/2700/1726 1792/2701/1726
f 1789/2701/1727 1793/2700/1727 1794/2702/1727 1790/2703/1727
f 1798/2704/1728 1792/2701/1728 1796/2700/1728 1800/2705/1728
f 1789/2701/1729 1797/2706/1729 1799/2707/1729 1793/2700/1729
f 1778/2708/1730 1777/2709/1730 1789/2710/1730 1790/2711/1730
f 1780/2712/1731 1779/2713/1731 1791/2714/1731 1792/2715/1731
f 1777/2709/1732 1780/2712/1732 1792/2715/1732 1789/2710/1732
f 1781/2709/1733 1782/2716/1733 1794/2717/1733 1793/2710/1733
f 1783/2718/1734 1784/2712/1734 1796/2715/1734 1795/2719/1734
f 1784/2712/1735 1781/2709/1735 1793/2710/1735 1796/2715/1735
f 1779/2680/1736 1783/2720/1736 1795/2721/1736 1791/2722/1736
f 1782/2723/1737 1778/2681/1737 1790/2724/1737 1794/2725/1737
f 1777/2709/1730 1785/2726/1730 1797/2727/1730 1789/2710/1730
f 1786/2728/1731 1780/2712/1731 1792/2715/1731 1798/2729/1731
f 1787/2730/1738 1781/2709/1738 1793/2710/1738 1799/2731/1738
f 1784/2712/1739 1788/2732/1739 1800/2733/1739 1796/2715/1739
f 1788/2720/1740 1786/2680/1740 1798/2722/1740 1800/2721/1740
f 1785/2681/1741 1787/2723/1741 1799/2725/1741 1797/2724/1741
o Cube.049
v 9.322614 2.416373 0.059542
v 9.322614 2.422494 0.065663
v 9.316492 2.422494 0.059542
v 9.322614 2.418166 0.063870
v 9.319079 2.418960 0.063076
v 9.318285 2.422494 0.063870
v 9.318285 2.418166 0.059542
v 9.322614 2.872893 0.065663
v 9.322614 2.879014 0.059542
v 9.316492 2.872893 0.059542
v 9.322614 2.877221 0.063870
v 9.319079 2.876427 0.063076
v 9.318285 2.877221 0.059542
v 9.318285 2.872893 0.063870
v 9.322614 2.416373 -0.218425
v 9.316492 2.422494 -0.218425
v 9.322614 2.422494 -0.224546
v 9.318285 2.418166 -0.218425
v 9.319079 2.418960 -0.221959
v 9.318285 2.422494 -0.222753
v 9.322614 2.418166 -0.222753
v 9.322614 2.879014 -0.218425
v 9.322614 2.872893 -0.224546
v 9.316492 2.872893 -0.218425
v 9.322614 2.877221 -0.222753
v 9.319079 2.876427 -0.221959
v 9.318285 2.872893 -0.222753
v 9.318285 2.877221 -0.218425
v 9.600579 2.416373 0.059542
v 9.606701 2.422494 0.059542
v 9.600579 2.422494 0.065663
v 9.604908 2.418166 0.059542
v 9.604115 2.418960 0.063076
v 9.604908 2.422494 0.063870
v 9.600579 2.418166 0.063870
v 9.600579 2.879014 0.059542
v 9.600579 2.872893 0.065663
v 9.606701 2.872893 0.059542
v 9.600579 2.877221 0.063870
v 9.604115 2.876427 0.063076
v 9.604908 2.872893 0.063870
v 9.604908 2.877221 0.059542
v 9.600579 2.416373 -0.218425
v 9.600579 2.422494 -0.224546
v 9.606701 2.422494 -0.218425
v 9.600579 2.418166 -0.222753
v 9.604115 2.418960 -0.221959
v 9.604908 2.422494 -0.222753
v 9.604908 2.418166 -0.218425
v 9.600579 2.879014 -0.218425
v 9.606701 2.872893 -0.218425
v 9.600579 2.872893 -0.224546
v 9.604908 2.877221 -0.218425
v 9.604115 2.876427 -0.221959
v 9.604908 2.872893 -0.222753
v 9.600579 2.877221 -0.222753
vn -0.1794 -0.9673 0.1794
vn -0.1794 -0.1794 0.9673
vn -0.9673 -0.1794 0.1794
vn -0.1726 -0.6965 0.6965
vn -0.5773 -0.5773 0.5774
vn -0.6965 -0.1726 0.6965
vn -0.6965 -0.6965 0.1726
vn -0.1794 0.1794 0.9673
vn -0.1794 0.9673 0.1794
vn -0.9673 0.1794 0.1794
vn -0.1726 0.6965 0.6965
vn -0.5773 0.5773 0.5774
vn -0.6965 0.6965 0.1726
vn -0.6965 0.1726 0.6965
vn -0.1794 -0.9673 -0.1794
vn -0.9673 -0.1794 -0.1794
vn -0.1794 -0.1794 -0.9673
vn -0.6965 -0.6965 -0.1726
vn -0.5773 -0.5773 -0.5774
vn -0.6965 -0.1726 -0.6965
vn -0.1726 -0.6965 -0.6965
vn -0.1794 0.9673 -0.1794
vn -0.1794 0.1794 -0.9673
vn -0.9673 0.1794 -0.1794
vn -0.1726 0.6965 -0.6965
vn -0.5773 0.5773 -0.5774
vn -0.6965 0.1726 -0.6965
vn -0.6965 0.6965 -0.1726
vn 0.1794 -0.9673 0.1794
vn 0.9673 -0.1794 0.1794
vn 0.1794 -0.1794 0.9673
vn 0.6965 -0.6965 0.1726
vn 0.5773 -0.5773 0.5774
vn 0.6965 -0.1726 0.6965
vn 0.1726 -0.6965 0.6965
vn 0.1794 0.9673 0.1794
vn 0.1794 0.1794 0.9673
vn 0.9673 0.1794 0.1794
vn 0.1726 0.6965 0.6965
vn 0.5773 0.5773 0.5774
vn 0.6965 0.1726 0.6965
vn 0.6965 0.6965 0.1726
vn 0.1794 -0.9673 -0.1794
vn 0.1794 -0.1794 -0.9673
vn 0.9673 -0.1794 -0.1794
vn 0.1726 -0.6965 -0.6965
vn 0.5773 -0.5773 -0.5774
vn 0.6965 -0.1726 -0.6965
vn 0.6965 -0.6965 -0.1726
vn 0.1794 0.9673 -0.1794
vn 0.9673 0.1794 -0.1794
vn 0.1794 0.1794 -0.9673
vn 0.6965 0.6965 -0.1726
vn 0.5773 0.5773 -0.5774
vn 0.6965 0.1726 -0.6965
vn 0.1726 0.6965 -0.6965
vt 0.638983 0.274801
vt 0.638983 0.725199
vt 0.361017 0.725199
vt 0.361017 0.274801
vt 0.638984 0.274801
vt 0.638984 0.725199
vt 0.361016 0.725199
vt 0.361016 0.274801
vt 0.638983 0.638984
vt 0.361017 0.638984
vt 0.361017 0.361016
vt 0.638983 0.361016
vt 0.361017 0.356688
vt 0.357483 0.357482
vt 0.356688 0.361016
vt 0.356688 0.274801
vt 0.357483 0.271267
vt 0.361017 0.270472
vt 0.361016 0.270472
vt 0.357482 0.271267
vt 0.356688 0.274801
vt 0.361017 0.729528
vt 0.357483 0.728733
vt 0.356688 0.725199
vt 0.356688 0.725199
vt 0.357482 0.728733
vt 0.361016 0.729528
vt 0.356688 0.638984
vt 0.357483 0.642518
vt 0.361017 0.643312
vt 0.643312 0.274801
vt 0.642518 0.271267
vt 0.638984 0.270472
vt 0.638984 0.729528
vt 0.642518 0.728733
vt 0.643312 0.725199
vt 0.643312 0.361016
vt 0.642517 0.357482
vt 0.638983 0.356688
vt 0.638983 0.270472
vt 0.642517 0.271267
vt 0.643312 0.274801
vt 0.643312 0.725199
vt 0.642517 0.728733
vt 0.638983 0.729528
vt 0.638983 0.643312
vt 0.642517 0.642518
vt 0.643312 0.638984
s 1
usemtl Iron_Rusty
f 1831/2734/1772 1837/2735/1778 1808/2736/1749 1802/2737/1743
f 1845/2738/1786 1851/2739/1792 1838/2740/1779 1830/2741/1771
f 1850/2742/1791 1822/2743/1763 1809/2744/1750 1836/2745/1777
f 1803/2741/1744 1810/2740/1751 1824/2739/1765 1816/2738/1757
f 1817/2737/1758 1823/2736/1764 1852/2735/1793 1844/2734/1785
f 1801/2744/1742 1804/2746/1745 1805/2747/1746 1807/2748/1748
f 1802/2737/1743 1806/2749/1747 1805/2750/1746 1804/2751/1745
f 1803/2741/1744 1807/2752/1748 1805/2753/1746 1806/2754/1747
f 1808/2736/1749 1811/2755/1752 1812/2756/1753 1814/2757/1755
f 1809/2744/1750 1813/2748/1754 1812/2747/1753 1811/2746/1752
f 1810/2740/1751 1814/2758/1755 1812/2759/1753 1813/2760/1754
f 1815/2743/1756 1818/2761/1759 1819/2762/1760 1821/2763/1762
f 1816/2738/1757 1820/2764/1761 1819/2765/1760 1818/2766/1759
f 1817/2737/1758 1821/2751/1762 1819/2750/1760 1820/2749/1761
f 1822/2743/1763 1825/2763/1766 1826/2762/1767 1828/2761/1769
f 1823/2736/1764 1827/2757/1768 1826/2756/1767 1825/2755/1766
f 1824/2739/1765 1828/2767/1769 1826/2768/1767 1827/2769/1768
f 1829/2745/1770 1832/2770/1773 1833/2771/1774 1835/2772/1776
f 1830/2741/1771 1834/2754/1775 1833/2753/1774 1832/2752/1773
f 1831/2734/1772 1835/2773/1776 1833/2774/1774 1834/2775/1775
f 1836/2745/1777 1839/2772/1780 1840/2771/1781 1842/2770/1783
f 1837/2735/1778 1841/2776/1782 1840/2777/1781 1839/2778/1780
f 1838/2740/1779 1842/2760/1783 1840/2759/1781 1841/2758/1782
f 1843/2742/1784 1846/2779/1787 1847/2780/1788 1849/2781/1790
f 1844/2734/1785 1848/2775/1789 1847/2774/1788 1846/2773/1787
f 1845/2738/1786 1849/2766/1790 1847/2765/1788 1848/2764/1789
f 1850/2742/1791 1853/2781/1794 1854/2780/1795 1856/2779/1797
f 1851/2739/1792 1855/2769/1796 1854/2768/1795 1853/2767/1794
f 1852/2735/1793 1856/2778/1797 1854/2777/1795 1855/2776/1796
f 1815/2743/1756 1801/2744/1742 1807/2748/1748 1818/2761/1759
f 1818/2766/1759 1807/2752/1748 1803/2741/1744 1816/2738/1757
f 1802/2737/1743 1808/2736/1749 1814/2757/1755 1806/2749/1747
f 1806/2754/1747 1814/2758/1755 1810/2740/1751 1803/2741/1744
f 1809/2744/1750 1822/2743/1763 1828/2761/1769 1813/2748/1754
f 1813/2760/1754 1828/2767/1769 1824/2739/1765 1810/2740/1751
f 1823/2736/1764 1817/2737/1758 1820/2749/1761 1827/2757/1768
f 1827/2769/1768 1820/2764/1761 1816/2738/1757 1824/2739/1765
f 1843/2742/1784 1815/2743/1756 1821/2763/1762 1846/2779/1787
f 1846/2773/1787 1821/2751/1762 1817/2737/1758 1844/2734/1785
f 1822/2743/1763 1850/2742/1791 1856/2779/1797 1825/2763/1766
f 1825/2755/1766 1856/2778/1797 1852/2735/1793 1823/2736/1764
f 1851/2739/1792 1845/2738/1786 1848/2764/1789 1855/2769/1796
f 1855/2776/1796 1848/2775/1789 1844/2734/1785 1852/2735/1793
f 1829/2745/1770 1843/2742/1784 1849/2781/1790 1832/2770/1773
f 1832/2752/1773 1849/2766/1790 1845/2738/1786 1830/2741/1771
f 1850/2742/1791 1836/2745/1777 1842/2770/1783 1853/2781/1794
f 1853/2767/1794 1842/2760/1783 1838/2740/1779 1851/2739/1792
f 1837/2735/1778 1831/2734/1772 1834/2775/1775 1841/2776/1782
f 1841/2758/1782 1834/2754/1775 1830/2741/1771 1838/2740/1779
f 1801/2744/1742 1829/2745/1770 1835/2772/1776 1804/2746/1745
f 1804/2751/1745 1835/2773/1776 1831/2734/1772 1802/2737/1743
f 1836/2745/1777 1809/2744/1750 1811/2746/1752 1839/2772/1780
f 1839/2778/1780 1811/2755/1752 1808/2736/1749 1837/2735/1778
f 1815/2743/1756 1843/2742/1784 1829/2745/1770 1801/2744/1742
o Cube.050
v 9.322614 2.416373 -4.181565
v 9.322614 2.422494 -4.175445
v 9.316492 2.422494 -4.181565
v 9.322614 2.418166 -4.177237
v 9.319079 2.418960 -4.178031
v 9.318285 2.422494 -4.177237
v 9.318285 2.418166 -4.181565
v 9.322614 2.872893 -4.175445
v 9.322614 2.879014 -4.181565
v 9.316492 2.872893 -4.181565
v 9.322614 2.877221 -4.177237
v 9.319079 2.876427 -4.178031
v 9.318285 2.877221 -4.181565
v 9.318285 2.872893 -4.177237
v 9.322614 2.416373 -4.459533
v 9.316492 2.422494 -4.459533
v 9.322614 2.422494 -4.465653
v 9.318285 2.418166 -4.459533
v 9.319079 2.418960 -4.463067
v 9.318285 2.422494 -4.463861
v 9.322614 2.418166 -4.463861
v 9.322614 2.879014 -4.459533
v 9.322614 2.872893 -4.465653
v 9.316492 2.872893 -4.459533
v 9.322614 2.877221 -4.463861
v 9.319079 2.876427 -4.463067
v 9.318285 2.872893 -4.463861
v 9.318285 2.877221 -4.459533
v 9.600579 2.416373 -4.181565
v 9.606701 2.422494 -4.181565
v 9.600579 2.422494 -4.175445
v 9.604908 2.418166 -4.181565
v 9.604115 2.418960 -4.178031
v 9.604908 2.422494 -4.177237
v 9.600579 2.418166 -4.177237
v 9.600579 2.879014 -4.181565
v 9.600579 2.872893 -4.175445
v 9.606701 2.872893 -4.181565
v 9.600579 2.877221 -4.177237
v 9.604115 2.876427 -4.178031
v 9.604908 2.872893 -4.177237
v 9.604908 2.877221 -4.181565
v 9.600579 2.416373 -4.459533
v 9.600579 2.422494 -4.465653
v 9.606701 2.422494 -4.459533
v 9.600579 2.418166 -4.463861
v 9.604115 2.418960 -4.463067
v 9.604908 2.422494 -4.463861
v 9.604908 2.418166 -4.459533
v 9.600579 2.879014 -4.459533
v 9.606701 2.872893 -4.459533
v 9.600579 2.872893 -4.465653
v 9.604908 2.877221 -4.459533
v 9.604115 2.876427 -4.463067
v 9.604908 2.872893 -4.463861
v 9.600579 2.877221 -4.463861
vn -0.1794 -0.9673 0.1794
vn -0.1794 -0.1794 0.9673
vn -0.9673 -0.1794 0.1794
vn -0.1726 -0.6965 0.6965
vn -0.5773 -0.5773 0.5774
vn -0.6965 -0.1726 0.6965
vn -0.6965 -0.6965 0.1726
vn -0.1794 0.1794 0.9673
vn -0.1794 0.9673 0.1794
vn -0.9673 0.1794 0.1794
vn -0.1726 0.6965 0.6965
vn -0.5773 0.5773 0.5774
vn -0.6965 0.6965 0.1726
vn -0.6965 0.1726 0.6965
vn -0.1794 -0.9673 -0.1794
vn -0.9673 -0.1794 -0.1794
vn -0.1794 -0.1794 -0.9673
vn -0.6965 -0.6965 -0.1726
vn -0.5773 -0.5773 -0.5774
vn -0.6965 -0.1726 -0.6965
vn -0.1726 -0.6965 -0.6965
vn -0.1794 0.9673 -0.1794
vn -0.1794 0.1794 -0.9673
vn -0.9673 0.1794 -0.1794
vn -0.1726 0.6965 -0.6965
vn -0.5773 0.5773 -0.5774
vn -0.6965 0.1726 -0.6965
vn -0.6965 0.6965 -0.1726
vn 0.1794 -0.9673 0.1794
vn 0.9673 -0.1794 0.1794
vn 0.1794 -0.1794 0.9673
vn 0.6965 -0.6965 0.1726
vn 0.5773 -0.5773 0.5774
vn 0.6965 -0.1726 0.6965
vn 0.1726 -0.6965 0.6965
vn 0.1794 0.9673 0.1794
vn 0.1794 0.1794 0.9673
vn 0.9673 0.1794 0.1794
vn 0.1726 0.6965 0.6965
vn 0.5773 0.5773 0.5774
vn 0.6965 0.1726 0.6965
vn 0.6965 0.6965 0.1726
vn 0.1794 -0.9673 -0.1794
vn 0.1794 -0.1794 -0.9673
vn 0.9673 -0.1794 -0.1794
vn 0.1726 -0.6965 -0.6965
vn 0.5773 -0.5773 -0.5774
vn 0.6965 -0.1726 -0.6965
vn 0.6965 -0.6965 -0.1726
vn 0.1794 0.9673 -0.1794
vn 0.9673 0.1794 -0.1794
vn 0.1794 0.1794 -0.9673
vn 0.6965 0.6965 -0.1726
vn 0.5773 0.5773 -0.5774
vn 0.6965 0.1726 -0.6965
vn 0.1726 0.6965 -0.6965
vt 0.638983 0.274801
vt 0.638983 0.725199
vt 0.361017 0.725199
vt 0.361017 0.274801
vt 0.638984 0.274801
vt 0.638984 0.725199
vt 0.361016 0.725199
vt 0.361016 0.274801
vt 0.638983 0.638984
vt 0.361017 0.638984
vt 0.361017 0.361016
vt 0.638983 0.361016
vt 0.361017 0.356688
vt 0.357483 0.357482
vt 0.356688 0.361016
vt 0.356688 0.274801
vt 0.357483 0.271267
vt 0.361017 0.270472
vt 0.361016 0.270472
vt 0.357482 0.271267
vt 0.356688 0.274801
vt 0.361017 0.729528
vt 0.357483 0.728733
vt 0.356688 0.725199
vt 0.356688 0.725199
vt 0.357482 0.728733
vt 0.361016 0.729528
vt 0.356688 0.638984
vt 0.357483 0.642518
vt 0.361017 0.643312
vt 0.643312 0.274801
vt 0.642518 0.271267
vt 0.638984 0.270472
vt 0.638984 0.729528
vt 0.642518 0.728733
vt 0.643312 0.725199
vt 0.643312 0.361016
vt 0.642517 0.357482
vt 0.638983 0.356688
vt 0.638983 0.270472
vt 0.642517 0.271267
vt 0.643312 0.274801
vt 0.643312 0.725199
vt 0.642517 0.728733
vt 0.638983 0.729528
vt 0.638983 0.643312
vt 0.642517 0.642518
vt 0.643312 0.638984
s 1
usemtl Iron_Rusty
f 1887/2782/1828 1893/2783/1834 1864/2784/1805 1858/2785/1799
f 1901/2786/1842 1907/2787/1848 1894/2788/1835 1886/2789/1827
f 1906/2790/1847 1878/2791/1819 1865/2792/1806 1892/2793/1833
f 1859/2789/1800 1866/2788/1807 1880/2787/1821 1872/2786/1813
f 1873/2785/1814 1879/2784/1820 1908/2783/1849 1900/2782/1841
f 1857/2792/1798 1860/2794/1801 1861/2795/1802 1863/2796/1804
f 1858/2785/1799 1862/2797/1803 1861/2798/1802 1860/2799/1801
f 1859/2789/1800 1863/2800/1804 1861/2801/1802 1862/2802/1803
f 1864/2784/1805 1867/2803/1808 1868/2804/1809 1870/2805/1811
f 1865/2792/1806 1869/2796/1810 1868/2795/1809 1867/2794/1808
f 1866/2788/1807 1870/2806/1811 1868/2807/1809 1869/2808/1810
f 1871/2791/1812 1874/2809/1815 1875/2810/1816 1877/2811/1818
f 1872/2786/1813 1876/2812/1817 1875/2813/1816 1874/2814/1815
f 1873/2785/1814 1877/2799/1818 1875/2798/1816 1876/2797/1817
f 1878/2791/1819 1881/2811/1822 1882/2810/1823 1884/2809/1825
f 1879/2784/1820 1883/2805/1824 1882/2804/1823 1881/2803/1822
f 1880/2787/1821 1884/2815/1825 1882/2816/1823 1883/2817/1824
f 1885/2793/1826 1888/2818/1829 1889/2819/1830 1891/2820/1832
f 1886/2789/1827 1890/2802/1831 1889/2801/1830 1888/2800/1829
f 1887/2782/1828 1891/2821/1832 1889/2822/1830 1890/2823/1831
f 1892/2793/1833 1895/2820/1836 1896/2819/1837 1898/2818/1839
f 1893/2783/1834 1897/2824/1838 1896/2825/1837 1895/2826/1836
f 1894/2788/1835 1898/2808/1839 1896/2807/1837 1897/2806/1838
f 1899/2790/1840 1902/2827/1843 1903/2828/1844 1905/2829/1846
f 1900/2782/1841 1904/2823/1845 1903/2822/1844 1902/2821/1843
f 1901/2786/1842 1905/2814/1846 1903/2813/1844 1904/2812/1845
f 1906/2790/1847 1909/2829/1850 1910/2828/1851 1912/2827/1853
f 1907/2787/1848 1911/2817/1852 1910/2816/1851 1909/2815/1850
f 1908/2783/1849 1912/2826/1853 1910/2825/1851 1911/2824/1852
f 1871/2791/1812 1857/2792/1798 1863/2796/1804 1874/2809/1815
f 1874/2814/1815 1863/2800/1804 1859/2789/1800 1872/2786/1813
f 1858/2785/1799 1864/2784/1805 1870/2805/1811 1862/2797/1803
f 1862/2802/1803 1870/2806/1811 1866/2788/1807 1859/2789/1800
f 1865/2792/1806 1878/2791/1819 1884/2809/1825 1869/2796/1810
f 1869/2808/1810 1884/2815/1825 1880/2787/1821 1866/2788/1807
f 1879/2784/1820 1873/2785/1814 1876/2797/1817 1883/2805/1824
f 1883/2817/1824 1876/2812/1817 1872/2786/1813 1880/2787/1821
f 1899/2790/1840 1871/2791/1812 1877/2811/1818 1902/2827/1843
f 1902/2821/1843 1877/2799/1818 1873/2785/1814 1900/2782/1841
f 1878/2791/1819 1906/2790/1847 1912/2827/1853 1881/2811/1822
f 1881/2803/1822 1912/2826/1853 1908/2783/1849 1879/2784/1820
f 1907/2787/1848 1901/2786/1842 1904/2812/1845 1911/2817/1852
f 1911/2824/1852 1904/2823/1845 1900/2782/1841 1908/2783/1849
f 1885/2793/1826 1899/2790/1840 1905/2829/1846 1888/2818/1829
f 1888/2800/1829 1905/2814/1846 1901/2786/1842 1886/2789/1827
f 1906/2790/1847 1892/2793/1833 1898/2818/1839 1909/2829/1850
f 1909/2815/1850 1898/2808/1839 1894/2788/1835 1907/2787/1848
f 1893/2783/1834 1887/2782/1828 1890/2823/1831 1897/2824/1838
f 1897/2806/1838 1890/2802/1831 1886/2789/1827 1894/2788/1835
f 1857/2792/1798 1885/2793/1826 1891/2820/1832 1860/2794/1801
f 1860/2799/1801 1891/2821/1832 1887/2782/1828 1858/2785/1799
f 1892/2793/1833 1865/2792/1806 1867/2794/1808 1895/2820/1836
f 1895/2826/1836 1867/2803/1808 1864/2784/1805 1893/2783/1834
f 1871/2791/1812 1899/2790/1840 1885/2793/1826 1857/2792/1798
