# Blender 4.4.0
# www.blender.org
o Plane.034
v -14.095179 2.603364 0.027581
v -14.095179 2.495774 0.027581
v -14.095179 2.496919 -0.169277
v -14.095179 2.603364 -0.169277
v -9.595548 2.603364 0.027581
v -9.595548 2.495774 0.039865
v -9.595548 2.496919 -0.181561
v -9.595548 2.603364 -0.169277
v -14.095179 2.710954 0.027581
v -14.095179 2.709810 -0.169277
v -9.595548 2.710954 0.039865
v -9.595548 2.709810 -0.181561
v -14.094748 2.596684 0.014243
v -14.094856 2.495204 0.017598
v -14.094857 2.496343 -0.159294
v -14.094748 2.596684 -0.155939
v -9.595118 2.596684 0.014243
v -9.595226 2.495204 0.029881
v -9.595226 2.496343 -0.171578
v -9.595118 2.596684 -0.155939
v -14.094856 2.711524 0.017598
v -14.094857 2.710386 -0.159294
v -9.595226 2.711524 0.029881
v -9.595226 2.710386 -0.171578
vn -0.0000 1.0000 -0.0000
vn -0.0014 0.0576 -0.9983
vn -0.0014 0.0570 0.9984
vn -0.0014 -0.0576 -0.9983
vn -0.0014 -0.0570 0.9984
vn -0.0000 -1.0000 -0.0000
vn 0.0014 -0.0942 0.9955
vn 0.0014 -0.0932 -0.9956
vn 0.0014 0.0832 0.9965
vn 0.0014 0.0824 -0.9966
vn -0.9995 -0.0000 -0.0322
vn -0.9995 -0.0000 0.0322
vn -0.9979 -0.0642 -0.0000
vn 0.9995 0.0036 0.0311
vn 0.9995 0.0037 -0.0311
vn 0.9979 0.0642 -0.0000
vn -0.0002 -0.9983 -0.0576
vn -0.0002 -0.9984 0.0570
vn 0.9994 -0.0037 0.0332
vn 0.9994 -0.0037 -0.0332
vn -0.0002 0.9983 -0.0576
vn -0.0002 0.9984 0.0570
vt 0.605492 0.003652
vt 0.394508 0.003652
vt 0.394508 0.996265
vt 0.605492 0.996265
vt 0.612294 0.003652
vt 0.498210 0.003652
vt 0.498210 0.996265
vt 0.612294 0.996265
vt 0.613520 0.003652
vt 0.613520 0.996265
vt 0.384126 0.003652
vt 0.384126 0.996265
vt 0.382900 0.996265
vt 0.382900 0.003652
vt 0.591196 0.003747
vt 0.591196 0.996360
vt 0.408803 0.996360
vt 0.408803 0.003747
vt 0.612911 0.003723
vt 0.612911 0.996336
vt 0.505370 0.996360
vt 0.505370 0.003747
vt 0.505370 0.003747
vt 0.505370 0.996360
vt 0.614131 0.996336
vt 0.614131 0.003723
vt 0.383509 0.003723
vt 0.383509 0.996336
vt 0.382289 0.003723
vt 0.382289 0.996336
vt 0.613520 0.394508
vt 0.498210 0.394508
vt 0.505370 0.408803
vt 0.614131 0.405208
vt 0.498210 0.605492
vt 0.612294 0.605492
vt 0.612911 0.594793
vt 0.505370 0.591196
vt 0.613520 0.381343
vt 0.614131 0.392042
vt 0.612294 0.618657
vt 0.612911 0.607958
vt 0.618657 0.996265
vt 0.607958 0.996336
vt 0.594793 0.003723
vt 0.381343 0.996265
vt 0.405208 0.003723
vt 0.392042 0.996336
vt 0.382900 0.394508
vt 0.382289 0.405208
vt 0.384126 0.605492
vt 0.383509 0.594793
vt 0.382900 0.381343
vt 0.382289 0.392042
vt 0.384126 0.618657
vt 0.383509 0.607958
s 0
f 4/1/1 1/2/1 5/3/1 8/4/1
f 3/5/2 4/6/2 8/7/2 7/8/2
f 1/6/3 2/9/3 6/10/3 5/7/3
f 10/11/4 12/12/4 8/7/4 4/6/4
f 1/6/5 5/7/5 11/13/5 9/14/5
f 16/15/6 20/16/6 17/17/6 13/18/6
f 15/19/7 19/20/7 20/21/7 16/22/7
f 13/23/8 17/24/8 18/25/8 14/26/8
f 22/27/9 16/22/9 20/21/9 24/28/9
f 13/23/10 21/29/10 23/30/10 17/24/10
f 2/31/11 1/32/11 13/33/11 14/34/11
f 4/35/12 3/36/12 15/37/12 16/38/12
f 1/32/13 4/35/13 16/38/13 13/33/13
f 5/32/14 6/39/14 18/40/14 17/33/14
f 7/41/15 8/35/15 20/38/15 19/42/15
f 8/35/16 5/32/16 17/33/16 20/38/16
f 3/1/17 7/43/17 19/44/17 15/45/17
f 6/46/18 2/2/18 14/47/18 18/48/18
f 1/32/11 9/49/11 21/50/11 13/33/11
f 10/51/12 4/35/12 16/38/12 22/52/12
f 11/53/19 5/32/19 17/33/19 23/54/19
f 8/35/20 12/55/20 24/56/20 20/38/20
f 12/43/21 10/1/21 22/45/21 24/44/21
f 9/2/22 11/46/22 23/48/22 21/47/22
o Plane.035
v -14.226402 0.000000 -4.225684
v -14.118813 0.000000 -4.225684
v -14.119957 0.000000 -4.422542
v -14.226402 0.000000 -4.422542
v -14.226402 2.495204 -4.225684
v -14.118813 2.495204 -4.213400
v -14.119957 2.495204 -4.434826
v -14.226402 2.495204 -4.422542
v -14.333993 0.000000 -4.225684
v -14.332849 0.000000 -4.422542
v -14.333993 2.495204 -4.213400
v -14.332849 2.495204 -4.434826
v -14.219723 0.000238 -4.239022
v -14.118243 0.000178 -4.235667
v -14.119381 0.000178 -4.412559
v -14.219722 0.000238 -4.409204
v -14.219723 2.495442 -4.239022
v -14.118243 2.495382 -4.223383
v -14.119381 2.495382 -4.424843
v -14.219722 2.495442 -4.409204
v -14.334562 0.000178 -4.235667
v -14.333425 0.000178 -4.412559
v -14.334562 2.495382 -4.223383
v -14.333425 2.495382 -4.424843
vn -1.0000 -0.0000 -0.0000
vn -0.0576 -0.0025 -0.9983
vn -0.0570 -0.0025 0.9984
vn 0.0576 -0.0025 -0.9983
vn 0.0570 -0.0025 0.9984
vn 1.0000 -0.0000 -0.0000
vn 0.0942 0.0025 0.9955
vn 0.0932 0.0025 -0.9956
vn -0.0832 0.0025 0.9965
vn -0.0824 0.0025 -0.9966
vn -0.0000 -0.9998 -0.0179
vn -0.0000 -0.9998 0.0179
vn 0.0356 -0.9994 -0.0000
vn -0.0020 0.9998 0.0172
vn -0.0020 0.9998 -0.0172
vn -0.0356 0.9994 -0.0000
vn 0.9983 -0.0003 -0.0576
vn 0.9984 -0.0003 0.0570
vn 0.0020 0.9998 0.0184
vn 0.0021 0.9998 -0.0184
vn -0.9983 -0.0003 -0.0576
vn -0.9984 -0.0003 0.0570
vt 0.605492 -0.837237
vt 0.394508 -0.837237
vt 0.394508 1.837014
vt 0.605492 1.837014
vt 0.612294 -0.837237
vt 0.498210 -0.837237
vt 0.498210 1.837014
vt 0.612294 1.837014
vt 0.613520 -0.837237
vt 0.613520 1.837014
vt 0.384126 -0.837237
vt 0.384126 1.837014
vt 0.382900 1.837014
vt 0.382900 -0.837237
vt 0.591196 -0.836982
vt 0.591196 1.837269
vt 0.408803 1.837269
vt 0.408803 -0.836982
vt 0.612911 -0.837046
vt 0.612911 1.837205
vt 0.505370 1.837269
vt 0.505370 -0.836982
vt 0.505370 -0.836982
vt 0.505370 1.837269
vt 0.614131 1.837205
vt 0.614131 -0.837046
vt 0.383509 -0.837046
vt 0.383509 1.837205
vt 0.382289 -0.837046
vt 0.382289 1.837205
vt 0.613520 0.394508
vt 0.498210 0.394508
vt 0.505370 0.408803
vt 0.614131 0.405208
vt 0.498210 0.605492
vt 0.612294 0.605492
vt 0.612911 0.594793
vt 0.505370 0.591196
vt 0.613520 0.381343
vt 0.614131 0.392042
vt 0.612294 0.618657
vt 0.612911 0.607958
vt 0.618657 1.837014
vt 0.607958 1.837205
vt 0.594793 -0.837046
vt 0.381343 1.837014
vt 0.405208 -0.837046
vt 0.392042 1.837205
vt 0.382900 0.394508
vt 0.382289 0.405208
vt 0.384126 0.605492
vt 0.383509 0.594793
vt 0.382900 0.381343
vt 0.382289 0.392042
vt 0.384126 0.618657
vt 0.383509 0.607958
s 0
f 28/57/23 25/58/23 29/59/23 32/60/23
f 27/61/24 28/62/24 32/63/24 31/64/24
f 25/62/25 26/65/25 30/66/25 29/63/25
f 34/67/26 36/68/26 32/63/26 28/62/26
f 25/62/27 29/63/27 35/69/27 33/70/27
f 40/71/28 44/72/28 41/73/28 37/74/28
f 39/75/29 43/76/29 44/77/29 40/78/29
f 37/79/30 41/80/30 42/81/30 38/82/30
f 46/83/31 40/78/31 44/77/31 48/84/31
f 37/79/32 45/85/32 47/86/32 41/80/32
f 26/87/33 25/88/33 37/89/33 38/90/33
f 28/91/34 27/92/34 39/93/34 40/94/34
f 25/88/35 28/91/35 40/94/35 37/89/35
f 29/88/36 30/95/36 42/96/36 41/89/36
f 31/97/37 32/91/37 44/94/37 43/98/37
f 32/91/38 29/88/38 41/89/38 44/94/38
f 27/57/39 31/99/39 43/100/39 39/101/39
f 30/102/40 26/58/40 38/103/40 42/104/40
f 25/88/33 33/105/33 45/106/33 37/89/33
f 34/107/34 28/91/34 40/94/34 46/108/34
f 35/109/41 29/88/41 41/89/41 47/110/41
f 32/91/42 36/111/42 48/112/42 44/94/42
f 36/99/43 34/57/43 46/101/43 48/100/43
f 33/58/44 35/102/44 47/104/44 45/103/44
o Plane.036
v -14.095179 2.603364 -4.231132
v -14.095179 2.495774 -4.231132
v -14.095179 2.496919 -4.427990
v -14.095179 2.603364 -4.427990
v -9.595548 2.603364 -4.231132
v -9.595548 2.495774 -4.218848
v -9.595548 2.496919 -4.440274
v -9.595548 2.603364 -4.427990
v -14.095179 2.710954 -4.231132
v -14.095179 2.709810 -4.427990
v -9.595548 2.710954 -4.218848
v -9.595548 2.709810 -4.440274
v -14.094748 2.596684 -4.244471
v -14.094856 2.495204 -4.241116
v -14.094857 2.496343 -4.418007
v -14.094748 2.596684 -4.414652
v -9.595118 2.596684 -4.244471
v -9.595226 2.495204 -4.228832
v -9.595226 2.496343 -4.430291
v -9.595118 2.596684 -4.414652
v -14.094856 2.711524 -4.241116
v -14.094857 2.710386 -4.418007
v -9.595226 2.711524 -4.228832
v -9.595226 2.710386 -4.430291
vn -0.0000 1.0000 -0.0000
vn -0.0014 0.0576 -0.9983
vn -0.0014 0.0570 0.9984
vn -0.0014 -0.0576 -0.9983
vn -0.0014 -0.0570 0.9984
vn -0.0000 -1.0000 -0.0000
vn 0.0014 -0.0942 0.9955
vn 0.0014 -0.0932 -0.9956
vn 0.0014 0.0832 0.9965
vn 0.0014 0.0824 -0.9966
vn -0.9995 -0.0000 -0.0322
vn -0.9995 -0.0000 0.0322
vn -0.9979 -0.0642 -0.0000
vn 0.9995 0.0036 0.0311
vn 0.9995 0.0037 -0.0311
vn 0.9979 0.0642 -0.0000
vn -0.0002 -0.9983 -0.0576
vn -0.0002 -0.9984 0.0570
vn 0.9994 -0.0037 0.0332
vn 0.9994 -0.0037 -0.0332
vn -0.0002 0.9983 -0.0576
vn -0.0002 0.9984 0.0570
vt 0.605492 0.003652
vt 0.394508 0.003652
vt 0.394508 0.996265
vt 0.605492 0.996265
vt 0.612294 0.003652
vt 0.498210 0.003652
vt 0.498210 0.996265
vt 0.612294 0.996265
vt 0.613520 0.003652
vt 0.613520 0.996265
vt 0.384126 0.003652
vt 0.384126 0.996265
vt 0.382900 0.996265
vt 0.382900 0.003652
vt 0.591196 0.003747
vt 0.591196 0.996360
vt 0.408803 0.996360
vt 0.408803 0.003747
vt 0.612911 0.003723
vt 0.612911 0.996336
vt 0.505370 0.996360
vt 0.505370 0.003747
vt 0.505370 0.003747
vt 0.505370 0.996360
vt 0.614131 0.996336
vt 0.614131 0.003723
vt 0.383509 0.003723
vt 0.383509 0.996336
vt 0.382289 0.003723
vt 0.382289 0.996336
vt 0.613520 0.394508
vt 0.498210 0.394508
vt 0.505370 0.408803
vt 0.614131 0.405208
vt 0.498210 0.605492
vt 0.612294 0.605492
vt 0.612911 0.594793
vt 0.505370 0.591196
vt 0.613520 0.381343
vt 0.614131 0.392042
vt 0.612294 0.618657
vt 0.612911 0.607958
vt 0.618657 0.996265
vt 0.607958 0.996336
vt 0.594793 0.003723
vt 0.381343 0.996265
vt 0.405208 0.003723
vt 0.392042 0.996336
vt 0.382900 0.394508
vt 0.382289 0.405208
vt 0.384126 0.605492
vt 0.383509 0.594793
vt 0.382900 0.381343
vt 0.382289 0.392042
vt 0.384126 0.618657
vt 0.383509 0.607958
s 0
f 52/113/45 49/114/45 53/115/45 56/116/45
f 51/117/46 52/118/46 56/119/46 55/120/46
f 49/118/47 50/121/47 54/122/47 53/119/47
f 58/123/48 60/124/48 56/119/48 52/118/48
f 49/118/49 53/119/49 59/125/49 57/126/49
f 64/127/50 68/128/50 65/129/50 61/130/50
f 63/131/51 67/132/51 68/133/51 64/134/51
f 61/135/52 65/136/52 66/137/52 62/138/52
f 70/139/53 64/134/53 68/133/53 72/140/53
f 61/135/54 69/141/54 71/142/54 65/136/54
f 50/143/55 49/144/55 61/145/55 62/146/55
f 52/147/56 51/148/56 63/149/56 64/150/56
f 49/144/57 52/147/57 64/150/57 61/145/57
f 53/144/58 54/151/58 66/152/58 65/145/58
f 55/153/59 56/147/59 68/150/59 67/154/59
f 56/147/60 53/144/60 65/145/60 68/150/60
f 51/113/61 55/155/61 67/156/61 63/157/61
f 54/158/62 50/114/62 62/159/62 66/160/62
f 49/144/55 57/161/55 69/162/55 61/145/55
f 58/163/56 52/147/56 64/150/56 70/164/56
f 59/165/63 53/144/63 65/145/63 71/166/63
f 56/147/64 60/167/64 72/168/64 68/150/64
f 60/155/65 58/113/65 70/157/65 72/156/65
f 57/114/66 59/158/66 71/160/66 69/159/66
o Plane.037
v -9.391152 2.603364 0.056000
v -9.391152 2.495774 0.056000
v -9.588011 2.496918 0.056000
v -9.588011 2.603364 0.056000
v -9.391153 2.603364 -4.443631
v -9.378869 2.495774 -4.443631
v -9.600295 2.496918 -4.443631
v -9.588012 2.603364 -4.443631
v -9.391152 2.710954 0.056000
v -9.588011 2.709809 0.056000
v -9.378869 2.710954 -4.443631
v -9.600295 2.709809 -4.443631
v -9.404491 2.596684 0.055570
v -9.401136 2.495204 0.055678
v -9.578028 2.496342 0.055678
v -9.574673 2.596684 0.055570
v -9.404491 2.596684 -4.444061
v -9.388853 2.495204 -4.443953
v -9.590312 2.496342 -4.443953
v -9.574673 2.596684 -4.444061
v -9.401136 2.711524 0.055678
v -9.578028 2.710385 0.055678
v -9.388853 2.711524 -4.443953
v -9.590312 2.710385 -4.443953
vn -0.0000 1.0000 -0.0000
vn -0.9983 0.0576 0.0014
vn 0.9984 0.0570 0.0014
vn -0.9983 -0.0576 0.0014
vn 0.9984 -0.0570 0.0014
vn -0.0000 -1.0000 -0.0000
vn 0.9955 -0.0942 -0.0014
vn -0.9956 -0.0932 -0.0014
vn 0.9965 0.0832 -0.0014
vn -0.9966 0.0824 -0.0014
vn -0.0322 -0.0000 0.9995
vn 0.0322 -0.0000 0.9995
vn -0.0000 -0.0642 0.9979
vn 0.0311 0.0036 -0.9995
vn -0.0311 0.0037 -0.9995
vn -0.0000 0.0642 -0.9979
vn -0.0576 -0.9983 0.0002
vn 0.0570 -0.9984 0.0002
vn 0.0332 -0.0037 -0.9994
vn -0.0332 -0.0037 -0.9994
vn -0.0576 0.9983 0.0002
vn 0.0570 0.9984 0.0002
vt 0.605492 0.003652
vt 0.394508 0.003652
vt 0.394508 0.996265
vt 0.605492 0.996265
vt 0.612294 0.003652
vt 0.498210 0.003652
vt 0.498210 0.996265
vt 0.612294 0.996265
vt 0.613520 0.003652
vt 0.613520 0.996265
vt 0.384126 0.003652
vt 0.384126 0.996265
vt 0.382900 0.996265
vt 0.382900 0.003652
vt 0.591196 0.003747
vt 0.591196 0.996360
vt 0.408803 0.996360
vt 0.408803 0.003747
vt 0.612911 0.003723
vt 0.612911 0.996336
vt 0.505370 0.996360
vt 0.505370 0.003747
vt 0.505370 0.003747
vt 0.505370 0.996360
vt 0.614131 0.996336
vt 0.614131 0.003723
vt 0.383509 0.003723
vt 0.383509 0.996336
vt 0.382289 0.003723
vt 0.382289 0.996336
vt 0.613520 0.394508
vt 0.498210 0.394508
vt 0.505370 0.408803
vt 0.614131 0.405208
vt 0.498210 0.605492
vt 0.612294 0.605492
vt 0.612911 0.594793
vt 0.505370 0.591196
vt 0.613520 0.381343
vt 0.614131 0.392042
vt 0.612294 0.618657
vt 0.612911 0.607958
vt 0.618657 0.996265
vt 0.607958 0.996336
vt 0.594793 0.003723
vt 0.381343 0.996265
vt 0.405208 0.003723
vt 0.392042 0.996336
vt 0.382900 0.394508
vt 0.382289 0.405208
vt 0.384126 0.605492
vt 0.383509 0.594793
vt 0.382900 0.381343
vt 0.382289 0.392042
vt 0.384126 0.618657
vt 0.383509 0.607958
s 0
f 76/169/67 73/170/67 77/171/67 80/172/67
f 75/173/68 76/174/68 80/175/68 79/176/68
f 73/174/69 74/177/69 78/178/69 77/175/69
f 82/179/70 84/180/70 80/175/70 76/174/70
f 73/174/71 77/175/71 83/181/71 81/182/71
f 88/183/72 92/184/72 89/185/72 85/186/72
f 87/187/73 91/188/73 92/189/73 88/190/73
f 85/191/74 89/192/74 90/193/74 86/194/74
f 94/195/75 88/190/75 92/189/75 96/196/75
f 85/191/76 93/197/76 95/198/76 89/192/76
f 74/199/77 73/200/77 85/201/77 86/202/77
f 76/203/78 75/204/78 87/205/78 88/206/78
f 73/200/79 76/203/79 88/206/79 85/201/79
f 77/200/80 78/207/80 90/208/80 89/201/80
f 79/209/81 80/203/81 92/206/81 91/210/81
f 80/203/82 77/200/82 89/201/82 92/206/82
f 75/169/83 79/211/83 91/212/83 87/213/83
f 78/214/84 74/170/84 86/215/84 90/216/84
f 73/200/77 81/217/77 93/218/77 85/201/77
f 82/219/78 76/203/78 88/206/78 94/220/78
f 83/221/85 77/200/85 89/201/85 95/222/85
f 80/203/86 84/223/86 96/224/86 92/206/86
f 84/211/87 82/169/87 94/213/87 96/212/87
f 81/170/88 83/214/88 95/216/88 93/215/88
o Plane.038
v -14.122751 2.603364 0.056000
v -14.122751 2.495774 0.056000
v -14.319610 2.496918 0.056000
v -14.319610 2.603364 0.056000
v -14.122752 2.603364 -4.443631
v -14.110468 2.495774 -4.443631
v -14.331894 2.496918 -4.443631
v -14.319611 2.603364 -4.443631
v -14.122751 2.710954 0.056000
v -14.319610 2.709809 0.056000
v -14.110468 2.710954 -4.443631
v -14.331894 2.709809 -4.443631
v -14.136090 2.596684 0.055570
v -14.132735 2.495204 0.055678
v -14.309627 2.496342 0.055678
v -14.306272 2.596684 0.055570
v -14.136090 2.596684 -4.444061
v -14.120452 2.495204 -4.443954
v -14.321911 2.496342 -4.443954
v -14.306272 2.596684 -4.444061
v -14.132735 2.711524 0.055678
v -14.309627 2.710385 0.055678
v -14.120452 2.711524 -4.443954
v -14.321911 2.710385 -4.443954
vn -0.0000 1.0000 -0.0000
vn -0.9983 0.0576 0.0014
vn 0.9984 0.0570 0.0014
vn -0.9983 -0.0576 0.0014
vn 0.9984 -0.0570 0.0014
vn -0.0000 -1.0000 -0.0000
vn 0.9955 -0.0942 -0.0014
vn -0.9956 -0.0932 -0.0014
vn 0.9965 0.0832 -0.0014
vn -0.9966 0.0824 -0.0014
vn -0.0322 -0.0000 0.9995
vn 0.0322 -0.0000 0.9995
vn -0.0000 -0.0642 0.9979
vn 0.0311 0.0036 -0.9995
vn -0.0311 0.0037 -0.9995
vn -0.0000 0.0643 -0.9979
vn -0.0576 -0.9983 0.0002
vn 0.0570 -0.9984 0.0002
vn 0.0332 -0.0037 -0.9994
vn -0.0332 -0.0037 -0.9994
vn -0.0576 0.9983 0.0002
vn 0.0570 0.9984 0.0002
vt 0.394508 -1.911456
vt 0.605492 -1.911456
vt 0.605492 2.911053
vt 0.394508 2.911053
vt -1.911456 0.387706
vt -1.911456 0.501790
vt 2.911053 0.501790
vt 2.911053 0.387706
vt -1.911456 0.386480
vt 2.911053 0.386480
vt -1.911456 0.615873
vt 2.911053 0.615873
vt 2.911053 0.617100
vt -1.911456 0.617100
vt 0.408804 -1.910995
vt 0.408804 2.911514
vt 0.591196 2.911514
vt 0.591197 -1.910995
vt -1.911111 0.387089
vt 2.911399 0.387089
vt 2.911514 0.494630
vt -1.910995 0.494630
vt -1.910995 0.494630
vt 2.911514 0.494630
vt 2.911399 0.385869
vt -1.911111 0.385869
vt -1.911111 0.616491
vt 2.911399 0.616491
vt -1.911111 0.617711
vt 2.911399 0.617711
vt 0.605492 0.386480
vt 0.605492 0.501790
vt 0.591197 0.494630
vt 0.594792 0.385869
vt 0.394508 0.501790
vt 0.394508 0.387706
vt 0.405208 0.387089
vt 0.408804 0.494630
vt 0.605492 0.501790
vt 0.618657 0.386480
vt 0.607957 0.385869
vt 0.591196 0.494630
vt 0.381343 0.387706
vt 0.394508 0.501790
vt 0.408804 0.494630
vt 0.392042 0.387089
vt 0.381343 2.911053
vt 0.392042 2.911399
vt 0.405208 -1.911111
vt 0.618657 2.911053
vt 0.594792 -1.911111
vt 0.607957 2.911399
vt 0.605492 0.617100
vt 0.594792 0.617711
vt 0.394508 0.615873
vt 0.405208 0.616491
vt 0.618657 0.617100
vt 0.607957 0.617711
vt 0.381343 0.615873
vt 0.392042 0.616491
vt 0.394508 -1.911456
vt 0.392042 2.911399
vt 0.618657 2.911053
s 0
f 100/225/89 97/226/89 101/227/89 104/228/89
f 99/229/90 100/230/90 104/231/90 103/232/90
f 97/230/91 98/233/91 102/234/91 101/231/91
f 106/235/92 108/236/92 104/231/92 100/230/92
f 97/230/93 101/231/93 107/237/93 105/238/93
f 112/239/94 116/240/94 113/241/94 109/242/94
f 111/243/95 115/244/95 116/245/95 112/246/95
f 109/247/96 113/248/96 114/249/96 110/250/96
f 118/251/97 112/246/97 116/245/97 120/252/97
f 109/247/98 117/253/98 119/254/98 113/248/98
f 98/255/99 97/256/99 109/257/99 110/258/99
f 100/259/100 99/260/100 111/261/100 112/262/100
f 97/256/101 100/259/101 112/262/101 109/257/101
f 101/263/102 102/264/102 114/265/102 113/266/102
f 103/267/103 104/268/103 116/269/103 115/270/103
f 104/268/104 101/263/104 113/266/104 116/269/104
f 99/225/105 103/271/105 115/272/105 111/273/105
f 102/274/106 98/226/106 110/275/106 114/276/106
f 97/256/99 105/277/99 117/278/99 109/257/99
f 106/279/100 100/259/100 112/262/100 118/280/100
f 107/281/107 101/263/107 113/266/107 119/282/107
f 104/268/108 108/283/108 120/284/108 116/269/108
f 108/271/109 106/285/109 118/273/109 120/286/109
f 105/226/110 107/287/110 119/276/110 117/275/110
o Plane.039
v -9.491171 0.000000 -4.225684
v -9.383581 0.000000 -4.225684
v -9.384726 0.000000 -4.422542
v -9.491171 0.000000 -4.422542
v -9.491171 2.495204 -4.225684
v -9.383581 2.495204 -4.213400
v -9.384726 2.495204 -4.434826
v -9.491171 2.495204 -4.422542
v -9.598762 0.000000 -4.225684
v -9.597616 0.000000 -4.422542
v -9.598762 2.495204 -4.213400
v -9.597616 2.495204 -4.434826
v -9.484491 0.000238 -4.239022
v -9.383011 0.000178 -4.235667
v -9.384150 0.000178 -4.412559
v -9.484491 0.000238 -4.409204
v -9.484491 2.495442 -4.239022
v -9.383011 2.495382 -4.223383
v -9.384150 2.495382 -4.424843
v -9.484491 2.495442 -4.409204
v -9.599331 0.000178 -4.235667
v -9.598192 0.000178 -4.412559
v -9.599331 2.495382 -4.223383
v -9.598192 2.495382 -4.424843
vn -1.0000 -0.0000 -0.0000
vn -0.0576 -0.0025 -0.9983
vn -0.0570 -0.0025 0.9984
vn 0.0576 -0.0025 -0.9983
vn 0.0570 -0.0025 0.9984
vn 1.0000 -0.0000 -0.0000
vn 0.0942 0.0025 0.9955
vn 0.0932 0.0025 -0.9956
vn -0.0832 0.0025 0.9965
vn -0.0824 0.0025 -0.9966
vn -0.0000 -0.9998 -0.0179
vn -0.0000 -0.9998 0.0179
vn 0.0356 -0.9994 -0.0000
vn -0.0020 0.9998 0.0172
vn -0.0020 0.9998 -0.0172
vn -0.0356 0.9994 -0.0000
vn 0.9983 -0.0003 -0.0576
vn 0.9984 -0.0003 0.0570
vn 0.0020 0.9998 0.0184
vn 0.0021 0.9998 -0.0184
vn -0.9983 -0.0003 -0.0576
vn -0.9984 -0.0003 0.0570
vt 0.605492 -0.837237
vt 0.394508 -0.837237
vt 0.394508 1.837014
vt 0.605492 1.837014
vt 0.612293 -0.837237
vt 0.498210 -0.837237
vt 0.498210 1.837014
vt 0.612293 1.837014
vt 0.613521 -0.837237
vt 0.613521 1.837014
vt 0.384127 -0.837237
vt 0.384127 1.837014
vt 0.382900 1.837014
vt 0.382900 -0.837237
vt 0.591196 -0.836982
vt 0.591196 1.837269
vt 0.408803 1.837269
vt 0.408803 -0.836982
vt 0.612911 -0.837046
vt 0.612911 1.837205
vt 0.505370 1.837269
vt 0.505370 -0.836982
vt 0.614131 1.837205
vt 0.614131 -0.837046
vt 0.383509 -0.837046
vt 0.383509 1.837205
vt 0.382289 -0.837046
vt 0.382289 1.837205
vt 0.613521 0.394508
vt 0.498210 0.394508
vt 0.505370 0.408803
vt 0.614131 0.405208
vt 0.498210 0.605492
vt 0.612293 0.605492
vt 0.612911 0.594793
vt 0.505370 0.591196
vt 0.613521 0.381343
vt 0.614131 0.392042
vt 0.612293 0.618657
vt 0.612911 0.607958
vt 0.618657 1.837014
vt 0.607958 1.837205
vt 0.594793 -0.837046
vt 0.381343 1.837014
vt 0.405208 -0.837046
vt 0.392042 1.837205
vt 0.382900 0.394508
vt 0.382289 0.405208
vt 0.384127 0.605492
vt 0.383509 0.594793
vt 0.382900 0.381343
vt 0.382289 0.392042
vt 0.384127 0.618657
vt 0.383509 0.607958
s 0
f 124/288/111 121/289/111 125/290/111 128/291/111
f 123/292/112 124/293/112 128/294/112 127/295/112
f 121/293/113 122/296/113 126/297/113 125/294/113
f 130/298/114 132/299/114 128/294/114 124/293/114
f 121/293/115 125/294/115 131/300/115 129/301/115
f 136/302/116 140/303/116 137/304/116 133/305/116
f 135/306/117 139/307/117 140/308/117 136/309/117
f 133/309/118 137/308/118 138/310/118 134/311/118
f 142/312/119 136/309/119 140/308/119 144/313/119
f 133/309/120 141/314/120 143/315/120 137/308/120
f 122/316/121 121/317/121 133/318/121 134/319/121
f 124/320/122 123/321/122 135/322/122 136/323/122
f 121/317/123 124/320/123 136/323/123 133/318/123
f 125/317/124 126/324/124 138/325/124 137/318/124
f 127/326/125 128/320/125 140/323/125 139/327/125
f 128/320/126 125/317/126 137/318/126 140/323/126
f 123/288/127 127/328/127 139/329/127 135/330/127
f 126/331/128 122/289/128 134/332/128 138/333/128
f 121/317/121 129/334/121 141/335/121 133/318/121
f 130/336/122 124/320/122 136/323/122 142/337/122
f 131/338/129 125/317/129 137/318/129 143/339/129
f 128/320/130 132/340/130 144/341/130 140/323/130
f 132/328/131 130/288/131 142/330/131 144/329/131
f 129/289/132 131/331/132 143/333/132 141/332/132
o Cube.015
v -9.621589 2.428407 0.059542
v -9.621589 2.434528 0.065663
v -9.627710 2.434528 0.059542
v -9.621589 2.430200 0.063870
v -9.625123 2.430994 0.063076
v -9.625917 2.434528 0.063870
v -9.625917 2.430200 0.059542
v -9.621589 2.884927 0.065663
v -9.621589 2.891048 0.059542
v -9.627710 2.884927 0.059542
v -9.621589 2.889255 0.063870
v -9.625123 2.888461 0.063076
v -9.625917 2.889255 0.059542
v -9.625917 2.884927 0.063870
v -9.621589 2.428407 -0.218425
v -9.627710 2.434528 -0.218425
v -9.621589 2.434528 -0.224546
v -9.625917 2.430200 -0.218425
v -9.625123 2.430994 -0.221959
v -9.625917 2.434528 -0.222753
v -9.621589 2.430200 -0.222753
v -9.621589 2.891048 -0.218425
v -9.621589 2.884927 -0.224546
v -9.627710 2.884927 -0.218425
v -9.621589 2.889255 -0.222753
v -9.625123 2.888461 -0.221959
v -9.625917 2.884927 -0.222753
v -9.625917 2.889255 -0.218425
v -9.343623 2.428407 0.059542
v -9.337502 2.434528 0.059542
v -9.343623 2.434528 0.065663
v -9.339294 2.430200 0.059542
v -9.340088 2.430994 0.063076
v -9.339294 2.434528 0.063870
v -9.343623 2.430200 0.063870
v -9.343623 2.891048 0.059542
v -9.343623 2.884927 0.065663
v -9.337502 2.884927 0.059542
v -9.343623 2.889255 0.063870
v -9.340088 2.888461 0.063076
v -9.339294 2.884927 0.063870
v -9.339294 2.889255 0.059542
v -9.343623 2.428407 -0.218425
v -9.343623 2.434528 -0.224546
v -9.337502 2.434528 -0.218425
v -9.343623 2.430200 -0.222753
v -9.340088 2.430994 -0.221959
v -9.339294 2.434528 -0.222753
v -9.339294 2.430200 -0.218425
v -9.343623 2.891048 -0.218425
v -9.337502 2.884927 -0.218425
v -9.343623 2.884927 -0.224546
v -9.339294 2.889255 -0.218425
v -9.340088 2.888461 -0.221959
v -9.339294 2.884927 -0.222753
v -9.343623 2.889255 -0.222753
vn -0.1794 -0.9673 0.1794
vn -0.1794 -0.1794 0.9673
vn -0.9673 -0.1794 0.1794
vn -0.1726 -0.6965 0.6965
vn -0.5773 -0.5773 0.5774
vn -0.6965 -0.1726 0.6965
vn -0.6965 -0.6965 0.1726
vn -0.1794 0.1794 0.9673
vn -0.1794 0.9673 0.1794
vn -0.9673 0.1794 0.1794
vn -0.1726 0.6965 0.6965
vn -0.5773 0.5773 0.5774
vn -0.6965 0.6965 0.1726
vn -0.6965 0.1726 0.6965
vn -0.1794 -0.9673 -0.1794
vn -0.9673 -0.1794 -0.1794
vn -0.1794 -0.1794 -0.9673
vn -0.6965 -0.6965 -0.1726
vn -0.5773 -0.5773 -0.5774
vn -0.6965 -0.1726 -0.6965
vn -0.1726 -0.6965 -0.6965
vn -0.1794 0.9673 -0.1794
vn -0.1794 0.1794 -0.9673
vn -0.9673 0.1794 -0.1794
vn -0.1726 0.6965 -0.6965
vn -0.5773 0.5773 -0.5774
vn -0.6965 0.1726 -0.6965
vn -0.6965 0.6965 -0.1726
vn 0.1794 -0.9673 0.1794
vn 0.9673 -0.1794 0.1794
vn 0.1794 -0.1794 0.9673
vn 0.6965 -0.6965 0.1726
vn 0.5773 -0.5773 0.5774
vn 0.6965 -0.1726 0.6965
vn 0.1726 -0.6965 0.6965
vn 0.1794 0.9673 0.1794
vn 0.1794 0.1794 0.9673
vn 0.9673 0.1794 0.1794
vn 0.1726 0.6965 0.6965
vn 0.5773 0.5773 0.5774
vn 0.6965 0.1726 0.6965
vn 0.6965 0.6965 0.1726
vn 0.1794 -0.9673 -0.1794
vn 0.1794 -0.1794 -0.9673
vn 0.9673 -0.1794 -0.1794
vn 0.1726 -0.6965 -0.6965
vn 0.5773 -0.5773 -0.5774
vn 0.6965 -0.1726 -0.6965
vn 0.6965 -0.6965 -0.1726
vn 0.1794 0.9673 -0.1794
vn 0.9673 0.1794 -0.1794
vn 0.1794 0.1794 -0.9673
vn 0.6965 0.6965 -0.1726
vn 0.5773 0.5773 -0.5774
vn 0.6965 0.1726 -0.6965
vn 0.1726 0.6965 -0.6965
vt 0.638983 0.274801
vt 0.638983 0.725199
vt 0.361017 0.725199
vt 0.361017 0.274801
vt 0.638984 0.274801
vt 0.638984 0.725199
vt 0.361016 0.725199
vt 0.361016 0.274801
vt 0.638983 0.638984
vt 0.361017 0.638984
vt 0.361017 0.361016
vt 0.638983 0.361016
vt 0.361017 0.356688
vt 0.357483 0.357482
vt 0.356688 0.361016
vt 0.356688 0.274801
vt 0.357483 0.271267
vt 0.361017 0.270472
vt 0.361016 0.270472
vt 0.357482 0.271267
vt 0.356688 0.274801
vt 0.361017 0.729528
vt 0.357483 0.728733
vt 0.356688 0.725199
vt 0.356688 0.725199
vt 0.357482 0.728733
vt 0.361016 0.729528
vt 0.356688 0.638984
vt 0.357483 0.642518
vt 0.361017 0.643312
vt 0.643312 0.274801
vt 0.642518 0.271267
vt 0.638984 0.270472
vt 0.638984 0.729528
vt 0.642518 0.728733
vt 0.643312 0.725199
vt 0.643312 0.361016
vt 0.642517 0.357482
vt 0.638983 0.356688
vt 0.638983 0.270472
vt 0.642517 0.271267
vt 0.643312 0.274801
vt 0.643312 0.725199
vt 0.642517 0.728733
vt 0.638983 0.729528
vt 0.638983 0.643312
vt 0.642517 0.642518
vt 0.643312 0.638984
s 1
f 175/342/163 181/343/169 152/344/140 146/345/134
f 189/346/177 195/347/183 182/348/170 174/349/162
f 194/350/182 166/351/154 153/352/141 180/353/168
f 147/349/135 154/348/142 168/347/156 160/346/148
f 161/345/149 167/344/155 196/343/184 188/342/176
f 145/352/133 148/354/136 149/355/137 151/356/139
f 146/345/134 150/357/138 149/358/137 148/359/136
f 147/349/135 151/360/139 149/361/137 150/362/138
f 152/344/140 155/363/143 156/364/144 158/365/146
f 153/352/141 157/356/145 156/355/144 155/354/143
f 154/348/142 158/366/146 156/367/144 157/368/145
f 159/351/147 162/369/150 163/370/151 165/371/153
f 160/346/148 164/372/152 163/373/151 162/374/150
f 161/345/149 165/359/153 163/358/151 164/357/152
f 166/351/154 169/371/157 170/370/158 172/369/160
f 167/344/155 171/365/159 170/364/158 169/363/157
f 168/347/156 172/375/160 170/376/158 171/377/159
f 173/353/161 176/378/164 177/379/165 179/380/167
f 174/349/162 178/362/166 177/361/165 176/360/164
f 175/342/163 179/381/167 177/382/165 178/383/166
f 180/353/168 183/380/171 184/379/172 186/378/174
f 181/343/169 185/384/173 184/385/172 183/386/171
f 182/348/170 186/368/174 184/367/172 185/366/173
f 187/350/175 190/387/178 191/388/179 193/389/181
f 188/342/176 192/383/180 191/382/179 190/381/178
f 189/346/177 193/374/181 191/373/179 192/372/180
f 194/350/182 197/389/185 198/388/186 200/387/188
f 195/347/183 199/377/187 198/376/186 197/375/185
f 196/343/184 200/386/188 198/385/186 199/384/187
f 159/351/147 145/352/133 151/356/139 162/369/150
f 162/374/150 151/360/139 147/349/135 160/346/148
f 146/345/134 152/344/140 158/365/146 150/357/138
f 150/362/138 158/366/146 154/348/142 147/349/135
f 153/352/141 166/351/154 172/369/160 157/356/145
f 157/368/145 172/375/160 168/347/156 154/348/142
f 167/344/155 161/345/149 164/357/152 171/365/159
f 171/377/159 164/372/152 160/346/148 168/347/156
f 187/350/175 159/351/147 165/371/153 190/387/178
f 190/381/178 165/359/153 161/345/149 188/342/176
f 166/351/154 194/350/182 200/387/188 169/371/157
f 169/363/157 200/386/188 196/343/184 167/344/155
f 195/347/183 189/346/177 192/372/180 199/377/187
f 199/384/187 192/383/180 188/342/176 196/343/184
f 173/353/161 187/350/175 193/389/181 176/378/164
f 176/360/164 193/374/181 189/346/177 174/349/162
f 194/350/182 180/353/168 186/378/174 197/389/185
f 197/375/185 186/368/174 182/348/170 195/347/183
f 181/343/169 175/342/163 178/383/166 185/384/173
f 185/366/173 178/362/166 174/349/162 182/348/170
f 145/352/133 173/353/161 179/380/167 148/354/136
f 148/359/136 179/381/167 175/342/163 146/345/134
f 180/353/168 153/352/141 155/354/143 183/380/171
f 183/386/171 155/363/143 152/344/140 181/343/169
f 159/351/147 187/350/175 173/353/161 145/352/133
o Cube.016
v -14.343535 2.428407 0.059542
v -14.343535 2.434528 0.065663
v -14.349657 2.434528 0.059542
v -14.343535 2.430200 0.063870
v -14.347070 2.430994 0.063076
v -14.347864 2.434528 0.063870
v -14.347864 2.430200 0.059542
v -14.343535 2.884927 0.065663
v -14.343535 2.891048 0.059542
v -14.349657 2.884927 0.059542
v -14.343535 2.889255 0.063870
v -14.347070 2.888461 0.063076
v -14.347864 2.889255 0.059542
v -14.347864 2.884927 0.063870
v -14.343535 2.428407 -0.218425
v -14.349657 2.434528 -0.218425
v -14.343535 2.434528 -0.224546
v -14.347864 2.430200 -0.218425
v -14.347070 2.430994 -0.221959
v -14.347864 2.434528 -0.222753
v -14.343535 2.430200 -0.222753
v -14.343535 2.891048 -0.218425
v -14.343535 2.884927 -0.224546
v -14.349657 2.884927 -0.218425
v -14.343535 2.889255 -0.222753
v -14.347070 2.888461 -0.221959
v -14.347864 2.884927 -0.222753
v -14.347864 2.889255 -0.218425
v -14.065570 2.428407 0.059542
v -14.059448 2.434528 0.059542
v -14.065570 2.434528 0.065663
v -14.061241 2.430200 0.059542
v -14.062035 2.430994 0.063076
v -14.061241 2.434528 0.063870
v -14.065570 2.430200 0.063870
v -14.065570 2.891048 0.059542
v -14.065570 2.884927 0.065663
v -14.059448 2.884927 0.059542
v -14.065570 2.889255 0.063870
v -14.062035 2.888461 0.063076
v -14.061241 2.884927 0.063870
v -14.061241 2.889255 0.059542
v -14.065570 2.428407 -0.218425
v -14.065570 2.434528 -0.224546
v -14.059448 2.434528 -0.218425
v -14.065570 2.430200 -0.222753
v -14.062035 2.430994 -0.221959
v -14.061241 2.434528 -0.222753
v -14.061241 2.430200 -0.218425
v -14.065570 2.891048 -0.218425
v -14.059448 2.884927 -0.218425
v -14.065570 2.884927 -0.224546
v -14.061241 2.889255 -0.218425
v -14.062035 2.888461 -0.221959
v -14.061241 2.884927 -0.222753
v -14.065570 2.889255 -0.222753
vn -0.1794 -0.9673 0.1794
vn -0.1794 -0.1794 0.9673
vn -0.9673 -0.1794 0.1794
vn -0.1726 -0.6965 0.6965
vn -0.5773 -0.5773 0.5774
vn -0.6965 -0.1726 0.6965
vn -0.6965 -0.6965 0.1726
vn -0.1794 0.1794 0.9673
vn -0.1794 0.9673 0.1794
vn -0.9673 0.1794 0.1794
vn -0.1726 0.6965 0.6965
vn -0.5773 0.5773 0.5774
vn -0.6965 0.6965 0.1726
vn -0.6965 0.1726 0.6965
vn -0.1794 -0.9673 -0.1794
vn -0.9673 -0.1794 -0.1794
vn -0.1794 -0.1794 -0.9673
vn -0.6965 -0.6965 -0.1726
vn -0.5773 -0.5773 -0.5774
vn -0.6965 -0.1726 -0.6965
vn -0.1726 -0.6965 -0.6965
vn -0.1794 0.9673 -0.1794
vn -0.1794 0.1794 -0.9673
vn -0.9673 0.1794 -0.1794
vn -0.1726 0.6965 -0.6965
vn -0.5773 0.5773 -0.5774
vn -0.6965 0.1726 -0.6965
vn -0.6965 0.6965 -0.1726
vn 0.1794 -0.9673 0.1794
vn 0.9673 -0.1794 0.1794
vn 0.1794 -0.1794 0.9673
vn 0.6965 -0.6965 0.1726
vn 0.5773 -0.5773 0.5774
vn 0.6965 -0.1726 0.6965
vn 0.1726 -0.6965 0.6965
vn 0.1794 0.9673 0.1794
vn 0.1794 0.1794 0.9673
vn 0.9673 0.1794 0.1794
vn 0.1726 0.6965 0.6965
vn 0.5773 0.5773 0.5774
vn 0.6965 0.1726 0.6965
vn 0.6965 0.6965 0.1726
vn 0.1794 -0.9673 -0.1794
vn 0.1794 -0.1794 -0.9673
vn 0.9673 -0.1794 -0.1794
vn 0.1726 -0.6965 -0.6965
vn 0.5773 -0.5773 -0.5774
vn 0.6965 -0.1726 -0.6965
vn 0.6965 -0.6965 -0.1726
vn 0.1794 0.9673 -0.1794
vn 0.9673 0.1794 -0.1794
vn 0.1794 0.1794 -0.9673
vn 0.6965 0.6965 -0.1726
vn 0.5773 0.5773 -0.5774
vn 0.6965 0.1726 -0.6965
vn 0.1726 0.6965 -0.6965
vt 0.638983 0.274801
vt 0.638983 0.725199
vt 0.361017 0.725199
vt 0.361017 0.274801
vt 0.638984 0.274801
vt 0.638984 0.725199
vt 0.361016 0.725199
vt 0.361016 0.274801
vt 0.638983 0.638984
vt 0.361017 0.638984
vt 0.361017 0.361016
vt 0.638983 0.361016
vt 0.361017 0.356688
vt 0.357483 0.357482
vt 0.356688 0.361016
vt 0.356688 0.274801
vt 0.357483 0.271267
vt 0.361017 0.270472
vt 0.361016 0.270472
vt 0.357482 0.271267
vt 0.356688 0.274801
vt 0.361017 0.729528
vt 0.357483 0.728733
vt 0.356688 0.725199
vt 0.356688 0.725199
vt 0.357482 0.728733
vt 0.361016 0.729528
vt 0.356688 0.638984
vt 0.357483 0.642518
vt 0.361017 0.643312
vt 0.643312 0.274801
vt 0.642518 0.271267
vt 0.638984 0.270472
vt 0.638984 0.729528
vt 0.642518 0.728733
vt 0.643312 0.725199
vt 0.643312 0.361016
vt 0.642517 0.357482
vt 0.638983 0.356688
vt 0.638983 0.270472
vt 0.642517 0.271267
vt 0.643312 0.274801
vt 0.643312 0.725199
vt 0.642517 0.728733
vt 0.638983 0.729528
vt 0.638983 0.643312
vt 0.642517 0.642518
vt 0.643312 0.638984
s 1
f 231/390/219 237/391/225 208/392/196 202/393/190
f 245/394/233 251/395/239 238/396/226 230/397/218
f 250/398/238 222/399/210 209/400/197 236/401/224
f 203/397/191 210/396/198 224/395/212 216/394/204
f 217/393/205 223/392/211 252/391/240 244/390/232
f 201/400/189 204/402/192 205/403/193 207/404/195
f 202/393/190 206/405/194 205/406/193 204/407/192
f 203/397/191 207/408/195 205/409/193 206/410/194
f 208/392/196 211/411/199 212/412/200 214/413/202
f 209/400/197 213/404/201 212/403/200 211/402/199
f 210/396/198 214/414/202 212/415/200 213/416/201
f 215/399/203 218/417/206 219/418/207 221/419/209
f 216/394/204 220/420/208 219/421/207 218/422/206
f 217/393/205 221/407/209 219/406/207 220/405/208
f 222/399/210 225/419/213 226/418/214 228/417/216
f 223/392/211 227/413/215 226/412/214 225/411/213
f 224/395/212 228/423/216 226/424/214 227/425/215
f 229/401/217 232/426/220 233/427/221 235/428/223
f 230/397/218 234/410/222 233/409/221 232/408/220
f 231/390/219 235/429/223 233/430/221 234/431/222
f 236/401/224 239/428/227 240/427/228 242/426/230
f 237/391/225 241/432/229 240/433/228 239/434/227
f 238/396/226 242/416/230 240/415/228 241/414/229
f 243/398/231 246/435/234 247/436/235 249/437/237
f 244/390/232 248/431/236 247/430/235 246/429/234
f 245/394/233 249/422/237 247/421/235 248/420/236
f 250/398/238 253/437/241 254/436/242 256/435/244
f 251/395/239 255/425/243 254/424/242 253/423/241
f 252/391/240 256/434/244 254/433/242 255/432/243
f 215/399/203 201/400/189 207/404/195 218/417/206
f 218/422/206 207/408/195 203/397/191 216/394/204
f 202/393/190 208/392/196 214/413/202 206/405/194
f 206/410/194 214/414/202 210/396/198 203/397/191
f 209/400/197 222/399/210 228/417/216 213/404/201
f 213/416/201 228/423/216 224/395/212 210/396/198
f 223/392/211 217/393/205 220/405/208 227/413/215
f 227/425/215 220/420/208 216/394/204 224/395/212
f 243/398/231 215/399/203 221/419/209 246/435/234
f 246/429/234 221/407/209 217/393/205 244/390/232
f 222/399/210 250/398/238 256/435/244 225/419/213
f 225/411/213 256/434/244 252/391/240 223/392/211
f 251/395/239 245/394/233 248/420/236 255/425/243
f 255/432/243 248/431/236 244/390/232 252/391/240
f 229/401/217 243/398/231 249/437/237 232/426/220
f 232/408/220 249/422/237 245/394/233 230/397/218
f 250/398/238 236/401/224 242/426/230 253/437/241
f 253/423/241 242/416/230 238/396/226 251/395/239
f 237/391/225 231/390/219 234/431/222 241/432/229
f 241/414/229 234/410/222 230/397/218 238/396/226
f 201/400/189 229/401/217 235/428/223 204/402/192
f 204/407/192 235/429/223 231/390/219 202/393/190
f 236/401/224 209/400/197 211/402/199 239/428/227
f 239/434/227 211/411/199 208/392/196 237/391/225
f 215/399/203 243/398/231 229/401/217 201/400/189
o Cube.017
v -9.621589 2.428407 -4.181565
v -9.621589 2.434528 -4.175445
v -9.627710 2.434528 -4.181565
v -9.621589 2.430200 -4.177237
v -9.625123 2.430994 -4.178031
v -9.625917 2.434528 -4.177237
v -9.625917 2.430200 -4.181565
v -9.621589 2.884927 -4.175445
v -9.621589 2.891048 -4.181565
v -9.627710 2.884927 -4.181565
v -9.621589 2.889255 -4.177237
v -9.625123 2.888461 -4.178031
v -9.625917 2.889255 -4.181565
v -9.625917 2.884927 -4.177237
v -9.621589 2.428407 -4.459533
v -9.627710 2.434528 -4.459533
v -9.621589 2.434528 -4.465653
v -9.625917 2.430200 -4.459533
v -9.625123 2.430994 -4.463067
v -9.625917 2.434528 -4.463861
v -9.621589 2.430200 -4.463861
v -9.621589 2.891048 -4.459533
v -9.621589 2.884927 -4.465653
v -9.627710 2.884927 -4.459533
v -9.621589 2.889255 -4.463861
v -9.625123 2.888461 -4.463067
v -9.625917 2.884927 -4.463861
v -9.625917 2.889255 -4.459533
v -9.343623 2.428407 -4.181565
v -9.337502 2.434528 -4.181565
v -9.343623 2.434528 -4.175445
v -9.339294 2.430200 -4.181565
v -9.340088 2.430994 -4.178031
v -9.339294 2.434528 -4.177237
v -9.343623 2.430200 -4.177237
v -9.343623 2.891048 -4.181565
v -9.343623 2.884927 -4.175445
v -9.337502 2.884927 -4.181565
v -9.343623 2.889255 -4.177237
v -9.340088 2.888461 -4.178031
v -9.339294 2.884927 -4.177237
v -9.339294 2.889255 -4.181565
v -9.343623 2.428407 -4.459533
v -9.343623 2.434528 -4.465653
v -9.337502 2.434528 -4.459533
v -9.343623 2.430200 -4.463861
v -9.340088 2.430994 -4.463067
v -9.339294 2.434528 -4.463861
v -9.339294 2.430200 -4.459533
v -9.343623 2.891048 -4.459533
v -9.337502 2.884927 -4.459533
v -9.343623 2.884927 -4.465653
v -9.339294 2.889255 -4.459533
v -9.340088 2.888461 -4.463067
v -9.339294 2.884927 -4.463861
v -9.343623 2.889255 -4.463861
vn -0.1794 -0.9673 0.1794
vn -0.1794 -0.1794 0.9673
vn -0.9673 -0.1794 0.1794
vn -0.1726 -0.6965 0.6965
vn -0.5773 -0.5773 0.5774
vn -0.6965 -0.1726 0.6965
vn -0.6965 -0.6965 0.1726
vn -0.1794 0.1794 0.9673
vn -0.1794 0.9673 0.1794
vn -0.9673 0.1794 0.1794
vn -0.1726 0.6965 0.6965
vn -0.5773 0.5773 0.5774
vn -0.6965 0.6965 0.1726
vn -0.6965 0.1726 0.6965
vn -0.1794 -0.9673 -0.1794
vn -0.9673 -0.1794 -0.1794
vn -0.1794 -0.1794 -0.9673
vn -0.6965 -0.6965 -0.1726
vn -0.5773 -0.5773 -0.5774
vn -0.6965 -0.1726 -0.6965
vn -0.1726 -0.6965 -0.6965
vn -0.1794 0.9673 -0.1794
vn -0.1794 0.1794 -0.9673
vn -0.9673 0.1794 -0.1794
vn -0.1726 0.6965 -0.6965
vn -0.5773 0.5773 -0.5774
vn -0.6965 0.1726 -0.6965
vn -0.6965 0.6965 -0.1726
vn 0.1794 -0.9673 0.1794
vn 0.9673 -0.1794 0.1794
vn 0.1794 -0.1794 0.9673
vn 0.6965 -0.6965 0.1726
vn 0.5773 -0.5773 0.5774
vn 0.6965 -0.1726 0.6965
vn 0.1726 -0.6965 0.6965
vn 0.1794 0.9673 0.1794
vn 0.1794 0.1794 0.9673
vn 0.9673 0.1794 0.1794
vn 0.1726 0.6965 0.6965
vn 0.5773 0.5773 0.5774
vn 0.6965 0.1726 0.6965
vn 0.6965 0.6965 0.1726
vn 0.1794 -0.9673 -0.1794
vn 0.1794 -0.1794 -0.9673
vn 0.9673 -0.1794 -0.1794
vn 0.1726 -0.6965 -0.6965
vn 0.5773 -0.5773 -0.5774
vn 0.6965 -0.1726 -0.6965
vn 0.6965 -0.6965 -0.1726
vn 0.1794 0.9673 -0.1794
vn 0.9673 0.1794 -0.1794
vn 0.1794 0.1794 -0.9673
vn 0.6965 0.6965 -0.1726
vn 0.5773 0.5773 -0.5774
vn 0.6965 0.1726 -0.6965
vn 0.1726 0.6965 -0.6965
vt 0.638983 0.274801
vt 0.638983 0.725199
vt 0.361017 0.725199
vt 0.361017 0.274801
vt 0.638984 0.274801
vt 0.638984 0.725199
vt 0.361016 0.725199
vt 0.361016 0.274801
vt 0.638983 0.638984
vt 0.361017 0.638984
vt 0.361017 0.361016
vt 0.638983 0.361016
vt 0.361017 0.356688
vt 0.357483 0.357482
vt 0.356688 0.361016
vt 0.356688 0.274801
vt 0.357483 0.271267
vt 0.361017 0.270472
vt 0.361016 0.270472
vt 0.357482 0.271267
vt 0.356688 0.274801
vt 0.361017 0.729528
vt 0.357483 0.728733
vt 0.356688 0.725199
vt 0.356688 0.725199
vt 0.357482 0.728733
vt 0.361016 0.729528
vt 0.356688 0.638984
vt 0.357483 0.642518
vt 0.361017 0.643312
vt 0.643312 0.274801
vt 0.642518 0.271267
vt 0.638984 0.270472
vt 0.638984 0.729528
vt 0.642518 0.728733
vt 0.643312 0.725199
vt 0.643312 0.361016
vt 0.642517 0.357482
vt 0.638983 0.356688
vt 0.638983 0.270472
vt 0.642517 0.271267
vt 0.643312 0.274801
vt 0.643312 0.725199
vt 0.642517 0.728733
vt 0.638983 0.729528
vt 0.638983 0.643312
vt 0.642517 0.642518
vt 0.643312 0.638984
s 1
f 287/438/275 293/439/281 264/440/252 258/441/246
f 301/442/289 307/443/295 294/444/282 286/445/274
f 306/446/294 278/447/266 265/448/253 292/449/280
f 259/445/247 266/444/254 280/443/268 272/442/260
f 273/441/261 279/440/267 308/439/296 300/438/288
f 257/448/245 260/450/248 261/451/249 263/452/251
f 258/441/246 262/453/250 261/454/249 260/455/248
f 259/445/247 263/456/251 261/457/249 262/458/250
f 264/440/252 267/459/255 268/460/256 270/461/258
f 265/448/253 269/452/257 268/451/256 267/450/255
f 266/444/254 270/462/258 268/463/256 269/464/257
f 271/447/259 274/465/262 275/466/263 277/467/265
f 272/442/260 276/468/264 275/469/263 274/470/262
f 273/441/261 277/455/265 275/454/263 276/453/264
f 278/447/266 281/467/269 282/466/270 284/465/272
f 279/440/267 283/461/271 282/460/270 281/459/269
f 280/443/268 284/471/272 282/472/270 283/473/271
f 285/449/273 288/474/276 289/475/277 291/476/279
f 286/445/274 290/458/278 289/457/277 288/456/276
f 287/438/275 291/477/279 289/478/277 290/479/278
f 292/449/280 295/476/283 296/475/284 298/474/286
f 293/439/281 297/480/285 296/481/284 295/482/283
f 294/444/282 298/464/286 296/463/284 297/462/285
f 299/446/287 302/483/290 303/484/291 305/485/293
f 300/438/288 304/479/292 303/478/291 302/477/290
f 301/442/289 305/470/293 303/469/291 304/468/292
f 306/446/294 309/485/297 310/484/298 312/483/300
f 307/443/295 311/473/299 310/472/298 309/471/297
f 308/439/296 312/482/300 310/481/298 311/480/299
f 271/447/259 257/448/245 263/452/251 274/465/262
f 274/470/262 263/456/251 259/445/247 272/442/260
f 258/441/246 264/440/252 270/461/258 262/453/250
f 262/458/250 270/462/258 266/444/254 259/445/247
f 265/448/253 278/447/266 284/465/272 269/452/257
f 269/464/257 284/471/272 280/443/268 266/444/254
f 279/440/267 273/441/261 276/453/264 283/461/271
f 283/473/271 276/468/264 272/442/260 280/443/268
f 299/446/287 271/447/259 277/467/265 302/483/290
f 302/477/290 277/455/265 273/441/261 300/438/288
f 278/447/266 306/446/294 312/483/300 281/467/269
f 281/459/269 312/482/300 308/439/296 279/440/267
f 307/443/295 301/442/289 304/468/292 311/473/299
f 311/480/299 304/479/292 300/438/288 308/439/296
f 285/449/273 299/446/287 305/485/293 288/474/276
f 288/456/276 305/470/293 301/442/289 286/445/274
f 306/446/294 292/449/280 298/474/286 309/485/297
f 309/471/297 298/464/286 294/444/282 307/443/295
f 293/439/281 287/438/275 290/479/278 297/480/285
f 297/462/285 290/458/278 286/445/274 294/444/282
f 257/448/245 285/449/273 291/476/279 260/450/248
f 260/455/248 291/477/279 287/438/275 258/441/246
f 292/449/280 265/448/253 267/450/255 295/476/283
f 295/482/283 267/459/255 264/440/252 293/439/281
f 271/447/259 299/446/287 285/449/273 257/448/245
o Cube.018
v -14.343535 2.428407 -4.181565
v -14.343535 2.434528 -4.175445
v -14.349657 2.434528 -4.181565
v -14.343535 2.430200 -4.177237
v -14.347070 2.430994 -4.178031
v -14.347864 2.434528 -4.177237
v -14.347864 2.430200 -4.181565
v -14.343535 2.884927 -4.175445
v -14.343535 2.891048 -4.181565
v -14.349657 2.884927 -4.181565
v -14.343535 2.889255 -4.177237
v -14.347070 2.888461 -4.178031
v -14.347864 2.889255 -4.181565
v -14.347864 2.884927 -4.177237
v -14.343535 2.428407 -4.459533
v -14.349657 2.434528 -4.459533
v -14.343535 2.434528 -4.465653
v -14.347864 2.430200 -4.459533
v -14.347070 2.430994 -4.463067
v -14.347864 2.434528 -4.463861
v -14.343535 2.430200 -4.463861
v -14.343535 2.891048 -4.459533
v -14.343535 2.884927 -4.465653
v -14.349657 2.884927 -4.459533
v -14.343535 2.889255 -4.463861
v -14.347070 2.888461 -4.463067
v -14.347864 2.884927 -4.463861
v -14.347864 2.889255 -4.459533
v -14.065570 2.428407 -4.181565
v -14.059448 2.434528 -4.181565
v -14.065570 2.434528 -4.175445
v -14.061241 2.430200 -4.181565
v -14.062035 2.430994 -4.178031
v -14.061241 2.434528 -4.177237
v -14.065570 2.430200 -4.177237
v -14.065570 2.891048 -4.181565
v -14.065570 2.884927 -4.175445
v -14.059448 2.884927 -4.181565
v -14.065570 2.889255 -4.177237
v -14.062035 2.888461 -4.178031
v -14.061241 2.884927 -4.177237
v -14.061241 2.889255 -4.181565
v -14.065570 2.428407 -4.459533
v -14.065570 2.434528 -4.465653
v -14.059448 2.434528 -4.459533
v -14.065570 2.430200 -4.463861
v -14.062035 2.430994 -4.463067
v -14.061241 2.434528 -4.463861
v -14.061241 2.430200 -4.459533
v -14.065570 2.891048 -4.459533
v -14.059448 2.884927 -4.459533
v -14.065570 2.884927 -4.465653
v -14.061241 2.889255 -4.459533
v -14.062035 2.888461 -4.463067
v -14.061241 2.884927 -4.463861
v -14.065570 2.889255 -4.463861
vn -0.1794 -0.9673 0.1794
vn -0.1794 -0.1794 0.9673
vn -0.9673 -0.1794 0.1794
vn -0.1726 -0.6965 0.6965
vn -0.5773 -0.5773 0.5774
vn -0.6965 -0.1726 0.6965
vn -0.6965 -0.6965 0.1726
vn -0.1794 0.1794 0.9673
vn -0.1794 0.9673 0.1794
vn -0.9673 0.1794 0.1794
vn -0.1726 0.6965 0.6965
vn -0.5773 0.5773 0.5774
vn -0.6965 0.6965 0.1726
vn -0.6965 0.1726 0.6965
vn -0.1794 -0.9673 -0.1794
vn -0.9673 -0.1794 -0.1794
vn -0.1794 -0.1794 -0.9673
vn -0.6965 -0.6965 -0.1726
vn -0.5773 -0.5773 -0.5774
vn -0.6965 -0.1726 -0.6965
vn -0.1726 -0.6965 -0.6965
vn -0.1794 0.9673 -0.1794
vn -0.1794 0.1794 -0.9673
vn -0.9673 0.1794 -0.1794
vn -0.1726 0.6965 -0.6965
vn -0.5773 0.5773 -0.5774
vn -0.6965 0.1726 -0.6965
vn -0.6965 0.6965 -0.1726
vn 0.1794 -0.9673 0.1794
vn 0.9673 -0.1794 0.1794
vn 0.1794 -0.1794 0.9673
vn 0.6965 -0.6965 0.1726
vn 0.5773 -0.5773 0.5774
vn 0.6965 -0.1726 0.6965
vn 0.1726 -0.6965 0.6965
vn 0.1794 0.9673 0.1794
vn 0.1794 0.1794 0.9673
vn 0.9673 0.1794 0.1794
vn 0.1726 0.6965 0.6965
vn 0.5773 0.5773 0.5774
vn 0.6965 0.1726 0.6965
vn 0.6965 0.6965 0.1726
vn 0.1794 -0.9673 -0.1794
vn 0.1794 -0.1794 -0.9673
vn 0.9673 -0.1794 -0.1794
vn 0.1726 -0.6965 -0.6965
vn 0.5773 -0.5773 -0.5774
vn 0.6965 -0.1726 -0.6965
vn 0.6965 -0.6965 -0.1726
vn 0.1794 0.9673 -0.1794
vn 0.9673 0.1794 -0.1794
vn 0.1794 0.1794 -0.9673
vn 0.6965 0.6965 -0.1726
vn 0.5773 0.5773 -0.5774
vn 0.6965 0.1726 -0.6965
vn 0.1726 0.6965 -0.6965
vt 0.638983 0.274801
vt 0.638983 0.725199
vt 0.361017 0.725199
vt 0.361017 0.274801
vt 0.638984 0.274801
vt 0.638984 0.725199
vt 0.361016 0.725199
vt 0.361016 0.274801
vt 0.638983 0.638984
vt 0.361017 0.638984
vt 0.361017 0.361016
vt 0.638983 0.361016
vt 0.361017 0.356688
vt 0.357483 0.357482
vt 0.356688 0.361016
vt 0.356688 0.274801
vt 0.357483 0.271267
vt 0.361017 0.270472
vt 0.361016 0.270472
vt 0.357482 0.271267
vt 0.356688 0.274801
vt 0.361017 0.729528
vt 0.357483 0.728733
vt 0.356688 0.725199
vt 0.356688 0.725199
vt 0.357482 0.728733
vt 0.361016 0.729528
vt 0.356688 0.638984
vt 0.357483 0.642518
vt 0.361017 0.643312
vt 0.643312 0.274801
vt 0.642518 0.271267
vt 0.638984 0.270472
vt 0.638984 0.729528
vt 0.642518 0.728733
vt 0.643312 0.725199
vt 0.643312 0.361016
vt 0.642517 0.357482
vt 0.638983 0.356688
vt 0.638983 0.270472
vt 0.642517 0.271267
vt 0.643312 0.274801
vt 0.643312 0.725199
vt 0.642517 0.728733
vt 0.638983 0.729528
vt 0.638983 0.643312
vt 0.642517 0.642518
vt 0.643312 0.638984
s 1
f 343/486/331 349/487/337 320/488/308 314/489/302
f 357/490/345 363/491/351 350/492/338 342/493/330
f 362/494/350 334/495/322 321/496/309 348/497/336
f 315/493/303 322/492/310 336/491/324 328/490/316
f 329/489/317 335/488/323 364/487/352 356/486/344
f 313/496/301 316/498/304 317/499/305 319/500/307
f 314/489/302 318/501/306 317/502/305 316/503/304
f 315/493/303 319/504/307 317/505/305 318/506/306
f 320/488/308 323/507/311 324/508/312 326/509/314
f 321/496/309 325/500/313 324/499/312 323/498/311
f 322/492/310 326/510/314 324/511/312 325/512/313
f 327/495/315 330/513/318 331/514/319 333/515/321
f 328/490/316 332/516/320 331/517/319 330/518/318
f 329/489/317 333/503/321 331/502/319 332/501/320
f 334/495/322 337/515/325 338/514/326 340/513/328
f 335/488/323 339/509/327 338/508/326 337/507/325
f 336/491/324 340/519/328 338/520/326 339/521/327
f 341/497/329 344/522/332 345/523/333 347/524/335
f 342/493/330 346/506/334 345/505/333 344/504/332
f 343/486/331 347/525/335 345/526/333 346/527/334
f 348/497/336 351/524/339 352/523/340 354/522/342
f 349/487/337 353/528/341 352/529/340 351/530/339
f 350/492/338 354/512/342 352/511/340 353/510/341
f 355/494/343 358/531/346 359/532/347 361/533/349
f 356/486/344 360/527/348 359/526/347 358/525/346
f 357/490/345 361/518/349 359/517/347 360/516/348
f 362/494/350 365/533/353 366/532/354 368/531/356
f 363/491/351 367/521/355 366/520/354 365/519/353
f 364/487/352 368/530/356 366/529/354 367/528/355
f 327/495/315 313/496/301 319/500/307 330/513/318
f 330/518/318 319/504/307 315/493/303 328/490/316
f 314/489/302 320/488/308 326/509/314 318/501/306
f 318/506/306 326/510/314 322/492/310 315/493/303
f 321/496/309 334/495/322 340/513/328 325/500/313
f 325/512/313 340/519/328 336/491/324 322/492/310
f 335/488/323 329/489/317 332/501/320 339/509/327
f 339/521/327 332/516/320 328/490/316 336/491/324
f 355/494/343 327/495/315 333/515/321 358/531/346
f 358/525/346 333/503/321 329/489/317 356/486/344
f 334/495/322 362/494/350 368/531/356 337/515/325
f 337/507/325 368/530/356 364/487/352 335/488/323
f 363/491/351 357/490/345 360/516/348 367/521/355
f 367/528/355 360/527/348 356/486/344 364/487/352
f 341/497/329 355/494/343 361/533/349 344/522/332
f 344/504/332 361/518/349 357/490/345 342/493/330
f 362/494/350 348/497/336 354/522/342 365/533/353
f 365/519/353 354/512/342 350/492/338 363/491/351
f 349/487/337 343/486/331 346/527/334 353/528/341
f 353/510/341 346/506/334 342/493/330 350/492/338
f 313/496/301 341/497/329 347/524/335 316/498/304
f 316/503/304 347/525/335 343/486/331 314/489/302
f 348/497/336 321/496/309 323/498/311 351/524/339
f 351/530/339 323/507/311 320/488/308 349/487/337
f 327/495/315 355/494/343 341/497/329 313/496/301
o Plane.040
v -14.095179 5.192241 0.027581
v -14.095179 5.084651 0.027581
v -14.095179 5.085795 -0.169277
v -14.095179 5.192241 -0.169277
v -9.595548 5.192241 0.027581
v -9.595548 5.084651 0.039865
v -9.595548 5.085796 -0.181561
v -9.595548 5.192241 -0.169277
v -14.095179 5.299831 0.027581
v -14.095179 5.298687 -0.169277
v -9.595548 5.299831 0.039865
v -9.595548 5.298687 -0.181561
v -14.094748 5.185561 0.014243
v -14.094856 5.084081 0.017598
v -14.094857 5.085219 -0.159294
v -14.094748 5.185560 -0.155939
v -9.595118 5.185561 0.014243
v -9.595226 5.084082 0.029881
v -9.595226 5.085220 -0.171578
v -9.595118 5.185561 -0.155939
v -14.094856 5.300401 0.017598
v -14.094857 5.299263 -0.159294
v -9.595226 5.300401 0.029881
v -9.595226 5.299263 -0.171578
vn -0.0000 1.0000 -0.0000
vn -0.0014 0.0576 -0.9983
vn -0.0014 0.0570 0.9984
vn -0.0014 -0.0576 -0.9983
vn -0.0014 -0.0570 0.9984
vn -0.0000 -1.0000 -0.0000
vn 0.0014 -0.0942 0.9955
vn 0.0014 -0.0932 -0.9956
vn 0.0014 0.0832 0.9965
vn 0.0014 0.0824 -0.9966
vn -0.9995 -0.0000 -0.0322
vn -0.9995 -0.0000 0.0322
vn -0.9979 -0.0642 -0.0000
vn 0.9995 0.0036 0.0311
vn 0.9995 0.0037 -0.0311
vn 0.9979 0.0642 -0.0000
vn -0.0002 -0.9983 -0.0576
vn -0.0002 -0.9984 0.0570
vn 0.9994 -0.0037 0.0332
vn 0.9994 -0.0037 -0.0332
vn -0.0002 0.9983 -0.0576
vn -0.0002 0.9984 0.0570
vt 0.605492 0.003652
vt 0.394508 0.003652
vt 0.394508 0.996265
vt 0.605492 0.996265
vt 0.612294 0.003652
vt 0.498210 0.003652
vt 0.498210 0.996265
vt 0.612294 0.996265
vt 0.613520 0.003652
vt 0.613520 0.996265
vt 0.384126 0.003652
vt 0.384126 0.996265
vt 0.382900 0.996265
vt 0.382900 0.003652
vt 0.591196 0.003747
vt 0.591196 0.996360
vt 0.408803 0.996360
vt 0.408803 0.003747
vt 0.612911 0.003723
vt 0.612911 0.996336
vt 0.505370 0.996360
vt 0.505370 0.003747
vt 0.505370 0.003747
vt 0.505370 0.996360
vt 0.614131 0.996336
vt 0.614131 0.003723
vt 0.383509 0.003723
vt 0.383509 0.996336
vt 0.382289 0.003723
vt 0.382289 0.996336
vt 0.613520 0.394508
vt 0.498210 0.394508
vt 0.505370 0.408803
vt 0.614131 0.405208
vt 0.498210 0.605492
vt 0.612294 0.605492
vt 0.612911 0.594793
vt 0.505370 0.591196
vt 0.613520 0.381343
vt 0.614131 0.392042
vt 0.612294 0.618657
vt 0.612911 0.607958
vt 0.618657 0.996265
vt 0.607958 0.996336
vt 0.594793 0.003723
vt 0.381343 0.996265
vt 0.405208 0.003723
vt 0.392042 0.996336
vt 0.382900 0.394508
vt 0.382289 0.405208
vt 0.384126 0.605492
vt 0.383509 0.594793
vt 0.382900 0.381343
vt 0.382289 0.392042
vt 0.384126 0.618657
vt 0.383509 0.607958
s 0
f 372/534/357 369/535/357 373/536/357 376/537/357
f 371/538/358 372/539/358 376/540/358 375/541/358
f 369/539/359 370/542/359 374/543/359 373/540/359
f 378/544/360 380/545/360 376/540/360 372/539/360
f 369/539/361 373/540/361 379/546/361 377/547/361
f 384/548/362 388/549/362 385/550/362 381/551/362
f 383/552/363 387/553/363 388/554/363 384/555/363
f 381/556/364 385/557/364 386/558/364 382/559/364
f 390/560/365 384/555/365 388/554/365 392/561/365
f 381/556/366 389/562/366 391/563/366 385/557/366
f 370/564/367 369/565/367 381/566/367 382/567/367
f 372/568/368 371/569/368 383/570/368 384/571/368
f 369/565/369 372/568/369 384/571/369 381/566/369
f 373/565/370 374/572/370 386/573/370 385/566/370
f 375/574/371 376/568/371 388/571/371 387/575/371
f 376/568/372 373/565/372 385/566/372 388/571/372
f 371/534/373 375/576/373 387/577/373 383/578/373
f 374/579/374 370/535/374 382/580/374 386/581/374
f 369/565/367 377/582/367 389/583/367 381/566/367
f 378/584/368 372/568/368 384/571/368 390/585/368
f 379/586/375 373/565/375 385/566/375 391/587/375
f 376/568/376 380/588/376 392/589/376 388/571/376
f 380/576/377 378/534/377 390/578/377 392/577/377
f 377/535/378 379/579/378 391/581/378 389/580/378
o Plane.041
v -14.226402 2.588877 -4.225684
v -14.118813 2.588877 -4.225684
v -14.119957 2.588877 -4.422542
v -14.226402 2.588877 -4.422542
v -14.226402 5.084081 -4.225684
v -14.118813 5.084081 -4.213400
v -14.119957 5.084081 -4.434826
v -14.226402 5.084081 -4.422542
v -14.333993 2.588877 -4.225684
v -14.332849 2.588877 -4.422542
v -14.333993 5.084081 -4.213400
v -14.332849 5.084081 -4.434826
v -14.219723 2.589115 -4.239022
v -14.118243 2.589055 -4.235667
v -14.119381 2.589055 -4.412559
v -14.219722 2.589115 -4.409204
v -14.219723 5.084319 -4.239022
v -14.118243 5.084259 -4.223383
v -14.119381 5.084259 -4.424843
v -14.219722 5.084319 -4.409204
v -14.334562 2.589055 -4.235667
v -14.333425 2.589055 -4.412559
v -14.334562 5.084259 -4.223383
v -14.333425 5.084259 -4.424843
vn -1.0000 -0.0000 -0.0000
vn -0.0576 -0.0025 -0.9983
vn -0.0570 -0.0025 0.9984
vn 0.0576 -0.0025 -0.9983
vn 0.0570 -0.0025 0.9984
vn 1.0000 -0.0000 -0.0000
vn 0.0942 0.0025 0.9955
vn 0.0932 0.0025 -0.9956
vn -0.0832 0.0025 0.9965
vn -0.0824 0.0025 -0.9966
vn -0.0000 -0.9998 -0.0179
vn -0.0000 -0.9998 0.0179
vn 0.0356 -0.9994 -0.0000
vn -0.0020 0.9998 0.0172
vn -0.0020 0.9998 -0.0172
vn -0.0356 0.9994 -0.0000
vn 0.9983 -0.0003 -0.0576
vn 0.9984 -0.0003 0.0570
vn 0.0020 0.9998 0.0184
vn 0.0021 0.9998 -0.0184
vn -0.9983 -0.0003 -0.0576
vn -0.9984 -0.0003 0.0570
vt 0.605492 -0.837237
vt 0.394508 -0.837237
vt 0.394508 1.837014
vt 0.605492 1.837014
vt 0.612294 -0.837237
vt 0.498210 -0.837237
vt 0.498210 1.837014
vt 0.612294 1.837014
vt 0.613520 -0.837237
vt 0.613520 1.837014
vt 0.384126 -0.837237
vt 0.384126 1.837014
vt 0.382900 1.837014
vt 0.382900 -0.837237
vt 0.591196 -0.836982
vt 0.591196 1.837269
vt 0.408803 1.837269
vt 0.408803 -0.836982
vt 0.612911 -0.837046
vt 0.612911 1.837205
vt 0.505370 1.837269
vt 0.505370 -0.836982
vt 0.505370 -0.836982
vt 0.505370 1.837269
vt 0.614131 1.837205
vt 0.614131 -0.837046
vt 0.383509 -0.837046
vt 0.383509 1.837205
vt 0.382289 -0.837046
vt 0.382289 1.837205
vt 0.613520 0.394508
vt 0.498210 0.394508
vt 0.505370 0.408803
vt 0.614131 0.405208
vt 0.498210 0.605492
vt 0.612294 0.605492
vt 0.612911 0.594793
vt 0.505370 0.591196
vt 0.613520 0.381343
vt 0.614131 0.392042
vt 0.612294 0.618657
vt 0.612911 0.607958
vt 0.618657 1.837014
vt 0.607958 1.837205
vt 0.594793 -0.837046
vt 0.381343 1.837014
vt 0.405208 -0.837046
vt 0.392042 1.837205
vt 0.382900 0.394508
vt 0.382289 0.405208
vt 0.384126 0.605492
vt 0.383509 0.594793
vt 0.382900 0.381343
vt 0.382289 0.392042
vt 0.384126 0.618657
vt 0.383509 0.607958
s 0
f 396/590/379 393/591/379 397/592/379 400/593/379
f 395/594/380 396/595/380 400/596/380 399/597/380
f 393/595/381 394/598/381 398/599/381 397/596/381
f 402/600/382 404/601/382 400/596/382 396/595/382
f 393/595/383 397/596/383 403/602/383 401/603/383
f 408/604/384 412/605/384 409/606/384 405/607/384
f 407/608/385 411/609/385 412/610/385 408/611/385
f 405/612/386 409/613/386 410/614/386 406/615/386
f 414/616/387 408/611/387 412/610/387 416/617/387
f 405/612/388 413/618/388 415/619/388 409/613/388
f 394/620/389 393/621/389 405/622/389 406/623/389
f 396/624/390 395/625/390 407/626/390 408/627/390
f 393/621/391 396/624/391 408/627/391 405/622/391
f 397/621/392 398/628/392 410/629/392 409/622/392
f 399/630/393 400/624/393 412/627/393 411/631/393
f 400/624/394 397/621/394 409/622/394 412/627/394
f 395/590/395 399/632/395 411/633/395 407/634/395
f 398/635/396 394/591/396 406/636/396 410/637/396
f 393/621/389 401/638/389 413/639/389 405/622/389
f 402/640/390 396/624/390 408/627/390 414/641/390
f 403/642/397 397/621/397 409/622/397 415/643/397
f 400/624/398 404/644/398 416/645/398 412/627/398
f 404/632/399 402/590/399 414/634/399 416/633/399
f 401/591/400 403/635/400 415/637/400 413/636/400
o Plane.042
v -14.095179 5.192241 -4.231132
v -14.095179 5.084651 -4.231132
v -14.095179 5.085795 -4.427990
v -14.095179 5.192241 -4.427990
v -9.595548 5.192241 -4.231132
v -9.595548 5.084651 -4.218848
v -9.595548 5.085796 -4.440274
v -9.595548 5.192241 -4.427990
v -14.095179 5.299831 -4.231132
v -14.095179 5.298687 -4.427990
v -9.595548 5.299831 -4.218848
v -9.595548 5.298687 -4.440274
v -14.094748 5.185561 -4.244471
v -14.094856 5.084081 -4.241116
v -14.094857 5.085219 -4.418007
v -14.094748 5.185560 -4.414652
v -9.595118 5.185561 -4.244471
v -9.595226 5.084082 -4.228832
v -9.595226 5.085220 -4.430291
v -9.595118 5.185561 -4.414652
v -14.094856 5.300401 -4.241116
v -14.094857 5.299263 -4.418007
v -9.595226 5.300401 -4.228832
v -9.595226 5.299263 -4.430291
vn -0.0000 1.0000 -0.0000
vn -0.0014 0.0576 -0.9983
vn -0.0014 0.0570 0.9984
vn -0.0014 -0.0576 -0.9983
vn -0.0014 -0.0570 0.9984
vn -0.0000 -1.0000 -0.0000
vn 0.0014 -0.0942 0.9955
vn 0.0014 -0.0932 -0.9956
vn 0.0014 0.0832 0.9965
vn 0.0014 0.0824 -0.9966
vn -0.9995 -0.0000 -0.0322
vn -0.9995 -0.0000 0.0322
vn -0.9979 -0.0642 -0.0000
vn 0.9995 0.0036 0.0311
vn 0.9995 0.0037 -0.0311
vn 0.9979 0.0642 -0.0000
vn -0.0002 -0.9983 -0.0576
vn -0.0002 -0.9984 0.0570
vn 0.9994 -0.0037 0.0332
vn 0.9994 -0.0037 -0.0332
vn -0.0002 0.9983 -0.0576
vn -0.0002 0.9984 0.0570
vt 0.605492 0.003652
vt 0.394508 0.003652
vt 0.394508 0.996265
vt 0.605492 0.996265
vt 0.612294 0.003652
vt 0.498210 0.003652
vt 0.498210 0.996265
vt 0.612294 0.996265
vt 0.613520 0.003652
vt 0.613520 0.996265
vt 0.384126 0.003652
vt 0.384126 0.996265
vt 0.382900 0.996265
vt 0.382900 0.003652
vt 0.591196 0.003747
vt 0.591196 0.996360
vt 0.408803 0.996360
vt 0.408803 0.003747
vt 0.612911 0.003723
vt 0.612911 0.996336
vt 0.505370 0.996360
vt 0.505370 0.003747
vt 0.505370 0.003747
vt 0.505370 0.996360
vt 0.614131 0.996336
vt 0.614131 0.003723
vt 0.383509 0.003723
vt 0.383509 0.996336
vt 0.382289 0.003723
vt 0.382289 0.996336
vt 0.613520 0.394508
vt 0.498210 0.394508
vt 0.505370 0.408803
vt 0.614131 0.405208
vt 0.498210 0.605492
vt 0.612294 0.605492
vt 0.612911 0.594793
vt 0.505370 0.591196
vt 0.613520 0.381343
vt 0.614131 0.392042
vt 0.612294 0.618657
vt 0.612911 0.607958
vt 0.618657 0.996265
vt 0.607958 0.996336
vt 0.594793 0.003723
vt 0.381343 0.996265
vt 0.405208 0.003723
vt 0.392042 0.996336
vt 0.382900 0.394508
vt 0.382289 0.405208
vt 0.384126 0.605492
vt 0.383509 0.594793
vt 0.382900 0.381343
vt 0.382289 0.392042
vt 0.384126 0.618657
vt 0.383509 0.607958
s 0
f 420/646/401 417/647/401 421/648/401 424/649/401
f 419/650/402 420/651/402 424/652/402 423/653/402
f 417/651/403 418/654/403 422/655/403 421/652/403
f 426/656/404 428/657/404 424/652/404 420/651/404
f 417/651/405 421/652/405 427/658/405 425/659/405
f 432/660/406 436/661/406 433/662/406 429/663/406
f 431/664/407 435/665/407 436/666/407 432/667/407
f 429/668/408 433/669/408 434/670/408 430/671/408
f 438/672/409 432/667/409 436/666/409 440/673/409
f 429/668/410 437/674/410 439/675/410 433/669/410
f 418/676/411 417/677/411 429/678/411 430/679/411
f 420/680/412 419/681/412 431/682/412 432/683/412
f 417/677/413 420/680/413 432/683/413 429/678/413
f 421/677/414 422/684/414 434/685/414 433/678/414
f 423/686/415 424/680/415 436/683/415 435/687/415
f 424/680/416 421/677/416 433/678/416 436/683/416
f 419/646/417 423/688/417 435/689/417 431/690/417
f 422/691/418 418/647/418 430/692/418 434/693/418
f 417/677/411 425/694/411 437/695/411 429/678/411
f 426/696/412 420/680/412 432/683/412 438/697/412
f 427/698/419 421/677/419 433/678/419 439/699/419
f 424/680/420 428/700/420 440/701/420 436/683/420
f 428/688/421 426/646/421 438/690/421 440/689/421
f 425/647/422 427/691/422 439/693/422 437/692/422
o Plane.043
v -9.391152 5.192241 0.056000
v -9.391152 5.084651 0.056000
v -9.588011 5.085795 0.056000
v -9.588011 5.192241 0.056000
v -9.391153 5.192241 -4.443631
v -9.378869 5.084651 -4.443631
v -9.600295 5.085795 -4.443631
v -9.588012 5.192241 -4.443631
v -9.391152 5.299831 0.056000
v -9.588011 5.298686 0.056000
v -9.378869 5.299831 -4.443631
v -9.600295 5.298686 -4.443631
v -9.404491 5.185560 0.055570
v -9.401136 5.084081 0.055678
v -9.578028 5.085219 0.055678
v -9.574673 5.185560 0.055570
v -9.404491 5.185560 -4.444061
v -9.388853 5.084081 -4.443953
v -9.590312 5.085219 -4.443953
v -9.574673 5.185560 -4.444061
v -9.401136 5.300401 0.055678
v -9.578028 5.299262 0.055678
v -9.388853 5.300401 -4.443953
v -9.590312 5.299262 -4.443953
vn -0.0000 1.0000 -0.0000
vn -0.9983 0.0576 0.0014
vn 0.9984 0.0570 0.0014
vn -0.9983 -0.0576 0.0014
vn 0.9984 -0.0570 0.0014
vn -0.0000 -1.0000 -0.0000
vn 0.9955 -0.0942 -0.0014
vn -0.9956 -0.0932 -0.0014
vn 0.9965 0.0832 -0.0014
vn -0.9966 0.0824 -0.0014
vn -0.0322 -0.0000 0.9995
vn 0.0322 -0.0000 0.9995
vn -0.0000 -0.0642 0.9979
vn 0.0311 0.0036 -0.9995
vn -0.0311 0.0037 -0.9995
vn -0.0000 0.0642 -0.9979
vn -0.0576 -0.9983 0.0002
vn 0.0570 -0.9984 0.0002
vn 0.0332 -0.0037 -0.9994
vn -0.0332 -0.0037 -0.9994
vn -0.0576 0.9983 0.0002
vn 0.0570 0.9984 0.0002
vt 0.605492 0.003652
vt 0.394508 0.003652
vt 0.394508 0.996265
vt 0.605492 0.996265
vt 0.612294 0.003652
vt 0.498210 0.003652
vt 0.498210 0.996265
vt 0.612294 0.996265
vt 0.613520 0.003652
vt 0.613520 0.996265
vt 0.384126 0.003652
vt 0.384126 0.996265
vt 0.382900 0.996265
vt 0.382900 0.003652
vt 0.591196 0.003747
vt 0.591196 0.996360
vt 0.408803 0.996360
vt 0.408803 0.003747
vt 0.612911 0.003723
vt 0.612911 0.996336
vt 0.505370 0.996360
vt 0.505370 0.003747
vt 0.505370 0.003747
vt 0.505370 0.996360
vt 0.614131 0.996336
vt 0.614131 0.003723
vt 0.383509 0.003723
vt 0.383509 0.996336
vt 0.382289 0.003723
vt 0.382289 0.996336
vt 0.613520 0.394508
vt 0.498210 0.394508
vt 0.505370 0.408803
vt 0.614131 0.405208
vt 0.498210 0.605492
vt 0.612294 0.605492
vt 0.612911 0.594793
vt 0.505370 0.591196
vt 0.613520 0.381343
vt 0.614131 0.392042
vt 0.612294 0.618657
vt 0.612911 0.607958
vt 0.618657 0.996265
vt 0.607958 0.996336
vt 0.594793 0.003723
vt 0.381343 0.996265
vt 0.405208 0.003723
vt 0.392042 0.996336
vt 0.382900 0.394508
vt 0.382289 0.405208
vt 0.384126 0.605492
vt 0.383509 0.594793
vt 0.382900 0.381343
vt 0.382289 0.392042
vt 0.384126 0.618657
vt 0.383509 0.607958
s 0
f 444/702/423 441/703/423 445/704/423 448/705/423
f 443/706/424 444/707/424 448/708/424 447/709/424
f 441/707/425 442/710/425 446/711/425 445/708/425
f 450/712/426 452/713/426 448/708/426 444/707/426
f 441/707/427 445/708/427 451/714/427 449/715/427
f 456/716/428 460/717/428 457/718/428 453/719/428
f 455/720/429 459/721/429 460/722/429 456/723/429
f 453/724/430 457/725/430 458/726/430 454/727/430
f 462/728/431 456/723/431 460/722/431 464/729/431
f 453/724/432 461/730/432 463/731/432 457/725/432
f 442/732/433 441/733/433 453/734/433 454/735/433
f 444/736/434 443/737/434 455/738/434 456/739/434
f 441/733/435 444/736/435 456/739/435 453/734/435
f 445/733/436 446/740/436 458/741/436 457/734/436
f 447/742/437 448/736/437 460/739/437 459/743/437
f 448/736/438 445/733/438 457/734/438 460/739/438
f 443/702/439 447/744/439 459/745/439 455/746/439
f 446/747/440 442/703/440 454/748/440 458/749/440
f 441/733/433 449/750/433 461/751/433 453/734/433
f 450/752/434 444/736/434 456/739/434 462/753/434
f 451/754/441 445/733/441 457/734/441 463/755/441
f 448/736/442 452/756/442 464/757/442 460/739/442
f 452/744/443 450/702/443 462/746/443 464/745/443
f 449/703/444 451/747/444 463/749/444 461/748/444
o Plane.044
v -14.122751 5.192241 0.056000
v -14.122751 5.084651 0.056000
v -14.319610 5.085795 0.056000
v -14.319610 5.192241 0.056000
v -14.122752 5.192241 -4.443631
v -14.110468 5.084651 -4.443631
v -14.331894 5.085795 -4.443631
v -14.319611 5.192241 -4.443631
v -14.122751 5.299831 0.056000
v -14.319610 5.298686 0.056000
v -14.110468 5.299831 -4.443631
v -14.331894 5.298686 -4.443631
v -14.136090 5.185561 0.055570
v -14.132735 5.084081 0.055678
v -14.309627 5.085219 0.055678
v -14.306272 5.185560 0.055570
v -14.136090 5.185561 -4.444061
v -14.120452 5.084081 -4.443954
v -14.321911 5.085219 -4.443954
v -14.306272 5.185560 -4.444061
v -14.132735 5.300401 0.055678
v -14.309627 5.299262 0.055678
v -14.120452 5.300401 -4.443954
v -14.321911 5.299262 -4.443954
vn -0.0000 1.0000 -0.0000
vn -0.9983 0.0576 0.0014
vn 0.9984 0.0570 0.0014
vn -0.9983 -0.0576 0.0014
vn 0.9984 -0.0570 0.0014
vn -0.0000 -1.0000 -0.0000
vn 0.9955 -0.0942 -0.0014
vn -0.9956 -0.0932 -0.0014
vn 0.9965 0.0832 -0.0014
vn -0.9966 0.0824 -0.0014
vn -0.0322 -0.0000 0.9995
vn 0.0322 -0.0000 0.9995
vn -0.0000 -0.0642 0.9979
vn 0.0311 0.0036 -0.9995
vn -0.0311 0.0037 -0.9995
vn -0.0000 0.0643 -0.9979
vn -0.0576 -0.9983 0.0002
vn 0.0570 -0.9984 0.0002
vn 0.0332 -0.0037 -0.9994
vn -0.0332 -0.0037 -0.9994
vn -0.0576 0.9983 0.0002
vn 0.0570 0.9984 0.0002
vt 0.394508 -1.911456
vt 0.605492 -1.911456
vt 0.605492 2.911053
vt 0.394508 2.911053
vt -1.911456 0.387706
vt -1.911456 0.501790
vt 2.911053 0.501790
vt 2.911053 0.387706
vt -1.911456 0.386480
vt 2.911053 0.386480
vt -1.911456 0.615873
vt 2.911053 0.615873
vt 2.911053 0.617100
vt -1.911456 0.617100
vt 0.408804 -1.910995
vt 0.408804 2.911514
vt 0.591196 2.911514
vt 0.591197 -1.910995
vt -1.911111 0.387089
vt 2.911399 0.387089
vt 2.911514 0.494630
vt -1.910995 0.494630
vt -1.910995 0.494630
vt 2.911514 0.494630
vt 2.911399 0.385869
vt -1.911111 0.385869
vt -1.911111 0.616491
vt 2.911399 0.616491
vt -1.911111 0.617711
vt 2.911399 0.617711
vt 0.605492 0.386480
vt 0.605492 0.501790
vt 0.591197 0.494630
vt 0.594792 0.385869
vt 0.394508 0.501790
vt 0.394508 0.387706
vt 0.405208 0.387089
vt 0.408804 0.494630
vt 0.605492 0.501790
vt 0.618657 0.386480
vt 0.607957 0.385869
vt 0.591196 0.494630
vt 0.381343 0.387706
vt 0.394508 0.501790
vt 0.408804 0.494630
vt 0.392042 0.387089
vt 0.381343 2.911053
vt 0.392042 2.911399
vt 0.405208 -1.911111
vt 0.618657 2.911053
vt 0.594792 -1.911111
vt 0.607957 2.911399
vt 0.605492 0.617100
vt 0.594792 0.617711
vt 0.394508 0.615873
vt 0.405208 0.616491
vt 0.618657 0.617100
vt 0.607957 0.617711
vt 0.381343 0.615873
vt 0.392042 0.616491
vt 0.394508 -1.911456
vt 0.392042 2.911399
vt 0.618657 2.911053
s 0
f 468/758/445 465/759/445 469/760/445 472/761/445
f 467/762/446 468/763/446 472/764/446 471/765/446
f 465/763/447 466/766/447 470/767/447 469/764/447
f 474/768/448 476/769/448 472/764/448 468/763/448
f 465/763/449 469/764/449 475/770/449 473/771/449
f 480/772/450 484/773/450 481/774/450 477/775/450
f 479/776/451 483/777/451 484/778/451 480/779/451
f 477/780/452 481/781/452 482/782/452 478/783/452
f 486/784/453 480/779/453 484/778/453 488/785/453
f 477/780/454 485/786/454 487/787/454 481/781/454
f 466/788/455 465/789/455 477/790/455 478/791/455
f 468/792/456 467/793/456 479/794/456 480/795/456
f 465/789/457 468/792/457 480/795/457 477/790/457
f 469/796/458 470/797/458 482/798/458 481/799/458
f 471/800/459 472/801/459 484/802/459 483/803/459
f 472/801/460 469/796/460 481/799/460 484/802/460
f 467/758/461 471/804/461 483/805/461 479/806/461
f 470/807/462 466/759/462 478/808/462 482/809/462
f 465/789/455 473/810/455 485/811/455 477/790/455
f 474/812/456 468/792/456 480/795/456 486/813/456
f 475/814/463 469/796/463 481/799/463 487/815/463
f 472/801/464 476/816/464 488/817/464 484/802/464
f 476/804/465 474/818/465 486/806/465 488/819/465
f 473/759/466 475/820/466 487/809/466 485/808/466
o Plane.045
v -9.491171 2.588877 -4.225684
v -9.383581 2.588877 -4.225684
v -9.384726 2.588877 -4.422542
v -9.491171 2.588877 -4.422542
v -9.491171 5.084081 -4.225684
v -9.383581 5.084081 -4.213400
v -9.384726 5.084081 -4.434826
v -9.491171 5.084081 -4.422542
v -9.598762 2.588877 -4.225684
v -9.597616 2.588877 -4.422542
v -9.598762 5.084081 -4.213400
v -9.597616 5.084081 -4.434826
v -9.484491 2.589115 -4.239022
v -9.383011 2.589055 -4.235667
v -9.384150 2.589055 -4.412559
v -9.484491 2.589115 -4.409204
v -9.484491 5.084319 -4.239022
v -9.383011 5.084259 -4.223383
v -9.384150 5.084259 -4.424843
v -9.484491 5.084319 -4.409204
v -9.599331 2.589055 -4.235667
v -9.598192 2.589055 -4.412559
v -9.599331 5.084259 -4.223383
v -9.598192 5.084259 -4.424843
vn -1.0000 -0.0000 -0.0000
vn -0.0576 -0.0025 -0.9983
vn -0.0570 -0.0025 0.9984
vn 0.0576 -0.0025 -0.9983
vn 0.0570 -0.0025 0.9984
vn 1.0000 -0.0000 -0.0000
vn 0.0942 0.0025 0.9955
vn 0.0932 0.0025 -0.9956
vn -0.0832 0.0025 0.9965
vn -0.0824 0.0025 -0.9966
vn -0.0000 -0.9998 -0.0179
vn -0.0000 -0.9998 0.0179
vn 0.0356 -0.9994 -0.0000
vn -0.0020 0.9998 0.0172
vn -0.0020 0.9998 -0.0172
vn -0.0356 0.9994 -0.0000
vn 0.9983 -0.0003 -0.0576
vn 0.9984 -0.0003 0.0570
vn 0.0020 0.9998 0.0184
vn 0.0021 0.9998 -0.0184
vn -0.9983 -0.0003 -0.0576
vn -0.9984 -0.0003 0.0570
vt 0.605492 -0.837237
vt 0.394508 -0.837237
vt 0.394508 1.837014
vt 0.605492 1.837014
vt 0.612293 -0.837237
vt 0.498210 -0.837237
vt 0.498210 1.837014
vt 0.612293 1.837014
vt 0.613521 -0.837237
vt 0.613521 1.837014
vt 0.384127 -0.837237
vt 0.384127 1.837014
vt 0.382900 1.837014
vt 0.382900 -0.837237
vt 0.591196 -0.836982
vt 0.591196 1.837269
vt 0.408803 1.837269
vt 0.408803 -0.836982
vt 0.612911 -0.837046
vt 0.612911 1.837205
vt 0.505370 1.837269
vt 0.505370 -0.836982
vt 0.614131 1.837205
vt 0.614131 -0.837046
vt 0.383509 -0.837046
vt 0.383509 1.837205
vt 0.382289 -0.837046
vt 0.382289 1.837205
vt 0.613521 0.394508
vt 0.498210 0.394508
vt 0.505370 0.408803
vt 0.614131 0.405208
vt 0.498210 0.605492
vt 0.612293 0.605492
vt 0.612911 0.594793
vt 0.505370 0.591196
vt 0.613521 0.381343
vt 0.614131 0.392042
vt 0.612293 0.618657
vt 0.612911 0.607958
vt 0.618657 1.837014
vt 0.607958 1.837205
vt 0.594793 -0.837046
vt 0.381343 1.837014
vt 0.405208 -0.837046
vt 0.392042 1.837205
vt 0.382900 0.394508
vt 0.382289 0.405208
vt 0.384127 0.605492
vt 0.383509 0.594793
vt 0.382900 0.381343
vt 0.382289 0.392042
vt 0.384127 0.618657
vt 0.383509 0.607958
s 0
f 492/821/467 489/822/467 493/823/467 496/824/467
f 491/825/468 492/826/468 496/827/468 495/828/468
f 489/826/469 490/829/469 494/830/469 493/827/469
f 498/831/470 500/832/470 496/827/470 492/826/470
f 489/826/471 493/827/471 499/833/471 497/834/471
f 504/835/472 508/836/472 505/837/472 501/838/472
f 503/839/473 507/840/473 508/841/473 504/842/473
f 501/842/474 505/841/474 506/843/474 502/844/474
f 510/845/475 504/842/475 508/841/475 512/846/475
f 501/842/476 509/847/476 511/848/476 505/841/476
f 490/849/477 489/850/477 501/851/477 502/852/477
f 492/853/478 491/854/478 503/855/478 504/856/478
f 489/850/479 492/853/479 504/856/479 501/851/479
f 493/850/480 494/857/480 506/858/480 505/851/480
f 495/859/481 496/853/481 508/856/481 507/860/481
f 496/853/482 493/850/482 505/851/482 508/856/482
f 491/821/483 495/861/483 507/862/483 503/863/483
f 494/864/484 490/822/484 502/865/484 506/866/484
f 489/850/477 497/867/477 509/868/477 501/851/477
f 498/869/478 492/853/478 504/856/478 510/870/478
f 499/871/485 493/850/485 505/851/485 511/872/485
f 496/853/486 500/873/486 512/874/486 508/856/486
f 500/861/487 498/821/487 510/863/487 512/862/487
f 497/822/488 499/864/488 511/866/488 509/865/488
o Cube.019
v -9.621589 5.017283 0.059542
v -9.621589 5.023405 0.065663
v -9.627710 5.023405 0.059542
v -9.621589 5.019076 0.063870
v -9.625123 5.019871 0.063076
v -9.625917 5.023405 0.063870
v -9.625917 5.019076 0.059542
v -9.621589 5.473804 0.065663
v -9.621589 5.479925 0.059542
v -9.627710 5.473804 0.059542
v -9.621589 5.478132 0.063870
v -9.625123 5.477337 0.063076
v -9.625917 5.478132 0.059542
v -9.625917 5.473804 0.063870
v -9.621589 5.017283 -0.218425
v -9.627710 5.023405 -0.218425
v -9.621589 5.023405 -0.224546
v -9.625917 5.019076 -0.218425
v -9.625123 5.019871 -0.221959
v -9.625917 5.023405 -0.222753
v -9.621589 5.019076 -0.222753
v -9.621589 5.479925 -0.218425
v -9.621589 5.473804 -0.224546
v -9.627710 5.473804 -0.218425
v -9.621589 5.478132 -0.222753
v -9.625123 5.477337 -0.221959
v -9.625917 5.473804 -0.222753
v -9.625917 5.478132 -0.218425
v -9.343623 5.017283 0.059542
v -9.337502 5.023405 0.059542
v -9.343623 5.023405 0.065663
v -9.339294 5.019076 0.059542
v -9.340088 5.019871 0.063076
v -9.339294 5.023405 0.063870
v -9.343623 5.019076 0.063870
v -9.343623 5.479925 0.059542
v -9.343623 5.473804 0.065663
v -9.337502 5.473804 0.059542
v -9.343623 5.478132 0.063870
v -9.340088 5.477337 0.063076
v -9.339294 5.473804 0.063870
v -9.339294 5.478132 0.059542
v -9.343623 5.017283 -0.218425
v -9.343623 5.023405 -0.224546
v -9.337502 5.023405 -0.218425
v -9.343623 5.019076 -0.222753
v -9.340088 5.019871 -0.221959
v -9.339294 5.023405 -0.222753
v -9.339294 5.019076 -0.218425
v -9.343623 5.479925 -0.218425
v -9.337502 5.473804 -0.218425
v -9.343623 5.473804 -0.224546
v -9.339294 5.478132 -0.218425
v -9.340088 5.477337 -0.221959
v -9.339294 5.473804 -0.222753
v -9.343623 5.478132 -0.222753
vn -0.1794 -0.9673 0.1794
vn -0.1794 -0.1794 0.9673
vn -0.9673 -0.1794 0.1794
vn -0.1726 -0.6965 0.6965
vn -0.5773 -0.5773 0.5774
vn -0.6965 -0.1726 0.6965
vn -0.6965 -0.6965 0.1726
vn -0.1794 0.1794 0.9673
vn -0.1794 0.9673 0.1794
vn -0.9673 0.1794 0.1794
vn -0.1726 0.6965 0.6965
vn -0.5773 0.5773 0.5774
vn -0.6965 0.6965 0.1726
vn -0.6965 0.1726 0.6965
vn -0.1794 -0.9673 -0.1794
vn -0.9673 -0.1794 -0.1794
vn -0.1794 -0.1794 -0.9673
vn -0.6965 -0.6965 -0.1726
vn -0.5773 -0.5773 -0.5774
vn -0.6965 -0.1726 -0.6965
vn -0.1726 -0.6965 -0.6965
vn -0.1794 0.9673 -0.1794
vn -0.1794 0.1794 -0.9673
vn -0.9673 0.1794 -0.1794
vn -0.1726 0.6965 -0.6965
vn -0.5773 0.5773 -0.5774
vn -0.6965 0.1726 -0.6965
vn -0.6965 0.6965 -0.1726
vn 0.1794 -0.9673 0.1794
vn 0.9673 -0.1794 0.1794
vn 0.1794 -0.1794 0.9673
vn 0.6965 -0.6965 0.1726
vn 0.5773 -0.5773 0.5774
vn 0.6965 -0.1726 0.6965
vn 0.1726 -0.6965 0.6965
vn 0.1794 0.9673 0.1794
vn 0.1794 0.1794 0.9673
vn 0.9673 0.1794 0.1794
vn 0.1726 0.6965 0.6965
vn 0.5773 0.5773 0.5774
vn 0.6965 0.1726 0.6965
vn 0.6965 0.6965 0.1726
vn 0.1794 -0.9673 -0.1794
vn 0.1794 -0.1794 -0.9673
vn 0.9673 -0.1794 -0.1794
vn 0.1726 -0.6965 -0.6965
vn 0.5773 -0.5773 -0.5774
vn 0.6965 -0.1726 -0.6965
vn 0.6965 -0.6965 -0.1726
vn 0.1794 0.9673 -0.1794
vn 0.9673 0.1794 -0.1794
vn 0.1794 0.1794 -0.9673
vn 0.6965 0.6965 -0.1726
vn 0.5773 0.5773 -0.5774
vn 0.6965 0.1726 -0.6965
vn 0.1726 0.6965 -0.6965
vt 0.638983 0.274801
vt 0.638983 0.725199
vt 0.361017 0.725199
vt 0.361017 0.274801
vt 0.638984 0.274801
vt 0.638984 0.725199
vt 0.361016 0.725199
vt 0.361016 0.274801
vt 0.638983 0.638984
vt 0.361017 0.638984
vt 0.361017 0.361016
vt 0.638983 0.361016
vt 0.361017 0.356688
vt 0.357483 0.357482
vt 0.356688 0.361016
vt 0.356688 0.274801
vt 0.357483 0.271267
vt 0.361017 0.270472
vt 0.361016 0.270472
vt 0.357482 0.271267
vt 0.356688 0.274801
vt 0.361017 0.729528
vt 0.357483 0.728733
vt 0.356688 0.725199
vt 0.356688 0.725199
vt 0.357482 0.728733
vt 0.361016 0.729528
vt 0.356688 0.638984
vt 0.357483 0.642518
vt 0.361017 0.643312
vt 0.643312 0.274801
vt 0.642518 0.271267
vt 0.638984 0.270472
vt 0.638984 0.729528
vt 0.642518 0.728733
vt 0.643312 0.725199
vt 0.643312 0.361016
vt 0.642517 0.357482
vt 0.638983 0.356688
vt 0.638983 0.270472
vt 0.642517 0.271267
vt 0.643312 0.274801
vt 0.643312 0.725199
vt 0.642517 0.728733
vt 0.638983 0.729528
vt 0.638983 0.643312
vt 0.642517 0.642518
vt 0.643312 0.638984
s 1
f 543/875/519 549/876/525 520/877/496 514/878/490
f 557/879/533 563/880/539 550/881/526 542/882/518
f 562/883/538 534/884/510 521/885/497 548/886/524
f 515/882/491 522/881/498 536/880/512 528/879/504
f 529/878/505 535/877/511 564/876/540 556/875/532
f 513/885/489 516/887/492 517/888/493 519/889/495
f 514/878/490 518/890/494 517/891/493 516/892/492
f 515/882/491 519/893/495 517/894/493 518/895/494
f 520/877/496 523/896/499 524/897/500 526/898/502
f 521/885/497 525/889/501 524/888/500 523/887/499
f 522/881/498 526/899/502 524/900/500 525/901/501
f 527/884/503 530/902/506 531/903/507 533/904/509
f 528/879/504 532/905/508 531/906/507 530/907/506
f 529/878/505 533/892/509 531/891/507 532/890/508
f 534/884/510 537/904/513 538/903/514 540/902/516
f 535/877/511 539/898/515 538/897/514 537/896/513
f 536/880/512 540/908/516 538/909/514 539/910/515
f 541/886/517 544/911/520 545/912/521 547/913/523
f 542/882/518 546/895/522 545/894/521 544/893/520
f 543/875/519 547/914/523 545/915/521 546/916/522
f 548/886/524 551/913/527 552/912/528 554/911/530
f 549/876/525 553/917/529 552/918/528 551/919/527
f 550/881/526 554/901/530 552/900/528 553/899/529
f 555/883/531 558/920/534 559/921/535 561/922/537
f 556/875/532 560/916/536 559/915/535 558/914/534
f 557/879/533 561/907/537 559/906/535 560/905/536
f 562/883/538 565/922/541 566/921/542 568/920/544
f 563/880/539 567/910/543 566/909/542 565/908/541
f 564/876/540 568/919/544 566/918/542 567/917/543
f 527/884/503 513/885/489 519/889/495 530/902/506
f 530/907/506 519/893/495 515/882/491 528/879/504
f 514/878/490 520/877/496 526/898/502 518/890/494
f 518/895/494 526/899/502 522/881/498 515/882/491
f 521/885/497 534/884/510 540/902/516 525/889/501
f 525/901/501 540/908/516 536/880/512 522/881/498
f 535/877/511 529/878/505 532/890/508 539/898/515
f 539/910/515 532/905/508 528/879/504 536/880/512
f 555/883/531 527/884/503 533/904/509 558/920/534
f 558/914/534 533/892/509 529/878/505 556/875/532
f 534/884/510 562/883/538 568/920/544 537/904/513
f 537/896/513 568/919/544 564/876/540 535/877/511
f 563/880/539 557/879/533 560/905/536 567/910/543
f 567/917/543 560/916/536 556/875/532 564/876/540
f 541/886/517 555/883/531 561/922/537 544/911/520
f 544/893/520 561/907/537 557/879/533 542/882/518
f 562/883/538 548/886/524 554/911/530 565/922/541
f 565/908/541 554/901/530 550/881/526 563/880/539
f 549/876/525 543/875/519 546/916/522 553/917/529
f 553/899/529 546/895/522 542/882/518 550/881/526
f 513/885/489 541/886/517 547/913/523 516/887/492
f 516/892/492 547/914/523 543/875/519 514/878/490
f 548/886/524 521/885/497 523/887/499 551/913/527
f 551/919/527 523/896/499 520/877/496 549/876/525
f 527/884/503 555/883/531 541/886/517 513/885/489
o Cube.020
v -14.343535 5.017283 0.059542
v -14.343535 5.023405 0.065663
v -14.349657 5.023405 0.059542
v -14.343535 5.019076 0.063870
v -14.347070 5.019871 0.063076
v -14.347864 5.023405 0.063870
v -14.347864 5.019076 0.059542
v -14.343535 5.473804 0.065663
v -14.343535 5.479925 0.059542
v -14.349657 5.473804 0.059542
v -14.343535 5.478132 0.063870
v -14.347070 5.477337 0.063076
v -14.347864 5.478132 0.059542
v -14.347864 5.473804 0.063870
v -14.343535 5.017283 -0.218425
v -14.349657 5.023405 -0.218425
v -14.343535 5.023405 -0.224546
v -14.347864 5.019076 -0.218425
v -14.347070 5.019871 -0.221959
v -14.347864 5.023405 -0.222753
v -14.343535 5.019076 -0.222753
v -14.343535 5.479925 -0.218425
v -14.343535 5.473804 -0.224546
v -14.349657 5.473804 -0.218425
v -14.343535 5.478132 -0.222753
v -14.347070 5.477337 -0.221959
v -14.347864 5.473804 -0.222753
v -14.347864 5.478132 -0.218425
v -14.065570 5.017283 0.059542
v -14.059448 5.023405 0.059542
v -14.065570 5.023405 0.065663
v -14.061241 5.019076 0.059542
v -14.062035 5.019871 0.063076
v -14.061241 5.023405 0.063870
v -14.065570 5.019076 0.063870
v -14.065570 5.479925 0.059542
v -14.065570 5.473804 0.065663
v -14.059448 5.473804 0.059542
v -14.065570 5.478132 0.063870
v -14.062035 5.477337 0.063076
v -14.061241 5.473804 0.063870
v -14.061241 5.478132 0.059542
v -14.065570 5.017283 -0.218425
v -14.065570 5.023405 -0.224546
v -14.059448 5.023405 -0.218425
v -14.065570 5.019076 -0.222753
v -14.062035 5.019871 -0.221959
v -14.061241 5.023405 -0.222753
v -14.061241 5.019076 -0.218425
v -14.065570 5.479925 -0.218425
v -14.059448 5.473804 -0.218425
v -14.065570 5.473804 -0.224546
v -14.061241 5.478132 -0.218425
v -14.062035 5.477337 -0.221959
v -14.061241 5.473804 -0.222753
v -14.065570 5.478132 -0.222753
vn -0.1794 -0.9673 0.1794
vn -0.1794 -0.1794 0.9673
vn -0.9673 -0.1794 0.1794
vn -0.1726 -0.6965 0.6965
vn -0.5773 -0.5773 0.5774
vn -0.6965 -0.1726 0.6965
vn -0.6965 -0.6965 0.1726
vn -0.1794 0.1794 0.9673
vn -0.1794 0.9673 0.1794
vn -0.9673 0.1794 0.1794
vn -0.1726 0.6965 0.6965
vn -0.5773 0.5773 0.5774
vn -0.6965 0.6965 0.1726
vn -0.6965 0.1726 0.6965
vn -0.1794 -0.9673 -0.1794
vn -0.9673 -0.1794 -0.1794
vn -0.1794 -0.1794 -0.9673
vn -0.6965 -0.6965 -0.1726
vn -0.5773 -0.5773 -0.5774
vn -0.6965 -0.1726 -0.6965
vn -0.1726 -0.6965 -0.6965
vn -0.1794 0.9673 -0.1794
vn -0.1794 0.1794 -0.9673
vn -0.9673 0.1794 -0.1794
vn -0.1726 0.6965 -0.6965
vn -0.5773 0.5773 -0.5774
vn -0.6965 0.1726 -0.6965
vn -0.6965 0.6965 -0.1726
vn 0.1794 -0.9673 0.1794
vn 0.9673 -0.1794 0.1794
vn 0.1794 -0.1794 0.9673
vn 0.6965 -0.6965 0.1726
vn 0.5773 -0.5773 0.5774
vn 0.6965 -0.1726 0.6965
vn 0.1726 -0.6965 0.6965
vn 0.1794 0.9673 0.1794
vn 0.1794 0.1794 0.9673
vn 0.9673 0.1794 0.1794
vn 0.1726 0.6965 0.6965
vn 0.5773 0.5773 0.5774
vn 0.6965 0.1726 0.6965
vn 0.6965 0.6965 0.1726
vn 0.1794 -0.9673 -0.1794
vn 0.1794 -0.1794 -0.9673
vn 0.9673 -0.1794 -0.1794
vn 0.1726 -0.6965 -0.6965
vn 0.5773 -0.5773 -0.5774
vn 0.6965 -0.1726 -0.6965
vn 0.6965 -0.6965 -0.1726
vn 0.1794 0.9673 -0.1794
vn 0.9673 0.1794 -0.1794
vn 0.1794 0.1794 -0.9673
vn 0.6965 0.6965 -0.1726
vn 0.5773 0.5773 -0.5774
vn 0.6965 0.1726 -0.6965
vn 0.1726 0.6965 -0.6965
vt 0.638983 0.274801
vt 0.638983 0.725199
vt 0.361017 0.725199
vt 0.361017 0.274801
vt 0.638984 0.274801
vt 0.638984 0.725199
vt 0.361016 0.725199
vt 0.361016 0.274801
vt 0.638983 0.638984
vt 0.361017 0.638984
vt 0.361017 0.361016
vt 0.638983 0.361016
vt 0.361017 0.356688
vt 0.357483 0.357482
vt 0.356688 0.361016
vt 0.356688 0.274801
vt 0.357483 0.271267
vt 0.361017 0.270472
vt 0.361016 0.270472
vt 0.357482 0.271267
vt 0.356688 0.274801
vt 0.361017 0.729528
vt 0.357483 0.728733
vt 0.356688 0.725199
vt 0.356688 0.725199
vt 0.357482 0.728733
vt 0.361016 0.729528
vt 0.356688 0.638984
vt 0.357483 0.642518
vt 0.361017 0.643312
vt 0.643312 0.274801
vt 0.642518 0.271267
vt 0.638984 0.270472
vt 0.638984 0.729528
vt 0.642518 0.728733
vt 0.643312 0.725199
vt 0.643312 0.361016
vt 0.642517 0.357482
vt 0.638983 0.356688
vt 0.638983 0.270472
vt 0.642517 0.271267
vt 0.643312 0.274801
vt 0.643312 0.725199
vt 0.642517 0.728733
vt 0.638983 0.729528
vt 0.638983 0.643312
vt 0.642517 0.642518
vt 0.643312 0.638984
s 1
f 599/923/575 605/924/581 576/925/552 570/926/546
f 613/927/589 619/928/595 606/929/582 598/930/574
f 618/931/594 590/932/566 577/933/553 604/934/580
f 571/930/547 578/929/554 592/928/568 584/927/560
f 585/926/561 591/925/567 620/924/596 612/923/588
f 569/933/545 572/935/548 573/936/549 575/937/551
f 570/926/546 574/938/550 573/939/549 572/940/548
f 571/930/547 575/941/551 573/942/549 574/943/550
f 576/925/552 579/944/555 580/945/556 582/946/558
f 577/933/553 581/937/557 580/936/556 579/935/555
f 578/929/554 582/947/558 580/948/556 581/949/557
f 583/932/559 586/950/562 587/951/563 589/952/565
f 584/927/560 588/953/564 587/954/563 586/955/562
f 585/926/561 589/940/565 587/939/563 588/938/564
f 590/932/566 593/952/569 594/951/570 596/950/572
f 591/925/567 595/946/571 594/945/570 593/944/569
f 592/928/568 596/956/572 594/957/570 595/958/571
f 597/934/573 600/959/576 601/960/577 603/961/579
f 598/930/574 602/943/578 601/942/577 600/941/576
f 599/923/575 603/962/579 601/963/577 602/964/578
f 604/934/580 607/961/583 608/960/584 610/959/586
f 605/924/581 609/965/585 608/966/584 607/967/583
f 606/929/582 610/949/586 608/948/584 609/947/585
f 611/931/587 614/968/590 615/969/591 617/970/593
f 612/923/588 616/964/592 615/963/591 614/962/590
f 613/927/589 617/955/593 615/954/591 616/953/592
f 618/931/594 621/970/597 622/969/598 624/968/600
f 619/928/595 623/958/599 622/957/598 621/956/597
f 620/924/596 624/967/600 622/966/598 623/965/599
f 583/932/559 569/933/545 575/937/551 586/950/562
f 586/955/562 575/941/551 571/930/547 584/927/560
f 570/926/546 576/925/552 582/946/558 574/938/550
f 574/943/550 582/947/558 578/929/554 571/930/547
f 577/933/553 590/932/566 596/950/572 581/937/557
f 581/949/557 596/956/572 592/928/568 578/929/554
f 591/925/567 585/926/561 588/938/564 595/946/571
f 595/958/571 588/953/564 584/927/560 592/928/568
f 611/931/587 583/932/559 589/952/565 614/968/590
f 614/962/590 589/940/565 585/926/561 612/923/588
f 590/932/566 618/931/594 624/968/600 593/952/569
f 593/944/569 624/967/600 620/924/596 591/925/567
f 619/928/595 613/927/589 616/953/592 623/958/599
f 623/965/599 616/964/592 612/923/588 620/924/596
f 597/934/573 611/931/587 617/970/593 600/959/576
f 600/941/576 617/955/593 613/927/589 598/930/574
f 618/931/594 604/934/580 610/959/586 621/970/597
f 621/956/597 610/949/586 606/929/582 619/928/595
f 605/924/581 599/923/575 602/964/578 609/965/585
f 609/947/585 602/943/578 598/930/574 606/929/582
f 569/933/545 597/934/573 603/961/579 572/935/548
f 572/940/548 603/962/579 599/923/575 570/926/546
f 604/934/580 577/933/553 579/935/555 607/961/583
f 607/967/583 579/944/555 576/925/552 605/924/581
f 583/932/559 611/931/587 597/934/573 569/933/545
o Cube.021
v -9.621589 5.017283 -4.181565
v -9.621589 5.023405 -4.175445
v -9.627710 5.023405 -4.181565
v -9.621589 5.019076 -4.177237
v -9.625123 5.019871 -4.178031
v -9.625917 5.023405 -4.177237
v -9.625917 5.019076 -4.181565
v -9.621589 5.473804 -4.175445
v -9.621589 5.479925 -4.181565
v -9.627710 5.473804 -4.181565
v -9.621589 5.478132 -4.177237
v -9.625123 5.477337 -4.178031
v -9.625917 5.478132 -4.181565
v -9.625917 5.473804 -4.177237
v -9.621589 5.017283 -4.459533
v -9.627710 5.023405 -4.459533
v -9.621589 5.023405 -4.465653
v -9.625917 5.019076 -4.459533
v -9.625123 5.019871 -4.463067
v -9.625917 5.023405 -4.463861
v -9.621589 5.019076 -4.463861
v -9.621589 5.479925 -4.459533
v -9.621589 5.473804 -4.465653
v -9.627710 5.473804 -4.459533
v -9.621589 5.478132 -4.463861
v -9.625123 5.477337 -4.463067
v -9.625917 5.473804 -4.463861
v -9.625917 5.478132 -4.459533
v -9.343623 5.017283 -4.181565
v -9.337502 5.023405 -4.181565
v -9.343623 5.023405 -4.175445
v -9.339294 5.019076 -4.181565
v -9.340088 5.019871 -4.178031
v -9.339294 5.023405 -4.177237
v -9.343623 5.019076 -4.177237
v -9.343623 5.479925 -4.181565
v -9.343623 5.473804 -4.175445
v -9.337502 5.473804 -4.181565
v -9.343623 5.478132 -4.177237
v -9.340088 5.477337 -4.178031
v -9.339294 5.473804 -4.177237
v -9.339294 5.478132 -4.181565
v -9.343623 5.017283 -4.459533
v -9.343623 5.023405 -4.465653
v -9.337502 5.023405 -4.459533
v -9.343623 5.019076 -4.463861
v -9.340088 5.019871 -4.463067
v -9.339294 5.023405 -4.463861
v -9.339294 5.019076 -4.459533
v -9.343623 5.479925 -4.459533
v -9.337502 5.473804 -4.459533
v -9.343623 5.473804 -4.465653
v -9.339294 5.478132 -4.459533
v -9.340088 5.477337 -4.463067
v -9.339294 5.473804 -4.463861
v -9.343623 5.478132 -4.463861
vn -0.1794 -0.9673 0.1794
vn -0.1794 -0.1794 0.9673
vn -0.9673 -0.1794 0.1794
vn -0.1726 -0.6965 0.6965
vn -0.5773 -0.5773 0.5774
vn -0.6965 -0.1726 0.6965
vn -0.6965 -0.6965 0.1726
vn -0.1794 0.1794 0.9673
vn -0.1794 0.9673 0.1794
vn -0.9673 0.1794 0.1794
vn -0.1726 0.6965 0.6965
vn -0.5773 0.5773 0.5774
vn -0.6965 0.6965 0.1726
vn -0.6965 0.1726 0.6965
vn -0.1794 -0.9673 -0.1794
vn -0.9673 -0.1794 -0.1794
vn -0.1794 -0.1794 -0.9673
vn -0.6965 -0.6965 -0.1726
vn -0.5773 -0.5773 -0.5774
vn -0.6965 -0.1726 -0.6965
vn -0.1726 -0.6965 -0.6965
vn -0.1794 0.9673 -0.1794
vn -0.1794 0.1794 -0.9673
vn -0.9673 0.1794 -0.1794
vn -0.1726 0.6965 -0.6965
vn -0.5773 0.5773 -0.5774
vn -0.6965 0.1726 -0.6965
vn -0.6965 0.6965 -0.1726
vn 0.1794 -0.9673 0.1794
vn 0.9673 -0.1794 0.1794
vn 0.1794 -0.1794 0.9673
vn 0.6965 -0.6965 0.1726
vn 0.5773 -0.5773 0.5774
vn 0.6965 -0.1726 0.6965
vn 0.1726 -0.6965 0.6965
vn 0.1794 0.9673 0.1794
vn 0.1794 0.1794 0.9673
vn 0.9673 0.1794 0.1794
vn 0.1726 0.6965 0.6965
vn 0.5773 0.5773 0.5774
vn 0.6965 0.1726 0.6965
vn 0.6965 0.6965 0.1726
vn 0.1794 -0.9673 -0.1794
vn 0.1794 -0.1794 -0.9673
vn 0.9673 -0.1794 -0.1794
vn 0.1726 -0.6965 -0.6965
vn 0.5773 -0.5773 -0.5774
vn 0.6965 -0.1726 -0.6965
vn 0.6965 -0.6965 -0.1726
vn 0.1794 0.9673 -0.1794
vn 0.9673 0.1794 -0.1794
vn 0.1794 0.1794 -0.9673
vn 0.6965 0.6965 -0.1726
vn 0.5773 0.5773 -0.5774
vn 0.6965 0.1726 -0.6965
vn 0.1726 0.6965 -0.6965
vt 0.638983 0.274801
vt 0.638983 0.725199
vt 0.361017 0.725199
vt 0.361017 0.274801
vt 0.638984 0.274801
vt 0.638984 0.725199
vt 0.361016 0.725199
vt 0.361016 0.274801
vt 0.638983 0.638984
vt 0.361017 0.638984
vt 0.361017 0.361016
vt 0.638983 0.361016
vt 0.361017 0.356688
vt 0.357483 0.357482
vt 0.356688 0.361016
vt 0.356688 0.274801
vt 0.357483 0.271267
vt 0.361017 0.270472
vt 0.361016 0.270472
vt 0.357482 0.271267
vt 0.356688 0.274801
vt 0.361017 0.729528
vt 0.357483 0.728733
vt 0.356688 0.725199
vt 0.356688 0.725199
vt 0.357482 0.728733
vt 0.361016 0.729528
vt 0.356688 0.638984
vt 0.357483 0.642518
vt 0.361017 0.643312
vt 0.643312 0.274801
vt 0.642518 0.271267
vt 0.638984 0.270472
vt 0.638984 0.729528
vt 0.642518 0.728733
vt 0.643312 0.725199
vt 0.643312 0.361016
vt 0.642517 0.357482
vt 0.638983 0.356688
vt 0.638983 0.270472
vt 0.642517 0.271267
vt 0.643312 0.274801
vt 0.643312 0.725199
vt 0.642517 0.728733
vt 0.638983 0.729528
vt 0.638983 0.643312
vt 0.642517 0.642518
vt 0.643312 0.638984
s 1
f 655/971/631 661/972/637 632/973/608 626/974/602
f 669/975/645 675/976/651 662/977/638 654/978/630
f 674/979/650 646/980/622 633/981/609 660/982/636
f 627/978/603 634/977/610 648/976/624 640/975/616
f 641/974/617 647/973/623 676/972/652 668/971/644
f 625/981/601 628/983/604 629/984/605 631/985/607
f 626/974/602 630/986/606 629/987/605 628/988/604
f 627/978/603 631/989/607 629/990/605 630/991/606
f 632/973/608 635/992/611 636/993/612 638/994/614
f 633/981/609 637/985/613 636/984/612 635/983/611
f 634/977/610 638/995/614 636/996/612 637/997/613
f 639/980/615 642/998/618 643/999/619 645/1000/621
f 640/975/616 644/1001/620 643/1002/619 642/1003/618
f 641/974/617 645/988/621 643/987/619 644/986/620
f 646/980/622 649/1000/625 650/999/626 652/998/628
f 647/973/623 651/994/627 650/993/626 649/992/625
f 648/976/624 652/1004/628 650/1005/626 651/1006/627
f 653/982/629 656/1007/632 657/1008/633 659/1009/635
f 654/978/630 658/991/634 657/990/633 656/989/632
f 655/971/631 659/1010/635 657/1011/633 658/1012/634
f 660/982/636 663/1009/639 664/1008/640 666/1007/642
f 661/972/637 665/1013/641 664/1014/640 663/1015/639
f 662/977/638 666/997/642 664/996/640 665/995/641
f 667/979/643 670/1016/646 671/1017/647 673/1018/649
f 668/971/644 672/1012/648 671/1011/647 670/1010/646
f 669/975/645 673/1003/649 671/1002/647 672/1001/648
f 674/979/650 677/1018/653 678/1017/654 680/1016/656
f 675/976/651 679/1006/655 678/1005/654 677/1004/653
f 676/972/652 680/1015/656 678/1014/654 679/1013/655
f 639/980/615 625/981/601 631/985/607 642/998/618
f 642/1003/618 631/989/607 627/978/603 640/975/616
f 626/974/602 632/973/608 638/994/614 630/986/606
f 630/991/606 638/995/614 634/977/610 627/978/603
f 633/981/609 646/980/622 652/998/628 637/985/613
f 637/997/613 652/1004/628 648/976/624 634/977/610
f 647/973/623 641/974/617 644/986/620 651/994/627
f 651/1006/627 644/1001/620 640/975/616 648/976/624
f 667/979/643 639/980/615 645/1000/621 670/1016/646
f 670/1010/646 645/988/621 641/974/617 668/971/644
f 646/980/622 674/979/650 680/1016/656 649/1000/625
f 649/992/625 680/1015/656 676/972/652 647/973/623
f 675/976/651 669/975/645 672/1001/648 679/1006/655
f 679/1013/655 672/1012/648 668/971/644 676/972/652
f 653/982/629 667/979/643 673/1018/649 656/1007/632
f 656/989/632 673/1003/649 669/975/645 654/978/630
f 674/979/650 660/982/636 666/1007/642 677/1018/653
f 677/1004/653 666/997/642 662/977/638 675/976/651
f 661/972/637 655/971/631 658/1012/634 665/1013/641
f 665/995/641 658/991/634 654/978/630 662/977/638
f 625/981/601 653/982/629 659/1009/635 628/983/604
f 628/988/604 659/1010/635 655/971/631 626/974/602
f 660/982/636 633/981/609 635/983/611 663/1009/639
f 663/1015/639 635/992/611 632/973/608 661/972/637
f 639/980/615 667/979/643 653/982/629 625/981/601
o Cube.022
v -14.343535 5.017283 -4.181565
v -14.343535 5.023405 -4.175445
v -14.349657 5.023405 -4.181565
v -14.343535 5.019076 -4.177237
v -14.347070 5.019871 -4.178031
v -14.347864 5.023405 -4.177237
v -14.347864 5.019076 -4.181565
v -14.343535 5.473804 -4.175445
v -14.343535 5.479925 -4.181565
v -14.349657 5.473804 -4.181565
v -14.343535 5.478132 -4.177237
v -14.347070 5.477337 -4.178031
v -14.347864 5.478132 -4.181565
v -14.347864 5.473804 -4.177237
v -14.343535 5.017283 -4.459533
v -14.349657 5.023405 -4.459533
v -14.343535 5.023405 -4.465653
v -14.347864 5.019076 -4.459533
v -14.347070 5.019871 -4.463067
v -14.347864 5.023405 -4.463861
v -14.343535 5.019076 -4.463861
v -14.343535 5.479925 -4.459533
v -14.343535 5.473804 -4.465653
v -14.349657 5.473804 -4.459533
v -14.343535 5.478132 -4.463861
v -14.347070 5.477337 -4.463067
v -14.347864 5.473804 -4.463861
v -14.347864 5.478132 -4.459533
v -14.065570 5.017283 -4.181565
v -14.059448 5.023405 -4.181565
v -14.065570 5.023405 -4.175445
v -14.061241 5.019076 -4.181565
v -14.062035 5.019871 -4.178031
v -14.061241 5.023405 -4.177237
v -14.065570 5.019076 -4.177237
v -14.065570 5.479925 -4.181565
v -14.065570 5.473804 -4.175445
v -14.059448 5.473804 -4.181565
v -14.065570 5.478132 -4.177237
v -14.062035 5.477337 -4.178031
v -14.061241 5.473804 -4.177237
v -14.061241 5.478132 -4.181565
v -14.065570 5.017283 -4.459533
v -14.065570 5.023405 -4.465653
v -14.059448 5.023405 -4.459533
v -14.065570 5.019076 -4.463861
v -14.062035 5.019871 -4.463067
v -14.061241 5.023405 -4.463861
v -14.061241 5.019076 -4.459533
v -14.065570 5.479925 -4.459533
v -14.059448 5.473804 -4.459533
v -14.065570 5.473804 -4.465653
v -14.061241 5.478132 -4.459533
v -14.062035 5.477337 -4.463067
v -14.061241 5.473804 -4.463861
v -14.065570 5.478132 -4.463861
vn -0.1794 -0.9673 0.1794
vn -0.1794 -0.1794 0.9673
vn -0.9673 -0.1794 0.1794
vn -0.1726 -0.6965 0.6965
vn -0.5773 -0.5773 0.5774
vn -0.6965 -0.1726 0.6965
vn -0.6965 -0.6965 0.1726
vn -0.1794 0.1794 0.9673
vn -0.1794 0.9673 0.1794
vn -0.9673 0.1794 0.1794
vn -0.1726 0.6965 0.6965
vn -0.5773 0.5773 0.5774
vn -0.6965 0.6965 0.1726
vn -0.6965 0.1726 0.6965
vn -0.1794 -0.9673 -0.1794
vn -0.9673 -0.1794 -0.1794
vn -0.1794 -0.1794 -0.9673
vn -0.6965 -0.6965 -0.1726
vn -0.5773 -0.5773 -0.5774
vn -0.6965 -0.1726 -0.6965
vn -0.1726 -0.6965 -0.6965
vn -0.1794 0.9673 -0.1794
vn -0.1794 0.1794 -0.9673
vn -0.9673 0.1794 -0.1794
vn -0.1726 0.6965 -0.6965
vn -0.5773 0.5773 -0.5774
vn -0.6965 0.1726 -0.6965
vn -0.6965 0.6965 -0.1726
vn 0.1794 -0.9673 0.1794
vn 0.9673 -0.1794 0.1794
vn 0.1794 -0.1794 0.9673
vn 0.6965 -0.6965 0.1726
vn 0.5773 -0.5773 0.5774
vn 0.6965 -0.1726 0.6965
vn 0.1726 -0.6965 0.6965
vn 0.1794 0.9673 0.1794
vn 0.1794 0.1794 0.9673
vn 0.9673 0.1794 0.1794
vn 0.1726 0.6965 0.6965
vn 0.5773 0.5773 0.5774
vn 0.6965 0.1726 0.6965
vn 0.6965 0.6965 0.1726
vn 0.1794 -0.9673 -0.1794
vn 0.1794 -0.1794 -0.9673
vn 0.9673 -0.1794 -0.1794
vn 0.1726 -0.6965 -0.6965
vn 0.5773 -0.5773 -0.5774
vn 0.6965 -0.1726 -0.6965
vn 0.6965 -0.6965 -0.1726
vn 0.1794 0.9673 -0.1794
vn 0.9673 0.1794 -0.1794
vn 0.1794 0.1794 -0.9673
vn 0.6965 0.6965 -0.1726
vn 0.5773 0.5773 -0.5774
vn 0.6965 0.1726 -0.6965
vn 0.1726 0.6965 -0.6965
vt 0.638983 0.274801
vt 0.638983 0.725199
vt 0.361017 0.725199
vt 0.361017 0.274801
vt 0.638984 0.274801
vt 0.638984 0.725199
vt 0.361016 0.725199
vt 0.361016 0.274801
vt 0.638983 0.638984
vt 0.361017 0.638984
vt 0.361017 0.361016
vt 0.638983 0.361016
vt 0.361017 0.356688
vt 0.357483 0.357482
vt 0.356688 0.361016
vt 0.356688 0.274801
vt 0.357483 0.271267
vt 0.361017 0.270472
vt 0.361016 0.270472
vt 0.357482 0.271267
vt 0.356688 0.274801
vt 0.361017 0.729528
vt 0.357483 0.728733
vt 0.356688 0.725199
vt 0.356688 0.725199
vt 0.357482 0.728733
vt 0.361016 0.729528
vt 0.356688 0.638984
vt 0.357483 0.642518
vt 0.361017 0.643312
vt 0.643312 0.274801
vt 0.642518 0.271267
vt 0.638984 0.270472
vt 0.638984 0.729528
vt 0.642518 0.728733
vt 0.643312 0.725199
vt 0.643312 0.361016
vt 0.642517 0.357482
vt 0.638983 0.356688
vt 0.638983 0.270472
vt 0.642517 0.271267
vt 0.643312 0.274801
vt 0.643312 0.725199
vt 0.642517 0.728733
vt 0.638983 0.729528
vt 0.638983 0.643312
vt 0.642517 0.642518
vt 0.643312 0.638984
s 1
f 711/1019/687 717/1020/693 688/1021/664 682/1022/658
f 725/1023/701 731/1024/707 718/1025/694 710/1026/686
f 730/1027/706 702/1028/678 689/1029/665 716/1030/692
f 683/1026/659 690/1025/666 704/1024/680 696/1023/672
f 697/1022/673 703/1021/679 732/1020/708 724/1019/700
f 681/1029/657 684/1031/660 685/1032/661 687/1033/663
f 682/1022/658 686/1034/662 685/1035/661 684/1036/660
f 683/1026/659 687/1037/663 685/1038/661 686/1039/662
f 688/1021/664 691/1040/667 692/1041/668 694/1042/670
f 689/1029/665 693/1033/669 692/1032/668 691/1031/667
f 690/1025/666 694/1043/670 692/1044/668 693/1045/669
f 695/1028/671 698/1046/674 699/1047/675 701/1048/677
f 696/1023/672 700/1049/676 699/1050/675 698/1051/674
f 697/1022/673 701/1036/677 699/1035/675 700/1034/676
f 702/1028/678 705/1048/681 706/1047/682 708/1046/684
f 703/1021/679 707/1042/683 706/1041/682 705/1040/681
f 704/1024/680 708/1052/684 706/1053/682 707/1054/683
f 709/1030/685 712/1055/688 713/1056/689 715/1057/691
f 710/1026/686 714/1039/690 713/1038/689 712/1037/688
f 711/1019/687 715/1058/691 713/1059/689 714/1060/690
f 716/1030/692 719/1057/695 720/1056/696 722/1055/698
f 717/1020/693 721/1061/697 720/1062/696 719/1063/695
f 718/1025/694 722/1045/698 720/1044/696 721/1043/697
f 723/1027/699 726/1064/702 727/1065/703 729/1066/705
f 724/1019/700 728/1060/704 727/1059/703 726/1058/702
f 725/1023/701 729/1051/705 727/1050/703 728/1049/704
f 730/1027/706 733/1066/709 734/1065/710 736/1064/712
f 731/1024/707 735/1054/711 734/1053/710 733/1052/709
f 732/1020/708 736/1063/712 734/1062/710 735/1061/711
f 695/1028/671 681/1029/657 687/1033/663 698/1046/674
f 698/1051/674 687/1037/663 683/1026/659 696/1023/672
f 682/1022/658 688/1021/664 694/1042/670 686/1034/662
f 686/1039/662 694/1043/670 690/1025/666 683/1026/659
f 689/1029/665 702/1028/678 708/1046/684 693/1033/669
f 693/1045/669 708/1052/684 704/1024/680 690/1025/666
f 703/1021/679 697/1022/673 700/1034/676 707/1042/683
f 707/1054/683 700/1049/676 696/1023/672 704/1024/680
f 723/1027/699 695/1028/671 701/1048/677 726/1064/702
f 726/1058/702 701/1036/677 697/1022/673 724/1019/700
f 702/1028/678 730/1027/706 736/1064/712 705/1048/681
f 705/1040/681 736/1063/712 732/1020/708 703/1021/679
f 731/1024/707 725/1023/701 728/1049/704 735/1054/711
f 735/1061/711 728/1060/704 724/1019/700 732/1020/708
f 709/1030/685 723/1027/699 729/1066/705 712/1055/688
f 712/1037/688 729/1051/705 725/1023/701 710/1026/686
f 730/1027/706 716/1030/692 722/1055/698 733/1066/709
f 733/1052/709 722/1045/698 718/1025/694 731/1024/707
f 717/1020/693 711/1019/687 714/1060/690 721/1061/697
f 721/1043/697 714/1039/690 710/1026/686 718/1025/694
f 681/1029/657 709/1030/685 715/1057/691 684/1031/660
f 684/1036/660 715/1058/691 711/1019/687 682/1022/658
f 716/1030/692 689/1029/665 691/1031/667 719/1057/695
f 719/1063/695 691/1040/667 688/1021/664 717/1020/693
f 695/1028/671 723/1027/699 709/1030/685 681/1029/657
o Plane.046
v -14.095179 7.647836 0.027581
v -14.095179 7.540246 0.027581
v -14.095179 7.541390 -0.169277
v -14.095179 7.647836 -0.169277
v -9.595548 7.647836 0.027581
v -9.595548 7.540246 0.039865
v -9.595548 7.541390 -0.181561
v -9.595548 7.647836 -0.169277
v -14.095179 7.755425 0.027581
v -14.095179 7.754281 -0.169277
v -9.595548 7.755426 0.039865
v -9.595548 7.754282 -0.181561
v -14.094748 7.641155 0.014243
v -14.094856 7.539676 0.017598
v -14.094857 7.540814 -0.159294
v -14.094748 7.641155 -0.155939
v -9.595118 7.641156 0.014243
v -9.595226 7.539676 0.029881
v -9.595226 7.540814 -0.171578
v -9.595118 7.641155 -0.155939
v -14.094856 7.755995 0.017598
v -14.094857 7.754857 -0.159294
v -9.595226 7.755996 0.029881
v -9.595226 7.754858 -0.171578
vn -0.0000 1.0000 -0.0000
vn -0.0014 0.0576 -0.9983
vn -0.0014 0.0570 0.9984
vn -0.0014 -0.0576 -0.9983
vn -0.0014 -0.0570 0.9984
vn -0.0000 -1.0000 -0.0000
vn 0.0014 -0.0942 0.9955
vn 0.0014 -0.0932 -0.9956
vn 0.0014 0.0832 0.9965
vn 0.0014 0.0824 -0.9966
vn -0.9995 -0.0000 -0.0322
vn -0.9995 -0.0000 0.0322
vn -0.9979 -0.0642 -0.0000
vn 0.9995 0.0036 0.0311
vn 0.9995 0.0037 -0.0311
vn 0.9979 0.0642 -0.0000
vn -0.0002 -0.9983 -0.0576
vn -0.0002 -0.9984 0.0570
vn 0.9994 -0.0037 0.0332
vn 0.9994 -0.0037 -0.0332
vn -0.0002 0.9983 -0.0576
vn -0.0002 0.9984 0.0570
vt 0.605492 0.003652
vt 0.394508 0.003652
vt 0.394508 0.996265
vt 0.605492 0.996265
vt 0.612294 0.003652
vt 0.498210 0.003652
vt 0.498210 0.996265
vt 0.612294 0.996265
vt 0.613520 0.003652
vt 0.613520 0.996265
vt 0.384126 0.003652
vt 0.384126 0.996265
vt 0.382900 0.996265
vt 0.382900 0.003652
vt 0.591196 0.003747
vt 0.591196 0.996360
vt 0.408803 0.996360
vt 0.408803 0.003747
vt 0.612911 0.003723
vt 0.612911 0.996336
vt 0.505370 0.996360
vt 0.505370 0.003747
vt 0.505370 0.003747
vt 0.505370 0.996360
vt 0.614131 0.996336
vt 0.614131 0.003723
vt 0.383509 0.003723
vt 0.383509 0.996336
vt 0.382289 0.003723
vt 0.382289 0.996336
vt 0.613520 0.394508
vt 0.498210 0.394508
vt 0.505370 0.408803
vt 0.614131 0.405208
vt 0.498210 0.605492
vt 0.612294 0.605492
vt 0.612911 0.594793
vt 0.505370 0.591196
vt 0.613520 0.381343
vt 0.614131 0.392042
vt 0.612294 0.618657
vt 0.612911 0.607958
vt 0.618657 0.996265
vt 0.607958 0.996336
vt 0.594793 0.003723
vt 0.381343 0.996265
vt 0.405208 0.003723
vt 0.392042 0.996336
vt 0.382900 0.394508
vt 0.382289 0.405208
vt 0.384126 0.605492
vt 0.383509 0.594793
vt 0.382900 0.381343
vt 0.382289 0.392042
vt 0.384126 0.618657
vt 0.383509 0.607958
s 0
f 740/1067/713 737/1068/713 741/1069/713 744/1070/713
f 739/1071/714 740/1072/714 744/1073/714 743/1074/714
f 737/1072/715 738/1075/715 742/1076/715 741/1073/715
f 746/1077/716 748/1078/716 744/1073/716 740/1072/716
f 737/1072/717 741/1073/717 747/1079/717 745/1080/717
f 752/1081/718 756/1082/718 753/1083/718 749/1084/718
f 751/1085/719 755/1086/719 756/1087/719 752/1088/719
f 749/1089/720 753/1090/720 754/1091/720 750/1092/720
f 758/1093/721 752/1088/721 756/1087/721 760/1094/721
f 749/1089/722 757/1095/722 759/1096/722 753/1090/722
f 738/1097/723 737/1098/723 749/1099/723 750/1100/723
f 740/1101/724 739/1102/724 751/1103/724 752/1104/724
f 737/1098/725 740/1101/725 752/1104/725 749/1099/725
f 741/1098/726 742/1105/726 754/1106/726 753/1099/726
f 743/1107/727 744/1101/727 756/1104/727 755/1108/727
f 744/1101/728 741/1098/728 753/1099/728 756/1104/728
f 739/1067/729 743/1109/729 755/1110/729 751/1111/729
f 742/1112/730 738/1068/730 750/1113/730 754/1114/730
f 737/1098/723 745/1115/723 757/1116/723 749/1099/723
f 746/1117/724 740/1101/724 752/1104/724 758/1118/724
f 747/1119/731 741/1098/731 753/1099/731 759/1120/731
f 744/1101/732 748/1121/732 760/1122/732 756/1104/732
f 748/1109/733 746/1067/733 758/1111/733 760/1110/733
f 745/1068/734 747/1112/734 759/1114/734 757/1113/734
o Plane.047
v -14.226402 5.044471 -4.225684
v -14.118813 5.044471 -4.225684
v -14.119957 5.044471 -4.422542
v -14.226402 5.044471 -4.422542
v -14.226402 7.539675 -4.225684
v -14.118813 7.539675 -4.213400
v -14.119957 7.539675 -4.434826
v -14.226402 7.539675 -4.422542
v -14.333993 5.044471 -4.225684
v -14.332849 5.044471 -4.422542
v -14.333993 7.539675 -4.213400
v -14.332849 7.539675 -4.434826
v -14.219723 5.044710 -4.239022
v -14.118243 5.044650 -4.235667
v -14.119381 5.044650 -4.412559
v -14.219722 5.044710 -4.409204
v -14.219723 7.539913 -4.239022
v -14.118243 7.539854 -4.223383
v -14.119381 7.539854 -4.424843
v -14.219722 7.539913 -4.409204
v -14.334562 5.044650 -4.235667
v -14.333425 5.044650 -4.412559
v -14.334562 7.539854 -4.223383
v -14.333425 7.539854 -4.424843
vn -1.0000 -0.0000 -0.0000
vn -0.0576 -0.0025 -0.9983
vn -0.0570 -0.0025 0.9984
vn 0.0576 -0.0025 -0.9983
vn 0.0570 -0.0025 0.9984
vn 1.0000 -0.0000 -0.0000
vn 0.0942 0.0025 0.9955
vn 0.0932 0.0025 -0.9956
vn -0.0832 0.0025 0.9965
vn -0.0824 0.0025 -0.9966
vn -0.0000 -0.9998 -0.0179
vn -0.0000 -0.9998 0.0179
vn 0.0356 -0.9994 -0.0000
vn -0.0020 0.9998 0.0172
vn -0.0020 0.9998 -0.0172
vn -0.0356 0.9994 -0.0000
vn 0.9983 -0.0003 -0.0576
vn 0.9984 -0.0003 0.0570
vn 0.0020 0.9998 0.0184
vn 0.0021 0.9998 -0.0184
vn -0.9983 -0.0003 -0.0576
vn -0.9984 -0.0003 0.0570
vt 0.605492 -0.837237
vt 0.394508 -0.837237
vt 0.394508 1.837014
vt 0.605492 1.837014
vt 0.612294 -0.837237
vt 0.498210 -0.837237
vt 0.498210 1.837014
vt 0.612294 1.837014
vt 0.613520 -0.837237
vt 0.613520 1.837014
vt 0.384126 -0.837237
vt 0.384126 1.837014
vt 0.382900 1.837014
vt 0.382900 -0.837237
vt 0.591196 -0.836982
vt 0.591196 1.837269
vt 0.408803 1.837269
vt 0.408803 -0.836982
vt 0.612911 -0.837046
vt 0.612911 1.837205
vt 0.505370 1.837269
vt 0.505370 -0.836982
vt 0.505370 -0.836982
vt 0.505370 1.837269
vt 0.614131 1.837205
vt 0.614131 -0.837046
vt 0.383509 -0.837046
vt 0.383509 1.837205
vt 0.382289 -0.837046
vt 0.382289 1.837205
vt 0.613520 0.394508
vt 0.498210 0.394508
vt 0.505370 0.408803
vt 0.614131 0.405208
vt 0.498210 0.605492
vt 0.612294 0.605492
vt 0.612911 0.594793
vt 0.505370 0.591196
vt 0.613520 0.381343
vt 0.614131 0.392042
vt 0.612294 0.618657
vt 0.612911 0.607958
vt 0.618657 1.837014
vt 0.607958 1.837205
vt 0.594793 -0.837046
vt 0.381343 1.837014
vt 0.405208 -0.837046
vt 0.392042 1.837205
vt 0.382900 0.394508
vt 0.382289 0.405208
vt 0.384126 0.605492
vt 0.383509 0.594793
vt 0.382900 0.381343
vt 0.382289 0.392042
vt 0.384126 0.618657
vt 0.383509 0.607958
s 0
f 764/1123/735 761/1124/735 765/1125/735 768/1126/735
f 763/1127/736 764/1128/736 768/1129/736 767/1130/736
f 761/1128/737 762/1131/737 766/1132/737 765/1129/737
f 770/1133/738 772/1134/738 768/1129/738 764/1128/738
f 761/1128/739 765/1129/739 771/1135/739 769/1136/739
f 776/1137/740 780/1138/740 777/1139/740 773/1140/740
f 775/1141/741 779/1142/741 780/1143/741 776/1144/741
f 773/1145/742 777/1146/742 778/1147/742 774/1148/742
f 782/1149/743 776/1144/743 780/1143/743 784/1150/743
f 773/1145/744 781/1151/744 783/1152/744 777/1146/744
f 762/1153/745 761/1154/745 773/1155/745 774/1156/745
f 764/1157/746 763/1158/746 775/1159/746 776/1160/746
f 761/1154/747 764/1157/747 776/1160/747 773/1155/747
f 765/1154/748 766/1161/748 778/1162/748 777/1155/748
f 767/1163/749 768/1157/749 780/1160/749 779/1164/749
f 768/1157/750 765/1154/750 777/1155/750 780/1160/750
f 763/1123/751 767/1165/751 779/1166/751 775/1167/751
f 766/1168/752 762/1124/752 774/1169/752 778/1170/752
f 761/1154/745 769/1171/745 781/1172/745 773/1155/745
f 770/1173/746 764/1157/746 776/1160/746 782/1174/746
f 771/1175/753 765/1154/753 777/1155/753 783/1176/753
f 768/1157/754 772/1177/754 784/1178/754 780/1160/754
f 772/1165/755 770/1123/755 782/1167/755 784/1166/755
f 769/1124/756 771/1168/756 783/1170/756 781/1169/756
o Plane.048
v -14.095179 7.647836 -4.231132
v -14.095179 7.540246 -4.231132
v -14.095179 7.541390 -4.427990
v -14.095179 7.647836 -4.427990
v -9.595548 7.647836 -4.231132
v -9.595548 7.540246 -4.218848
v -9.595548 7.541390 -4.440274
v -9.595548 7.647836 -4.427990
v -14.095179 7.755425 -4.231132
v -14.095179 7.754281 -4.427990
v -9.595548 7.755426 -4.218848
v -9.595548 7.754282 -4.440274
v -14.094748 7.641155 -4.244471
v -14.094856 7.539676 -4.241116
v -14.094857 7.540814 -4.418007
v -14.094748 7.641155 -4.414652
v -9.595118 7.641156 -4.244471
v -9.595226 7.539676 -4.228832
v -9.595226 7.540814 -4.430291
v -9.595118 7.641155 -4.414652
v -14.094856 7.755995 -4.241116
v -14.094857 7.754857 -4.418007
v -9.595226 7.755996 -4.228832
v -9.595226 7.754858 -4.430291
vn -0.0000 1.0000 -0.0000
vn -0.0014 0.0576 -0.9983
vn -0.0014 0.0570 0.9984
vn -0.0014 -0.0576 -0.9983
vn -0.0014 -0.0570 0.9984
vn -0.0000 -1.0000 -0.0000
vn 0.0014 -0.0942 0.9955
vn 0.0014 -0.0932 -0.9956
vn 0.0014 0.0832 0.9965
vn 0.0014 0.0824 -0.9966
vn -0.9995 -0.0000 -0.0322
vn -0.9995 -0.0000 0.0322
vn -0.9979 -0.0642 -0.0000
vn 0.9995 0.0036 0.0311
vn 0.9995 0.0037 -0.0311
vn 0.9979 0.0642 -0.0000
vn -0.0002 -0.9983 -0.0576
vn -0.0002 -0.9984 0.0570
vn 0.9994 -0.0037 0.0332
vn 0.9994 -0.0037 -0.0332
vn -0.0002 0.9983 -0.0576
vn -0.0002 0.9984 0.0570
vt 0.605492 0.003652
vt 0.394508 0.003652
vt 0.394508 0.996265
vt 0.605492 0.996265
vt 0.612294 0.003652
vt 0.498210 0.003652
vt 0.498210 0.996265
vt 0.612294 0.996265
vt 0.613520 0.003652
vt 0.613520 0.996265
vt 0.384126 0.003652
vt 0.384126 0.996265
vt 0.382900 0.996265
vt 0.382900 0.003652
vt 0.591196 0.003747
vt 0.591196 0.996360
vt 0.408803 0.996360
vt 0.408803 0.003747
vt 0.612911 0.003723
vt 0.612911 0.996336
vt 0.505370 0.996360
vt 0.505370 0.003747
vt 0.505370 0.003747
vt 0.505370 0.996360
vt 0.614131 0.996336
vt 0.614131 0.003723
vt 0.383509 0.003723
vt 0.383509 0.996336
vt 0.382289 0.003723
vt 0.382289 0.996336
vt 0.613520 0.394508
vt 0.498210 0.394508
vt 0.505370 0.408803
vt 0.614131 0.405208
vt 0.498210 0.605492
vt 0.612294 0.605492
vt 0.612911 0.594793
vt 0.505370 0.591196
vt 0.613520 0.381343
vt 0.614131 0.392042
vt 0.612294 0.618657
vt 0.612911 0.607958
vt 0.618657 0.996265
vt 0.607958 0.996336
vt 0.594793 0.003723
vt 0.381343 0.996265
vt 0.405208 0.003723
vt 0.392042 0.996336
vt 0.382900 0.394508
vt 0.382289 0.405208
vt 0.384126 0.605492
vt 0.383509 0.594793
vt 0.382900 0.381343
vt 0.382289 0.392042
vt 0.384126 0.618657
vt 0.383509 0.607958
s 0
f 788/1179/757 785/1180/757 789/1181/757 792/1182/757
f 787/1183/758 788/1184/758 792/1185/758 791/1186/758
f 785/1184/759 786/1187/759 790/1188/759 789/1185/759
f 794/1189/760 796/1190/760 792/1185/760 788/1184/760
f 785/1184/761 789/1185/761 795/1191/761 793/1192/761
f 800/1193/762 804/1194/762 801/1195/762 797/1196/762
f 799/1197/763 803/1198/763 804/1199/763 800/1200/763
f 797/1201/764 801/1202/764 802/1203/764 798/1204/764
f 806/1205/765 800/1200/765 804/1199/765 808/1206/765
f 797/1201/766 805/1207/766 807/1208/766 801/1202/766
f 786/1209/767 785/1210/767 797/1211/767 798/1212/767
f 788/1213/768 787/1214/768 799/1215/768 800/1216/768
f 785/1210/769 788/1213/769 800/1216/769 797/1211/769
f 789/1210/770 790/1217/770 802/1218/770 801/1211/770
f 791/1219/771 792/1213/771 804/1216/771 803/1220/771
f 792/1213/772 789/1210/772 801/1211/772 804/1216/772
f 787/1179/773 791/1221/773 803/1222/773 799/1223/773
f 790/1224/774 786/1180/774 798/1225/774 802/1226/774
f 785/1210/767 793/1227/767 805/1228/767 797/1211/767
f 794/1229/768 788/1213/768 800/1216/768 806/1230/768
f 795/1231/775 789/1210/775 801/1211/775 807/1232/775
f 792/1213/776 796/1233/776 808/1234/776 804/1216/776
f 796/1221/777 794/1179/777 806/1223/777 808/1222/777
f 793/1180/778 795/1224/778 807/1226/778 805/1225/778
o Plane.049
v -9.391152 7.647835 0.056000
v -9.391152 7.540245 0.056000
v -9.588011 7.541390 0.056000
v -9.588011 7.647835 0.056000
v -9.391153 7.647835 -4.443631
v -9.378869 7.540245 -4.443631
v -9.600295 7.541390 -4.443631
v -9.588012 7.647835 -4.443631
v -9.391152 7.755425 0.056000
v -9.588011 7.754281 0.056000
v -9.378869 7.755425 -4.443631
v -9.600295 7.754281 -4.443631
v -9.404491 7.641155 0.055570
v -9.401136 7.539675 0.055678
v -9.578028 7.540814 0.055678
v -9.574673 7.641155 0.055570
v -9.404491 7.641155 -4.444061
v -9.388853 7.539675 -4.443953
v -9.590312 7.540814 -4.443953
v -9.574673 7.641155 -4.444061
v -9.401136 7.755995 0.055678
v -9.578028 7.754857 0.055678
v -9.388853 7.755995 -4.443953
v -9.590312 7.754857 -4.443953
vn -0.0000 1.0000 -0.0000
vn -0.9983 0.0576 0.0014
vn 0.9984 0.0570 0.0014
vn -0.9983 -0.0576 0.0014
vn 0.9984 -0.0570 0.0014
vn -0.0000 -1.0000 -0.0000
vn 0.9955 -0.0942 -0.0014
vn -0.9956 -0.0932 -0.0014
vn 0.9965 0.0832 -0.0014
vn -0.9966 0.0824 -0.0014
vn -0.0322 -0.0000 0.9995
vn 0.0322 -0.0000 0.9995
vn -0.0000 -0.0642 0.9979
vn 0.0311 0.0036 -0.9995
vn -0.0311 0.0037 -0.9995
vn -0.0000 0.0642 -0.9979
vn -0.0576 -0.9983 0.0002
vn 0.0570 -0.9984 0.0002
vn 0.0332 -0.0037 -0.9994
vn -0.0332 -0.0037 -0.9994
vn -0.0576 0.9983 0.0002
vn 0.0570 0.9984 0.0002
vt 0.605492 0.003652
vt 0.394508 0.003652
vt 0.394508 0.996265
vt 0.605492 0.996265
vt 0.612294 0.003652
vt 0.498210 0.003652
vt 0.498210 0.996265
vt 0.612294 0.996265
vt 0.613520 0.003652
vt 0.613520 0.996265
vt 0.384126 0.003652
vt 0.384126 0.996265
vt 0.382900 0.996265
vt 0.382900 0.003652
vt 0.591196 0.003747
vt 0.591196 0.996360
vt 0.408803 0.996360
vt 0.408803 0.003747
vt 0.612911 0.003723
vt 0.612911 0.996336
vt 0.505370 0.996360
vt 0.505370 0.003747
vt 0.505370 0.003747
vt 0.505370 0.996360
vt 0.614131 0.996336
vt 0.614131 0.003723
vt 0.383509 0.003723
vt 0.383509 0.996336
vt 0.382289 0.003723
vt 0.382289 0.996336
vt 0.613520 0.394508
vt 0.498210 0.394508
vt 0.505370 0.408803
vt 0.614131 0.405208
vt 0.498210 0.605492
vt 0.612294 0.605492
vt 0.612911 0.594793
vt 0.505370 0.591196
vt 0.613520 0.381343
vt 0.614131 0.392042
vt 0.612294 0.618657
vt 0.612911 0.607958
vt 0.618657 0.996265
vt 0.607958 0.996336
vt 0.594793 0.003723
vt 0.381343 0.996265
vt 0.405208 0.003723
vt 0.392042 0.996336
vt 0.382900 0.394508
vt 0.382289 0.405208
vt 0.384126 0.605492
vt 0.383509 0.594793
vt 0.382900 0.381343
vt 0.382289 0.392042
vt 0.384126 0.618657
vt 0.383509 0.607958
s 0
f 812/1235/779 809/1236/779 813/1237/779 816/1238/779
f 811/1239/780 812/1240/780 816/1241/780 815/1242/780
f 809/1240/781 810/1243/781 814/1244/781 813/1241/781
f 818/1245/782 820/1246/782 816/1241/782 812/1240/782
f 809/1240/783 813/1241/783 819/1247/783 817/1248/783
f 824/1249/784 828/1250/784 825/1251/784 821/1252/784
f 823/1253/785 827/1254/785 828/1255/785 824/1256/785
f 821/1257/786 825/1258/786 826/1259/786 822/1260/786
f 830/1261/787 824/1256/787 828/1255/787 832/1262/787
f 821/1257/788 829/1263/788 831/1264/788 825/1258/788
f 810/1265/789 809/1266/789 821/1267/789 822/1268/789
f 812/1269/790 811/1270/790 823/1271/790 824/1272/790
f 809/1266/791 812/1269/791 824/1272/791 821/1267/791
f 813/1266/792 814/1273/792 826/1274/792 825/1267/792
f 815/1275/793 816/1269/793 828/1272/793 827/1276/793
f 816/1269/794 813/1266/794 825/1267/794 828/1272/794
f 811/1235/795 815/1277/795 827/1278/795 823/1279/795
f 814/1280/796 810/1236/796 822/1281/796 826/1282/796
f 809/1266/789 817/1283/789 829/1284/789 821/1267/789
f 818/1285/790 812/1269/790 824/1272/790 830/1286/790
f 819/1287/797 813/1266/797 825/1267/797 831/1288/797
f 816/1269/798 820/1289/798 832/1290/798 828/1272/798
f 820/1277/799 818/1235/799 830/1279/799 832/1278/799
f 817/1236/800 819/1280/800 831/1282/800 829/1281/800
o Plane.050
v -14.122751 7.647835 0.056000
v -14.122751 7.540246 0.056000
v -14.319610 7.541390 0.056000
v -14.319610 7.647835 0.056000
v -14.122752 7.647835 -4.443631
v -14.110468 7.540246 -4.443631
v -14.331894 7.541390 -4.443631
v -14.319611 7.647835 -4.443631
v -14.122751 7.755425 0.056000
v -14.319610 7.754281 0.056000
v -14.110468 7.755425 -4.443631
v -14.331894 7.754281 -4.443631
v -14.136090 7.641155 0.055570
v -14.132735 7.539675 0.055678
v -14.309627 7.540814 0.055678
v -14.306272 7.641155 0.055570
v -14.136090 7.641155 -4.444061
v -14.120452 7.539675 -4.443954
v -14.321911 7.540814 -4.443954
v -14.306272 7.641155 -4.444061
v -14.132735 7.755995 0.055678
v -14.309627 7.754857 0.055678
v -14.120452 7.755995 -4.443954
v -14.321911 7.754857 -4.443954
vn -0.0000 1.0000 -0.0000
vn -0.9983 0.0576 0.0014
vn 0.9984 0.0570 0.0014
vn -0.9983 -0.0576 0.0014
vn 0.9984 -0.0570 0.0014
vn -0.0000 -1.0000 -0.0000
vn 0.9955 -0.0942 -0.0014
vn -0.9956 -0.0932 -0.0014
vn 0.9965 0.0832 -0.0014
vn -0.9966 0.0824 -0.0014
vn -0.0322 -0.0000 0.9995
vn 0.0322 -0.0000 0.9995
vn -0.0000 -0.0642 0.9979
vn 0.0311 0.0036 -0.9995
vn -0.0311 0.0037 -0.9995
vn -0.0000 0.0643 -0.9979
vn -0.0576 -0.9983 0.0002
vn 0.0570 -0.9984 0.0002
vn 0.0332 -0.0037 -0.9994
vn -0.0332 -0.0037 -0.9994
vn -0.0576 0.9983 0.0002
vn 0.0570 0.9984 0.0002
vt 0.394508 -1.911456
vt 0.605492 -1.911456
vt 0.605492 2.911053
vt 0.394508 2.911053
vt -1.911456 0.387706
vt -1.911456 0.501790
vt 2.911053 0.501790
vt 2.911053 0.387706
vt -1.911456 0.386480
vt 2.911053 0.386480
vt -1.911456 0.615873
vt 2.911053 0.615873
vt 2.911053 0.617100
vt -1.911456 0.617100
vt 0.408804 -1.910995
vt 0.408804 2.911514
vt 0.591196 2.911514
vt 0.591197 -1.910995
vt -1.911111 0.387089
vt 2.911399 0.387089
vt 2.911514 0.494630
vt -1.910995 0.494630
vt -1.910995 0.494630
vt 2.911514 0.494630
vt 2.911399 0.385869
vt -1.911111 0.385869
vt -1.911111 0.616491
vt 2.911399 0.616491
vt -1.911111 0.617711
vt 2.911399 0.617711
vt 0.605492 0.386480
vt 0.605492 0.501790
vt 0.591197 0.494630
vt 0.594792 0.385869
vt 0.394508 0.501790
vt 0.394508 0.387706
vt 0.405208 0.387089
vt 0.408804 0.494630
vt 0.605492 0.501790
vt 0.618657 0.386480
vt 0.607957 0.385869
vt 0.591196 0.494630
vt 0.381343 0.387706
vt 0.394508 0.501790
vt 0.408804 0.494630
vt 0.392042 0.387089
vt 0.381343 2.911053
vt 0.392042 2.911399
vt 0.405208 -1.911111
vt 0.618657 2.911053
vt 0.594792 -1.911111
vt 0.607957 2.911399
vt 0.605492 0.617100
vt 0.594792 0.617711
vt 0.394508 0.615873
vt 0.405208 0.616491
vt 0.618657 0.617100
vt 0.607957 0.617711
vt 0.381343 0.615873
vt 0.392042 0.616491
vt 0.394508 -1.911456
vt 0.392042 2.911399
vt 0.618657 2.911053
s 0
f 836/1291/801 833/1292/801 837/1293/801 840/1294/801
f 835/1295/802 836/1296/802 840/1297/802 839/1298/802
f 833/1296/803 834/1299/803 838/1300/803 837/1297/803
f 842/1301/804 844/1302/804 840/1297/804 836/1296/804
f 833/1296/805 837/1297/805 843/1303/805 841/1304/805
f 848/1305/806 852/1306/806 849/1307/806 845/1308/806
f 847/1309/807 851/1310/807 852/1311/807 848/1312/807
f 845/1313/808 849/1314/808 850/1315/808 846/1316/808
f 854/1317/809 848/1312/809 852/1311/809 856/1318/809
f 845/1313/810 853/1319/810 855/1320/810 849/1314/810
f 834/1321/811 833/1322/811 845/1323/811 846/1324/811
f 836/1325/812 835/1326/812 847/1327/812 848/1328/812
f 833/1322/813 836/1325/813 848/1328/813 845/1323/813
f 837/1329/814 838/1330/814 850/1331/814 849/1332/814
f 839/1333/815 840/1334/815 852/1335/815 851/1336/815
f 840/1334/816 837/1329/816 849/1332/816 852/1335/816
f 835/1291/817 839/1337/817 851/1338/817 847/1339/817
f 838/1340/818 834/1292/818 846/1341/818 850/1342/818
f 833/1322/811 841/1343/811 853/1344/811 845/1323/811
f 842/1345/812 836/1325/812 848/1328/812 854/1346/812
f 843/1347/819 837/1329/819 849/1332/819 855/1348/819
f 840/1334/820 844/1349/820 856/1350/820 852/1335/820
f 844/1337/821 842/1351/821 854/1339/821 856/1352/821
f 841/1292/822 843/1353/822 855/1342/822 853/1341/822
o Plane.051
v -9.491171 5.044471 -4.225684
v -9.383581 5.044471 -4.225684
v -9.384726 5.044471 -4.422542
v -9.491171 5.044471 -4.422542
v -9.491171 7.539675 -4.225684
v -9.383581 7.539675 -4.213400
v -9.384726 7.539675 -4.434826
v -9.491171 7.539675 -4.422542
v -9.598762 5.044471 -4.225684
v -9.597616 5.044471 -4.422542
v -9.598762 7.539675 -4.213400
v -9.597616 7.539675 -4.434826
v -9.484491 5.044710 -4.239022
v -9.383011 5.044650 -4.235667
v -9.384150 5.044650 -4.412559
v -9.484491 5.044710 -4.409204
v -9.484491 7.539913 -4.239022
v -9.383011 7.539854 -4.223383
v -9.384150 7.539854 -4.424843
v -9.484491 7.539913 -4.409204
v -9.599331 5.044650 -4.235667
v -9.598192 5.044650 -4.412559
v -9.599331 7.539854 -4.223383
v -9.598192 7.539854 -4.424843
vn -1.0000 -0.0000 -0.0000
vn -0.0576 -0.0025 -0.9983
vn -0.0570 -0.0025 0.9984
vn 0.0576 -0.0025 -0.9983
vn 0.0570 -0.0025 0.9984
vn 1.0000 -0.0000 -0.0000
vn 0.0942 0.0025 0.9955
vn 0.0932 0.0025 -0.9956
vn -0.0832 0.0025 0.9965
vn -0.0824 0.0025 -0.9966
vn -0.0000 -0.9998 -0.0179
vn -0.0000 -0.9998 0.0179
vn 0.0356 -0.9994 -0.0000
vn -0.0020 0.9998 0.0172
vn -0.0020 0.9998 -0.0172
vn -0.0356 0.9994 -0.0000
vn 0.9983 -0.0003 -0.0576
vn 0.9984 -0.0003 0.0570
vn 0.0020 0.9998 0.0184
vn 0.0021 0.9998 -0.0184
vn -0.9983 -0.0003 -0.0576
vn -0.9984 -0.0003 0.0570
vt 0.605492 -0.837237
vt 0.394508 -0.837237
vt 0.394508 1.837014
vt 0.605492 1.837014
vt 0.612293 -0.837237
vt 0.498210 -0.837237
vt 0.498210 1.837014
vt 0.612293 1.837014
vt 0.613521 -0.837237
vt 0.613521 1.837014
vt 0.384127 -0.837237
vt 0.384127 1.837014
vt 0.382900 1.837014
vt 0.382900 -0.837237
vt 0.591196 -0.836982
vt 0.591196 1.837269
vt 0.408803 1.837269
vt 0.408803 -0.836982
vt 0.612911 -0.837046
vt 0.612911 1.837205
vt 0.505370 1.837269
vt 0.505370 -0.836982
vt 0.614131 1.837205
vt 0.614131 -0.837046
vt 0.383509 -0.837046
vt 0.383509 1.837205
vt 0.382289 -0.837046
vt 0.382289 1.837205
vt 0.613521 0.394508
vt 0.498210 0.394508
vt 0.505370 0.408803
vt 0.614131 0.405208
vt 0.498210 0.605492
vt 0.612293 0.605492
vt 0.612911 0.594793
vt 0.505370 0.591196
vt 0.613521 0.381343
vt 0.614131 0.392042
vt 0.612293 0.618657
vt 0.612911 0.607958
vt 0.618657 1.837014
vt 0.607958 1.837205
vt 0.594793 -0.837046
vt 0.381343 1.837014
vt 0.405208 -0.837046
vt 0.392042 1.837205
vt 0.382900 0.394508
vt 0.382289 0.405208
vt 0.384127 0.605492
vt 0.383509 0.594793
vt 0.382900 0.381343
vt 0.382289 0.392042
vt 0.384127 0.618657
vt 0.383509 0.607958
s 0
f 860/1354/823 857/1355/823 861/1356/823 864/1357/823
f 859/1358/824 860/1359/824 864/1360/824 863/1361/824
f 857/1359/825 858/1362/825 862/1363/825 861/1360/825
f 866/1364/826 868/1365/826 864/1360/826 860/1359/826
f 857/1359/827 861/1360/827 867/1366/827 865/1367/827
f 872/1368/828 876/1369/828 873/1370/828 869/1371/828
f 871/1372/829 875/1373/829 876/1374/829 872/1375/829
f 869/1375/830 873/1374/830 874/1376/830 870/1377/830
f 878/1378/831 872/1375/831 876/1374/831 880/1379/831
f 869/1375/832 877/1380/832 879/1381/832 873/1374/832
f 858/1382/833 857/1383/833 869/1384/833 870/1385/833
f 860/1386/834 859/1387/834 871/1388/834 872/1389/834
f 857/1383/835 860/1386/835 872/1389/835 869/1384/835
f 861/1383/836 862/1390/836 874/1391/836 873/1384/836
f 863/1392/837 864/1386/837 876/1389/837 875/1393/837
f 864/1386/838 861/1383/838 873/1384/838 876/1389/838
f 859/1354/839 863/1394/839 875/1395/839 871/1396/839
f 862/1397/840 858/1355/840 870/1398/840 874/1399/840
f 857/1383/833 865/1400/833 877/1401/833 869/1384/833
f 866/1402/834 860/1386/834 872/1389/834 878/1403/834
f 867/1404/841 861/1383/841 873/1384/841 879/1405/841
f 864/1386/842 868/1406/842 880/1407/842 876/1389/842
f 868/1394/843 866/1354/843 878/1396/843 880/1395/843
f 865/1355/844 867/1397/844 879/1399/844 877/1398/844
o Cube.023
v -9.621589 7.472878 0.059542
v -9.621589 7.478999 0.065663
v -9.627710 7.478999 0.059542
v -9.621589 7.474671 0.063870
v -9.625123 7.475465 0.063076
v -9.625917 7.478999 0.063870
v -9.625917 7.474671 0.059542
v -9.621589 7.929398 0.065663
v -9.621589 7.935519 0.059542
v -9.627710 7.929398 0.059542
v -9.621589 7.933726 0.063870
v -9.625123 7.932932 0.063076
v -9.625917 7.933726 0.059542
v -9.625917 7.929398 0.063870
v -9.621589 7.472878 -0.218425
v -9.627710 7.478999 -0.218425
v -9.621589 7.478999 -0.224546
v -9.625917 7.474671 -0.218425
v -9.625123 7.475465 -0.221959
v -9.625917 7.478999 -0.222753
v -9.621589 7.474671 -0.222753
v -9.621589 7.935519 -0.218425
v -9.621589 7.929398 -0.224546
v -9.627710 7.929398 -0.218425
v -9.621589 7.933726 -0.222753
v -9.625123 7.932932 -0.221959
v -9.625917 7.929398 -0.222753
v -9.625917 7.933726 -0.218425
v -9.343623 7.472878 0.059542
v -9.337502 7.478999 0.059542
v -9.343623 7.478999 0.065663
v -9.339294 7.474671 0.059542
v -9.340088 7.475465 0.063076
v -9.339294 7.478999 0.063870
v -9.343623 7.474671 0.063870
v -9.343623 7.935519 0.059542
v -9.343623 7.929398 0.065663
v -9.337502 7.929398 0.059542
v -9.343623 7.933726 0.063870
v -9.340088 7.932932 0.063076
v -9.339294 7.929398 0.063870
v -9.339294 7.933726 0.059542
v -9.343623 7.472878 -0.218425
v -9.343623 7.478999 -0.224546
v -9.337502 7.478999 -0.218425
v -9.343623 7.474671 -0.222753
v -9.340088 7.475465 -0.221959
v -9.339294 7.478999 -0.222753
v -9.339294 7.474671 -0.218425
v -9.343623 7.935519 -0.218425
v -9.337502 7.929398 -0.218425
v -9.343623 7.929398 -0.224546
v -9.339294 7.933726 -0.218425
v -9.340088 7.932932 -0.221959
v -9.339294 7.929398 -0.222753
v -9.343623 7.933726 -0.222753
vn -0.1794 -0.9673 0.1794
vn -0.1794 -0.1794 0.9673
vn -0.9673 -0.1794 0.1794
vn -0.1726 -0.6965 0.6965
vn -0.5773 -0.5773 0.5774
vn -0.6965 -0.1726 0.6965
vn -0.6965 -0.6965 0.1726
vn -0.1794 0.1794 0.9673
vn -0.1794 0.9673 0.1794
vn -0.9673 0.1794 0.1794
vn -0.1726 0.6965 0.6965
vn -0.5773 0.5773 0.5774
vn -0.6965 0.6965 0.1726
vn -0.6965 0.1726 0.6965
vn -0.1794 -0.9673 -0.1794
vn -0.9673 -0.1794 -0.1794
vn -0.1794 -0.1794 -0.9673
vn -0.6965 -0.6965 -0.1726
vn -0.5773 -0.5773 -0.5774
vn -0.6965 -0.1726 -0.6965
vn -0.1726 -0.6965 -0.6965
vn -0.1794 0.9673 -0.1794
vn -0.1794 0.1794 -0.9673
vn -0.9673 0.1794 -0.1794
vn -0.1726 0.6965 -0.6965
vn -0.5773 0.5773 -0.5774
vn -0.6965 0.1726 -0.6965
vn -0.6965 0.6965 -0.1726
vn 0.1794 -0.9673 0.1794
vn 0.9673 -0.1794 0.1794
vn 0.1794 -0.1794 0.9673
vn 0.6965 -0.6965 0.1726
vn 0.5773 -0.5773 0.5774
vn 0.6965 -0.1726 0.6965
vn 0.1726 -0.6965 0.6965
vn 0.1794 0.9673 0.1794
vn 0.1794 0.1794 0.9673
vn 0.9673 0.1794 0.1794
vn 0.1726 0.6965 0.6965
vn 0.5773 0.5773 0.5774
vn 0.6965 0.1726 0.6965
vn 0.6965 0.6965 0.1726
vn 0.1794 -0.9673 -0.1794
vn 0.1794 -0.1794 -0.9673
vn 0.9673 -0.1794 -0.1794
vn 0.1726 -0.6965 -0.6965
vn 0.5773 -0.5773 -0.5774
vn 0.6965 -0.1726 -0.6965
vn 0.6965 -0.6965 -0.1726
vn 0.1794 0.9673 -0.1794
vn 0.9673 0.1794 -0.1794
vn 0.1794 0.1794 -0.9673
vn 0.6965 0.6965 -0.1726
vn 0.5773 0.5773 -0.5774
vn 0.6965 0.1726 -0.6965
vn 0.1726 0.6965 -0.6965
vt 0.638983 0.274801
vt 0.638983 0.725199
vt 0.361017 0.725199
vt 0.361017 0.274801
vt 0.638984 0.274801
vt 0.638984 0.725199
vt 0.361016 0.725199
vt 0.361016 0.274801
vt 0.638983 0.638984
vt 0.361017 0.638984
vt 0.361017 0.361016
vt 0.638983 0.361016
vt 0.361017 0.356688
vt 0.357483 0.357482
vt 0.356688 0.361016
vt 0.356688 0.274801
vt 0.357483 0.271267
vt 0.361017 0.270472
vt 0.361016 0.270472
vt 0.357482 0.271267
vt 0.356688 0.274801
vt 0.361017 0.729528
vt 0.357483 0.728733
vt 0.356688 0.725199
vt 0.356688 0.725199
vt 0.357482 0.728733
vt 0.361016 0.729528
vt 0.356688 0.638984
vt 0.357483 0.642518
vt 0.361017 0.643312
vt 0.643312 0.274801
vt 0.642518 0.271267
vt 0.638984 0.270472
vt 0.638984 0.729528
vt 0.642518 0.728733
vt 0.643312 0.725199
vt 0.643312 0.361016
vt 0.642517 0.357482
vt 0.638983 0.356688
vt 0.638983 0.270472
vt 0.642517 0.271267
vt 0.643312 0.274801
vt 0.643312 0.725199
vt 0.642517 0.728733
vt 0.638983 0.729528
vt 0.638983 0.643312
vt 0.642517 0.642518
vt 0.643312 0.638984
s 1
f 911/1408/875 917/1409/881 888/1410/852 882/1411/846
f 925/1412/889 931/1413/895 918/1414/882 910/1415/874
f 930/1416/894 902/1417/866 889/1418/853 916/1419/880
f 883/1415/847 890/1414/854 904/1413/868 896/1412/860
f 897/1411/861 903/1410/867 932/1409/896 924/1408/888
f 881/1418/845 884/1420/848 885/1421/849 887/1422/851
f 882/1411/846 886/1423/850 885/1424/849 884/1425/848
f 883/1415/847 887/1426/851 885/1427/849 886/1428/850
f 888/1410/852 891/1429/855 892/1430/856 894/1431/858
f 889/1418/853 893/1422/857 892/1421/856 891/1420/855
f 890/1414/854 894/1432/858 892/1433/856 893/1434/857
f 895/1417/859 898/1435/862 899/1436/863 901/1437/865
f 896/1412/860 900/1438/864 899/1439/863 898/1440/862
f 897/1411/861 901/1425/865 899/1424/863 900/1423/864
f 902/1417/866 905/1437/869 906/1436/870 908/1435/872
f 903/1410/867 907/1431/871 906/1430/870 905/1429/869
f 904/1413/868 908/1441/872 906/1442/870 907/1443/871
f 909/1419/873 912/1444/876 913/1445/877 915/1446/879
f 910/1415/874 914/1428/878 913/1427/877 912/1426/876
f 911/1408/875 915/1447/879 913/1448/877 914/1449/878
f 916/1419/880 919/1446/883 920/1445/884 922/1444/886
f 917/1409/881 921/1450/885 920/1451/884 919/1452/883
f 918/1414/882 922/1434/886 920/1433/884 921/1432/885
f 923/1416/887 926/1453/890 927/1454/891 929/1455/893
f 924/1408/888 928/1449/892 927/1448/891 926/1447/890
f 925/1412/889 929/1440/893 927/1439/891 928/1438/892
f 930/1416/894 933/1455/897 934/1454/898 936/1453/900
f 931/1413/895 935/1443/899 934/1442/898 933/1441/897
f 932/1409/896 936/1452/900 934/1451/898 935/1450/899
f 895/1417/859 881/1418/845 887/1422/851 898/1435/862
f 898/1440/862 887/1426/851 883/1415/847 896/1412/860
f 882/1411/846 888/1410/852 894/1431/858 886/1423/850
f 886/1428/850 894/1432/858 890/1414/854 883/1415/847
f 889/1418/853 902/1417/866 908/1435/872 893/1422/857
f 893/1434/857 908/1441/872 904/1413/868 890/1414/854
f 903/1410/867 897/1411/861 900/1423/864 907/1431/871
f 907/1443/871 900/1438/864 896/1412/860 904/1413/868
f 923/1416/887 895/1417/859 901/1437/865 926/1453/890
f 926/1447/890 901/1425/865 897/1411/861 924/1408/888
f 902/1417/866 930/1416/894 936/1453/900 905/1437/869
f 905/1429/869 936/1452/900 932/1409/896 903/1410/867
f 931/1413/895 925/1412/889 928/1438/892 935/1443/899
f 935/1450/899 928/1449/892 924/1408/888 932/1409/896
f 909/1419/873 923/1416/887 929/1455/893 912/1444/876
f 912/1426/876 929/1440/893 925/1412/889 910/1415/874
f 930/1416/894 916/1419/880 922/1444/886 933/1455/897
f 933/1441/897 922/1434/886 918/1414/882 931/1413/895
f 917/1409/881 911/1408/875 914/1449/878 921/1450/885
f 921/1432/885 914/1428/878 910/1415/874 918/1414/882
f 881/1418/845 909/1419/873 915/1446/879 884/1420/848
f 884/1425/848 915/1447/879 911/1408/875 882/1411/846
f 916/1419/880 889/1418/853 891/1420/855 919/1446/883
f 919/1452/883 891/1429/855 888/1410/852 917/1409/881
f 895/1417/859 923/1416/887 909/1419/873 881/1418/845
o Cube.024
v -14.343535 7.472878 0.059542
v -14.343535 7.478999 0.065663
v -14.349657 7.478999 0.059542
v -14.343535 7.474671 0.063870
v -14.347070 7.475465 0.063076
v -14.347864 7.478999 0.063870
v -14.347864 7.474671 0.059542
v -14.343535 7.929398 0.065663
v -14.343535 7.935519 0.059542
v -14.349657 7.929398 0.059542
v -14.343535 7.933726 0.063870
v -14.347070 7.932932 0.063076
v -14.347864 7.933726 0.059542
v -14.347864 7.929398 0.063870
v -14.343535 7.472878 -0.218425
v -14.349657 7.478999 -0.218425
v -14.343535 7.478999 -0.224546
v -14.347864 7.474671 -0.218425
v -14.347070 7.475465 -0.221959
v -14.347864 7.478999 -0.222753
v -14.343535 7.474671 -0.222753
v -14.343535 7.935519 -0.218425
v -14.343535 7.929398 -0.224546
v -14.349657 7.929398 -0.218425
v -14.343535 7.933726 -0.222753
v -14.347070 7.932932 -0.221959
v -14.347864 7.929398 -0.222753
v -14.347864 7.933726 -0.218425
v -14.065570 7.472878 0.059542
v -14.059448 7.478999 0.059542
v -14.065570 7.478999 0.065663
v -14.061241 7.474671 0.059542
v -14.062035 7.475465 0.063076
v -14.061241 7.478999 0.063870
v -14.065570 7.474671 0.063870
v -14.065570 7.935519 0.059542
v -14.065570 7.929398 0.065663
v -14.059448 7.929398 0.059542
v -14.065570 7.933726 0.063870
v -14.062035 7.932932 0.063076
v -14.061241 7.929398 0.063870
v -14.061241 7.933726 0.059542
v -14.065570 7.472878 -0.218425
v -14.065570 7.478999 -0.224546
v -14.059448 7.478999 -0.218425
v -14.065570 7.474671 -0.222753
v -14.062035 7.475465 -0.221959
v -14.061241 7.478999 -0.222753
v -14.061241 7.474671 -0.218425
v -14.065570 7.935519 -0.218425
v -14.059448 7.929398 -0.218425
v -14.065570 7.929398 -0.224546
v -14.061241 7.933726 -0.218425
v -14.062035 7.932932 -0.221959
v -14.061241 7.929398 -0.222753
v -14.065570 7.933726 -0.222753
vn -0.1794 -0.9673 0.1794
vn -0.1794 -0.1794 0.9673
vn -0.9673 -0.1794 0.1794
vn -0.1726 -0.6965 0.6965
vn -0.5773 -0.5773 0.5774
vn -0.6965 -0.1726 0.6965
vn -0.6965 -0.6965 0.1726
vn -0.1794 0.1794 0.9673
vn -0.1794 0.9673 0.1794
vn -0.9673 0.1794 0.1794
vn -0.1726 0.6965 0.6965
vn -0.5773 0.5773 0.5774
vn -0.6965 0.6965 0.1726
vn -0.6965 0.1726 0.6965
vn -0.1794 -0.9673 -0.1794
vn -0.9673 -0.1794 -0.1794
vn -0.1794 -0.1794 -0.9673
vn -0.6965 -0.6965 -0.1726
vn -0.5773 -0.5773 -0.5774
vn -0.6965 -0.1726 -0.6965
vn -0.1726 -0.6965 -0.6965
vn -0.1794 0.9673 -0.1794
vn -0.1794 0.1794 -0.9673
vn -0.9673 0.1794 -0.1794
vn -0.1726 0.6965 -0.6965
vn -0.5773 0.5773 -0.5774
vn -0.6965 0.1726 -0.6965
vn -0.6965 0.6965 -0.1726
vn 0.1794 -0.9673 0.1794
vn 0.9673 -0.1794 0.1794
vn 0.1794 -0.1794 0.9673
vn 0.6965 -0.6965 0.1726
vn 0.5773 -0.5773 0.5774
vn 0.6965 -0.1726 0.6965
vn 0.1726 -0.6965 0.6965
vn 0.1794 0.9673 0.1794
vn 0.1794 0.1794 0.9673
vn 0.9673 0.1794 0.1794
vn 0.1726 0.6965 0.6965
vn 0.5773 0.5773 0.5774
vn 0.6965 0.1726 0.6965
vn 0.6965 0.6965 0.1726
vn 0.1794 -0.9673 -0.1794
vn 0.1794 -0.1794 -0.9673
vn 0.9673 -0.1794 -0.1794
vn 0.1726 -0.6965 -0.6965
vn 0.5773 -0.5773 -0.5774
vn 0.6965 -0.1726 -0.6965
vn 0.6965 -0.6965 -0.1726
vn 0.1794 0.9673 -0.1794
vn 0.9673 0.1794 -0.1794
vn 0.1794 0.1794 -0.9673
vn 0.6965 0.6965 -0.1726
vn 0.5773 0.5773 -0.5774
vn 0.6965 0.1726 -0.6965
vn 0.1726 0.6965 -0.6965
vt 0.638983 0.274801
vt 0.638983 0.725199
vt 0.361017 0.725199
vt 0.361017 0.274801
vt 0.638984 0.274801
vt 0.638984 0.725199
vt 0.361016 0.725199
vt 0.361016 0.274801
vt 0.638983 0.638984
vt 0.361017 0.638984
vt 0.361017 0.361016
vt 0.638983 0.361016
vt 0.361017 0.356688
vt 0.357483 0.357482
vt 0.356688 0.361016
vt 0.356688 0.274801
vt 0.357483 0.271267
vt 0.361017 0.270472
vt 0.361016 0.270472
vt 0.357482 0.271267
vt 0.356688 0.274801
vt 0.361017 0.729528
vt 0.357483 0.728733
vt 0.356688 0.725199
vt 0.356688 0.725199
vt 0.357482 0.728733
vt 0.361016 0.729528
vt 0.356688 0.638984
vt 0.357483 0.642518
vt 0.361017 0.643312
vt 0.643312 0.274801
vt 0.642518 0.271267
vt 0.638984 0.270472
vt 0.638984 0.729528
vt 0.642518 0.728733
vt 0.643312 0.725199
vt 0.643312 0.361016
vt 0.642517 0.357482
vt 0.638983 0.356688
vt 0.638983 0.270472
vt 0.642517 0.271267
vt 0.643312 0.274801
vt 0.643312 0.725199
vt 0.642517 0.728733
vt 0.638983 0.729528
vt 0.638983 0.643312
vt 0.642517 0.642518
vt 0.643312 0.638984
s 1
f 967/1456/931 973/1457/937 944/1458/908 938/1459/902
f 981/1460/945 987/1461/951 974/1462/938 966/1463/930
f 986/1464/950 958/1465/922 945/1466/909 972/1467/936
f 939/1463/903 946/1462/910 960/1461/924 952/1460/916
f 953/1459/917 959/1458/923 988/1457/952 980/1456/944
f 937/1466/901 940/1468/904 941/1469/905 943/1470/907
f 938/1459/902 942/1471/906 941/1472/905 940/1473/904
f 939/1463/903 943/1474/907 941/1475/905 942/1476/906
f 944/1458/908 947/1477/911 948/1478/912 950/1479/914
f 945/1466/909 949/1470/913 948/1469/912 947/1468/911
f 946/1462/910 950/1480/914 948/1481/912 949/1482/913
f 951/1465/915 954/1483/918 955/1484/919 957/1485/921
f 952/1460/916 956/1486/920 955/1487/919 954/1488/918
f 953/1459/917 957/1473/921 955/1472/919 956/1471/920
f 958/1465/922 961/1485/925 962/1484/926 964/1483/928
f 959/1458/923 963/1479/927 962/1478/926 961/1477/925
f 960/1461/924 964/1489/928 962/1490/926 963/1491/927
f 965/1467/929 968/1492/932 969/1493/933 971/1494/935
f 966/1463/930 970/1476/934 969/1475/933 968/1474/932
f 967/1456/931 971/1495/935 969/1496/933 970/1497/934
f 972/1467/936 975/1494/939 976/1493/940 978/1492/942
f 973/1457/937 977/1498/941 976/1499/940 975/1500/939
f 974/1462/938 978/1482/942 976/1481/940 977/1480/941
f 979/1464/943 982/1501/946 983/1502/947 985/1503/949
f 980/1456/944 984/1497/948 983/1496/947 982/1495/946
f 981/1460/945 985/1488/949 983/1487/947 984/1486/948
f 986/1464/950 989/1503/953 990/1502/954 992/1501/956
f 987/1461/951 991/1491/955 990/1490/954 989/1489/953
f 988/1457/952 992/1500/956 990/1499/954 991/1498/955
f 951/1465/915 937/1466/901 943/1470/907 954/1483/918
f 954/1488/918 943/1474/907 939/1463/903 952/1460/916
f 938/1459/902 944/1458/908 950/1479/914 942/1471/906
f 942/1476/906 950/1480/914 946/1462/910 939/1463/903
f 945/1466/909 958/1465/922 964/1483/928 949/1470/913
f 949/1482/913 964/1489/928 960/1461/924 946/1462/910
f 959/1458/923 953/1459/917 956/1471/920 963/1479/927
f 963/1491/927 956/1486/920 952/1460/916 960/1461/924
f 979/1464/943 951/1465/915 957/1485/921 982/1501/946
f 982/1495/946 957/1473/921 953/1459/917 980/1456/944
f 958/1465/922 986/1464/950 992/1501/956 961/1485/925
f 961/1477/925 992/1500/956 988/1457/952 959/1458/923
f 987/1461/951 981/1460/945 984/1486/948 991/1491/955
f 991/1498/955 984/1497/948 980/1456/944 988/1457/952
f 965/1467/929 979/1464/943 985/1503/949 968/1492/932
f 968/1474/932 985/1488/949 981/1460/945 966/1463/930
f 986/1464/950 972/1467/936 978/1492/942 989/1503/953
f 989/1489/953 978/1482/942 974/1462/938 987/1461/951
f 973/1457/937 967/1456/931 970/1497/934 977/1498/941
f 977/1480/941 970/1476/934 966/1463/930 974/1462/938
f 937/1466/901 965/1467/929 971/1494/935 940/1468/904
f 940/1473/904 971/1495/935 967/1456/931 938/1459/902
f 972/1467/936 945/1466/909 947/1468/911 975/1494/939
f 975/1500/939 947/1477/911 944/1458/908 973/1457/937
f 951/1465/915 979/1464/943 965/1467/929 937/1466/901
o Cube.025
v -9.621589 7.472878 -4.181565
v -9.621589 7.478999 -4.175445
v -9.627710 7.478999 -4.181565
v -9.621589 7.474671 -4.177237
v -9.625123 7.475465 -4.178031
v -9.625917 7.478999 -4.177237
v -9.625917 7.474671 -4.181565
v -9.621589 7.929398 -4.175445
v -9.621589 7.935519 -4.181565
v -9.627710 7.929398 -4.181565
v -9.621589 7.933726 -4.177237
v -9.625123 7.932932 -4.178031
v -9.625917 7.933726 -4.181565
v -9.625917 7.929398 -4.177237
v -9.621589 7.472878 -4.459533
v -9.627710 7.478999 -4.459533
v -9.621589 7.478999 -4.465653
v -9.625917 7.474671 -4.459533
v -9.625123 7.475465 -4.463067
v -9.625917 7.478999 -4.463861
v -9.621589 7.474671 -4.463861
v -9.621589 7.935519 -4.459533
v -9.621589 7.929398 -4.465653
v -9.627710 7.929398 -4.459533
v -9.621589 7.933726 -4.463861
v -9.625123 7.932932 -4.463067
v -9.625917 7.929398 -4.463861
v -9.625917 7.933726 -4.459533
v -9.343623 7.472878 -4.181565
v -9.337502 7.478999 -4.181565
v -9.343623 7.478999 -4.175445
v -9.339294 7.474671 -4.181565
v -9.340088 7.475465 -4.178031
v -9.339294 7.478999 -4.177237
v -9.343623 7.474671 -4.177237
v -9.343623 7.935519 -4.181565
v -9.343623 7.929398 -4.175445
v -9.337502 7.929398 -4.181565
v -9.343623 7.933726 -4.177237
v -9.340088 7.932932 -4.178031
v -9.339294 7.929398 -4.177237
v -9.339294 7.933726 -4.181565
v -9.343623 7.472878 -4.459533
v -9.343623 7.478999 -4.465653
v -9.337502 7.478999 -4.459533
v -9.343623 7.474671 -4.463861
v -9.340088 7.475465 -4.463067
v -9.339294 7.478999 -4.463861
v -9.339294 7.474671 -4.459533
v -9.343623 7.935519 -4.459533
v -9.337502 7.929398 -4.459533
v -9.343623 7.929398 -4.465653
v -9.339294 7.933726 -4.459533
v -9.340088 7.932932 -4.463067
v -9.339294 7.929398 -4.463861
v -9.343623 7.933726 -4.463861
vn -0.1794 -0.9673 0.1794
vn -0.1794 -0.1794 0.9673
vn -0.9673 -0.1794 0.1794
vn -0.1726 -0.6965 0.6965
vn -0.5773 -0.5773 0.5774
vn -0.6965 -0.1726 0.6965
vn -0.6965 -0.6965 0.1726
vn -0.1794 0.1794 0.9673
vn -0.1794 0.9673 0.1794
vn -0.9673 0.1794 0.1794
vn -0.1726 0.6965 0.6965
vn -0.5773 0.5773 0.5774
vn -0.6965 0.6965 0.1726
vn -0.6965 0.1726 0.6965
vn -0.1794 -0.9673 -0.1794
vn -0.9673 -0.1794 -0.1794
vn -0.1794 -0.1794 -0.9673
vn -0.6965 -0.6965 -0.1726
vn -0.5773 -0.5773 -0.5774
vn -0.6965 -0.1726 -0.6965
vn -0.1726 -0.6965 -0.6965
vn -0.1794 0.9673 -0.1794
vn -0.1794 0.1794 -0.9673
vn -0.9673 0.1794 -0.1794
vn -0.1726 0.6965 -0.6965
vn -0.5773 0.5773 -0.5774
vn -0.6965 0.1726 -0.6965
vn -0.6965 0.6965 -0.1726
vn 0.1794 -0.9673 0.1794
vn 0.9673 -0.1794 0.1794
vn 0.1794 -0.1794 0.9673
vn 0.6965 -0.6965 0.1726
vn 0.5773 -0.5773 0.5774
vn 0.6965 -0.1726 0.6965
vn 0.1726 -0.6965 0.6965
vn 0.1794 0.9673 0.1794
vn 0.1794 0.1794 0.9673
vn 0.9673 0.1794 0.1794
vn 0.1726 0.6965 0.6965
vn 0.5773 0.5773 0.5774
vn 0.6965 0.1726 0.6965
vn 0.6965 0.6965 0.1726
vn 0.1794 -0.9673 -0.1794
vn 0.1794 -0.1794 -0.9673
vn 0.9673 -0.1794 -0.1794
vn 0.1726 -0.6965 -0.6965
vn 0.5773 -0.5773 -0.5774
vn 0.6965 -0.1726 -0.6965
vn 0.6965 -0.6965 -0.1726
vn 0.1794 0.9673 -0.1794
vn 0.9673 0.1794 -0.1794
vn 0.1794 0.1794 -0.9673
vn 0.6965 0.6965 -0.1726
vn 0.5773 0.5773 -0.5774
vn 0.6965 0.1726 -0.6965
vn 0.1726 0.6965 -0.6965
vt 0.638983 0.274801
vt 0.638983 0.725199
vt 0.361017 0.725199
vt 0.361017 0.274801
vt 0.638984 0.274801
vt 0.638984 0.725199
vt 0.361016 0.725199
vt 0.361016 0.274801
vt 0.638983 0.638984
vt 0.361017 0.638984
vt 0.361017 0.361016
vt 0.638983 0.361016
vt 0.361017 0.356688
vt 0.357483 0.357482
vt 0.356688 0.361016
vt 0.356688 0.274801
vt 0.357483 0.271267
vt 0.361017 0.270472
vt 0.361016 0.270472
vt 0.357482 0.271267
vt 0.356688 0.274801
vt 0.361017 0.729528
vt 0.357483 0.728733
vt 0.356688 0.725199
vt 0.356688 0.725199
vt 0.357482 0.728733
vt 0.361016 0.729528
vt 0.356688 0.638984
vt 0.357483 0.642518
vt 0.361017 0.643312
vt 0.643312 0.274801
vt 0.642518 0.271267
vt 0.638984 0.270472
vt 0.638984 0.729528
vt 0.642518 0.728733
vt 0.643312 0.725199
vt 0.643312 0.361016
vt 0.642517 0.357482
vt 0.638983 0.356688
vt 0.638983 0.270472
vt 0.642517 0.271267
vt 0.643312 0.274801
vt 0.643312 0.725199
vt 0.642517 0.728733
vt 0.638983 0.729528
vt 0.638983 0.643312
vt 0.642517 0.642518
vt 0.643312 0.638984
s 1
f 1023/1504/987 1029/1505/993 1000/1506/964 994/1507/958
f 1037/1508/1001 1043/1509/1007 1030/1510/994 1022/1511/986
f 1042/1512/1006 1014/1513/978 1001/1514/965 1028/1515/992
f 995/1511/959 1002/1510/966 1016/1509/980 1008/1508/972
f 1009/1507/973 1015/1506/979 1044/1505/1008 1036/1504/1000
f 993/1514/957 996/1516/960 997/1517/961 999/1518/963
f 994/1507/958 998/1519/962 997/1520/961 996/1521/960
f 995/1511/959 999/1522/963 997/1523/961 998/1524/962
f 1000/1506/964 1003/1525/967 1004/1526/968 1006/1527/970
f 1001/1514/965 1005/1518/969 1004/1517/968 1003/1516/967
f 1002/1510/966 1006/1528/970 1004/1529/968 1005/1530/969
f 1007/1513/971 1010/1531/974 1011/1532/975 1013/1533/977
f 1008/1508/972 1012/1534/976 1011/1535/975 1010/1536/974
f 1009/1507/973 1013/1521/977 1011/1520/975 1012/1519/976
f 1014/1513/978 1017/1533/981 1018/1532/982 1020/1531/984
f 1015/1506/979 1019/1527/983 1018/1526/982 1017/1525/981
f 1016/1509/980 1020/1537/984 1018/1538/982 1019/1539/983
f 1021/1515/985 1024/1540/988 1025/1541/989 1027/1542/991
f 1022/1511/986 1026/1524/990 1025/1523/989 1024/1522/988
f 1023/1504/987 1027/1543/991 1025/1544/989 1026/1545/990
f 1028/1515/992 1031/1542/995 1032/1541/996 1034/1540/998
f 1029/1505/993 1033/1546/997 1032/1547/996 1031/1548/995
f 1030/1510/994 1034/1530/998 1032/1529/996 1033/1528/997
f 1035/1512/999 1038/1549/1002 1039/1550/1003 1041/1551/1005
f 1036/1504/1000 1040/1545/1004 1039/1544/1003 1038/1543/1002
f 1037/1508/1001 1041/1536/1005 1039/1535/1003 1040/1534/1004
f 1042/1512/1006 1045/1551/1009 1046/1550/1010 1048/1549/1012
f 1043/1509/1007 1047/1539/1011 1046/1538/1010 1045/1537/1009
f 1044/1505/1008 1048/1548/1012 1046/1547/1010 1047/1546/1011
f 1007/1513/971 993/1514/957 999/1518/963 1010/1531/974
f 1010/1536/974 999/1522/963 995/1511/959 1008/1508/972
f 994/1507/958 1000/1506/964 1006/1527/970 998/1519/962
f 998/1524/962 1006/1528/970 1002/1510/966 995/1511/959
f 1001/1514/965 1014/1513/978 1020/1531/984 1005/1518/969
f 1005/1530/969 1020/1537/984 1016/1509/980 1002/1510/966
f 1015/1506/979 1009/1507/973 1012/1519/976 1019/1527/983
f 1019/1539/983 1012/1534/976 1008/1508/972 1016/1509/980
f 1035/1512/999 1007/1513/971 1013/1533/977 1038/1549/1002
f 1038/1543/1002 1013/1521/977 1009/1507/973 1036/1504/1000
f 1014/1513/978 1042/1512/1006 1048/1549/1012 1017/1533/981
f 1017/1525/981 1048/1548/1012 1044/1505/1008 1015/1506/979
f 1043/1509/1007 1037/1508/1001 1040/1534/1004 1047/1539/1011
f 1047/1546/1011 1040/1545/1004 1036/1504/1000 1044/1505/1008
f 1021/1515/985 1035/1512/999 1041/1551/1005 1024/1540/988
f 1024/1522/988 1041/1536/1005 1037/1508/1001 1022/1511/986
f 1042/1512/1006 1028/1515/992 1034/1540/998 1045/1551/1009
f 1045/1537/1009 1034/1530/998 1030/1510/994 1043/1509/1007
f 1029/1505/993 1023/1504/987 1026/1545/990 1033/1546/997
f 1033/1528/997 1026/1524/990 1022/1511/986 1030/1510/994
f 993/1514/957 1021/1515/985 1027/1542/991 996/1516/960
f 996/1521/960 1027/1543/991 1023/1504/987 994/1507/958
f 1028/1515/992 1001/1514/965 1003/1516/967 1031/1542/995
f 1031/1548/995 1003/1525/967 1000/1506/964 1029/1505/993
f 1007/1513/971 1035/1512/999 1021/1515/985 993/1514/957
o Cube.026
v -14.343535 7.472878 -4.181565
v -14.343535 7.478999 -4.175445
v -14.349657 7.478999 -4.181565
v -14.343535 7.474671 -4.177237
v -14.347070 7.475465 -4.178031
v -14.347864 7.478999 -4.177237
v -14.347864 7.474671 -4.181565
v -14.343535 7.929398 -4.175445
v -14.343535 7.935519 -4.181565
v -14.349657 7.929398 -4.181565
v -14.343535 7.933726 -4.177237
v -14.347070 7.932932 -4.178031
v -14.347864 7.933726 -4.181565
v -14.347864 7.929398 -4.177237
v -14.343535 7.472878 -4.459533
v -14.349657 7.478999 -4.459533
v -14.343535 7.478999 -4.465653
v -14.347864 7.474671 -4.459533
v -14.347070 7.475465 -4.463067
v -14.347864 7.478999 -4.463861
v -14.343535 7.474671 -4.463861
v -14.343535 7.935519 -4.459533
v -14.343535 7.929398 -4.465653
v -14.349657 7.929398 -4.459533
v -14.343535 7.933726 -4.463861
v -14.347070 7.932932 -4.463067
v -14.347864 7.929398 -4.463861
v -14.347864 7.933726 -4.459533
v -14.065570 7.472878 -4.181565
v -14.059448 7.478999 -4.181565
v -14.065570 7.478999 -4.175445
v -14.061241 7.474671 -4.181565
v -14.062035 7.475465 -4.178031
v -14.061241 7.478999 -4.177237
v -14.065570 7.474671 -4.177237
v -14.065570 7.935519 -4.181565
v -14.065570 7.929398 -4.175445
v -14.059448 7.929398 -4.181565
v -14.065570 7.933726 -4.177237
v -14.062035 7.932932 -4.178031
v -14.061241 7.929398 -4.177237
v -14.061241 7.933726 -4.181565
v -14.065570 7.472878 -4.459533
v -14.065570 7.478999 -4.465653
v -14.059448 7.478999 -4.459533
v -14.065570 7.474671 -4.463861
v -14.062035 7.475465 -4.463067
v -14.061241 7.478999 -4.463861
v -14.061241 7.474671 -4.459533
v -14.065570 7.935519 -4.459533
v -14.059448 7.929398 -4.459533
v -14.065570 7.929398 -4.465653
v -14.061241 7.933726 -4.459533
v -14.062035 7.932932 -4.463067
v -14.061241 7.929398 -4.463861
v -14.065570 7.933726 -4.463861
vn -0.1794 -0.9673 0.1794
vn -0.1794 -0.1794 0.9673
vn -0.9673 -0.1794 0.1794
vn -0.1726 -0.6965 0.6965
vn -0.5773 -0.5773 0.5774
vn -0.6965 -0.1726 0.6965
vn -0.6965 -0.6965 0.1726
vn -0.1794 0.1794 0.9673
vn -0.1794 0.9673 0.1794
vn -0.9673 0.1794 0.1794
vn -0.1726 0.6965 0.6965
vn -0.5773 0.5773 0.5774
vn -0.6965 0.6965 0.1726
vn -0.6965 0.1726 0.6965
vn -0.1794 -0.9673 -0.1794
vn -0.9673 -0.1794 -0.1794
vn -0.1794 -0.1794 -0.9673
vn -0.6965 -0.6965 -0.1726
vn -0.5773 -0.5773 -0.5774
vn -0.6965 -0.1726 -0.6965
vn -0.1726 -0.6965 -0.6965
vn -0.1794 0.9673 -0.1794
vn -0.1794 0.1794 -0.9673
vn -0.9673 0.1794 -0.1794
vn -0.1726 0.6965 -0.6965
vn -0.5773 0.5773 -0.5774
vn -0.6965 0.1726 -0.6965
vn -0.6965 0.6965 -0.1726
vn 0.1794 -0.9673 0.1794
vn 0.9673 -0.1794 0.1794
vn 0.1794 -0.1794 0.9673
vn 0.6965 -0.6965 0.1726
vn 0.5773 -0.5773 0.5774
vn 0.6965 -0.1726 0.6965
vn 0.1726 -0.6965 0.6965
vn 0.1794 0.9673 0.1794
vn 0.1794 0.1794 0.9673
vn 0.9673 0.1794 0.1794
vn 0.1726 0.6965 0.6965
vn 0.5773 0.5773 0.5774
vn 0.6965 0.1726 0.6965
vn 0.6965 0.6965 0.1726
vn 0.1794 -0.9673 -0.1794
vn 0.1794 -0.1794 -0.9673
vn 0.9673 -0.1794 -0.1794
vn 0.1726 -0.6965 -0.6965
vn 0.5773 -0.5773 -0.5774
vn 0.6965 -0.1726 -0.6965
vn 0.6965 -0.6965 -0.1726
vn 0.1794 0.9673 -0.1794
vn 0.9673 0.1794 -0.1794
vn 0.1794 0.1794 -0.9673
vn 0.6965 0.6965 -0.1726
vn 0.5773 0.5773 -0.5774
vn 0.6965 0.1726 -0.6965
vn 0.1726 0.6965 -0.6965
vt 0.638983 0.274801
vt 0.638983 0.725199
vt 0.361017 0.725199
vt 0.361017 0.274801
vt 0.638984 0.274801
vt 0.638984 0.725199
vt 0.361016 0.725199
vt 0.361016 0.274801
vt 0.638983 0.638984
vt 0.361017 0.638984
vt 0.361017 0.361016
vt 0.638983 0.361016
vt 0.361017 0.356688
vt 0.357483 0.357482
vt 0.356688 0.361016
vt 0.356688 0.274801
vt 0.357483 0.271267
vt 0.361017 0.270472
vt 0.361016 0.270472
vt 0.357482 0.271267
vt 0.356688 0.274801
vt 0.361017 0.729528
vt 0.357483 0.728733
vt 0.356688 0.725199
vt 0.356688 0.725199
vt 0.357482 0.728733
vt 0.361016 0.729528
vt 0.356688 0.638984
vt 0.357483 0.642518
vt 0.361017 0.643312
vt 0.643312 0.274801
vt 0.642518 0.271267
vt 0.638984 0.270472
vt 0.638984 0.729528
vt 0.642518 0.728733
vt 0.643312 0.725199
vt 0.643312 0.361016
vt 0.642517 0.357482
vt 0.638983 0.356688
vt 0.638983 0.270472
vt 0.642517 0.271267
vt 0.643312 0.274801
vt 0.643312 0.725199
vt 0.642517 0.728733
vt 0.638983 0.729528
vt 0.638983 0.643312
vt 0.642517 0.642518
vt 0.643312 0.638984
s 1
f 1079/1552/1043 1085/1553/1049 1056/1554/1020 1050/1555/1014
f 1093/1556/1057 1099/1557/1063 1086/1558/1050 1078/1559/1042
f 1098/1560/1062 1070/1561/1034 1057/1562/1021 1084/1563/1048
f 1051/1559/1015 1058/1558/1022 1072/1557/1036 1064/1556/1028
f 1065/1555/1029 1071/1554/1035 1100/1553/1064 1092/1552/1056
f 1049/1562/1013 1052/1564/1016 1053/1565/1017 1055/1566/1019
f 1050/1555/1014 1054/1567/1018 1053/1568/1017 1052/1569/1016
f 1051/1559/1015 1055/1570/1019 1053/1571/1017 1054/1572/1018
f 1056/1554/1020 1059/1573/1023 1060/1574/1024 1062/1575/1026
f 1057/1562/1021 1061/1566/1025 1060/1565/1024 1059/1564/1023
f 1058/1558/1022 1062/1576/1026 1060/1577/1024 1061/1578/1025
f 1063/1561/1027 1066/1579/1030 1067/1580/1031 1069/1581/1033
f 1064/1556/1028 1068/1582/1032 1067/1583/1031 1066/1584/1030
f 1065/1555/1029 1069/1569/1033 1067/1568/1031 1068/1567/1032
f 1070/1561/1034 1073/1581/1037 1074/1580/1038 1076/1579/1040
f 1071/1554/1035 1075/1575/1039 1074/1574/1038 1073/1573/1037
f 1072/1557/1036 1076/1585/1040 1074/1586/1038 1075/1587/1039
f 1077/1563/1041 1080/1588/1044 1081/1589/1045 1083/1590/1047
f 1078/1559/1042 1082/1572/1046 1081/1571/1045 1080/1570/1044
f 1079/1552/1043 1083/1591/1047 1081/1592/1045 1082/1593/1046
f 1084/1563/1048 1087/1590/1051 1088/1589/1052 1090/1588/1054
f 1085/1553/1049 1089/1594/1053 1088/1595/1052 1087/1596/1051
f 1086/1558/1050 1090/1578/1054 1088/1577/1052 1089/1576/1053
f 1091/1560/1055 1094/1597/1058 1095/1598/1059 1097/1599/1061
f 1092/1552/1056 1096/1593/1060 1095/1592/1059 1094/1591/1058
f 1093/1556/1057 1097/1584/1061 1095/1583/1059 1096/1582/1060
f 1098/1560/1062 1101/1599/1065 1102/1598/1066 1104/1597/1068
f 1099/1557/1063 1103/1587/1067 1102/1586/1066 1101/1585/1065
f 1100/1553/1064 1104/1596/1068 1102/1595/1066 1103/1594/1067
f 1063/1561/1027 1049/1562/1013 1055/1566/1019 1066/1579/1030
f 1066/1584/1030 1055/1570/1019 1051/1559/1015 1064/1556/1028
f 1050/1555/1014 1056/1554/1020 1062/1575/1026 1054/1567/1018
f 1054/1572/1018 1062/1576/1026 1058/1558/1022 1051/1559/1015
f 1057/1562/1021 1070/1561/1034 1076/1579/1040 1061/1566/1025
f 1061/1578/1025 1076/1585/1040 1072/1557/1036 1058/1558/1022
f 1071/1554/1035 1065/1555/1029 1068/1567/1032 1075/1575/1039
f 1075/1587/1039 1068/1582/1032 1064/1556/1028 1072/1557/1036
f 1091/1560/1055 1063/1561/1027 1069/1581/1033 1094/1597/1058
f 1094/1591/1058 1069/1569/1033 1065/1555/1029 1092/1552/1056
f 1070/1561/1034 1098/1560/1062 1104/1597/1068 1073/1581/1037
f 1073/1573/1037 1104/1596/1068 1100/1553/1064 1071/1554/1035
f 1099/1557/1063 1093/1556/1057 1096/1582/1060 1103/1587/1067
f 1103/1594/1067 1096/1593/1060 1092/1552/1056 1100/1553/1064
f 1077/1563/1041 1091/1560/1055 1097/1599/1061 1080/1588/1044
f 1080/1570/1044 1097/1584/1061 1093/1556/1057 1078/1559/1042
f 1098/1560/1062 1084/1563/1048 1090/1588/1054 1101/1599/1065
f 1101/1585/1065 1090/1578/1054 1086/1558/1050 1099/1557/1063
f 1085/1553/1049 1079/1552/1043 1082/1593/1046 1089/1594/1053
f 1089/1576/1053 1082/1572/1046 1078/1559/1042 1086/1558/1050
f 1049/1562/1013 1077/1563/1041 1083/1590/1047 1052/1564/1016
f 1052/1569/1016 1083/1591/1047 1079/1552/1043 1050/1555/1014
f 1084/1563/1048 1057/1562/1021 1059/1564/1023 1087/1590/1051
f 1087/1596/1051 1059/1573/1023 1056/1554/1020 1085/1553/1049
f 1063/1561/1027 1091/1560/1055 1077/1563/1041 1049/1562/1013
o Plane.052
v -14.226402 0.000000 0.039334
v -14.118813 0.000000 0.039334
v -14.119957 0.000000 -0.157524
v -14.226402 0.000000 -0.157524
v -14.226402 2.495204 0.039334
v -14.118813 2.495204 0.051618
v -14.119957 2.495204 -0.169808
v -14.226402 2.495204 -0.157524
v -14.333993 0.000000 0.039334
v -14.332849 0.000000 -0.157524
v -14.333993 2.495204 0.051618
v -14.332849 2.495204 -0.169808
v -14.219723 0.000238 0.025996
v -14.118243 0.000178 0.029351
v -14.119381 0.000178 -0.147541
v -14.219722 0.000238 -0.144185
v -14.219723 2.495442 0.025996
v -14.118243 2.495382 0.041635
v -14.119381 2.495382 -0.159825
v -14.219722 2.495442 -0.144185
v -14.334562 0.000178 0.029351
v -14.333425 0.000178 -0.147541
v -14.334562 2.495382 0.041635
v -14.333425 2.495382 -0.159825
vn -1.0000 -0.0000 -0.0000
vn -0.0576 -0.0025 -0.9983
vn -0.0570 -0.0025 0.9984
vn 0.0576 -0.0025 -0.9983
vn 0.0570 -0.0025 0.9984
vn 1.0000 -0.0000 -0.0000
vn 0.0942 0.0025 0.9955
vn 0.0932 0.0025 -0.9956
vn -0.0832 0.0025 0.9965
vn -0.0824 0.0025 -0.9966
vn -0.0000 -0.9998 -0.0179
vn -0.0000 -0.9998 0.0179
vn 0.0356 -0.9994 -0.0000
vn -0.0020 0.9998 0.0172
vn -0.0020 0.9998 -0.0172
vn -0.0356 0.9994 -0.0000
vn 0.9983 -0.0003 -0.0576
vn 0.9984 -0.0003 0.0570
vn 0.0020 0.9998 0.0184
vn 0.0021 0.9998 -0.0184
vn -0.9983 -0.0003 -0.0576
vn -0.9984 -0.0003 0.0570
vt 0.605492 -0.837237
vt 0.394508 -0.837237
vt 0.394508 1.837014
vt 0.605492 1.837014
vt 0.612294 -0.837237
vt 0.498210 -0.837237
vt 0.498210 1.837014
vt 0.612294 1.837014
vt 0.613520 -0.837237
vt 0.613520 1.837014
vt 0.384126 -0.837237
vt 0.384126 1.837014
vt 0.382900 1.837014
vt 0.382900 -0.837237
vt 0.591196 -0.836982
vt 0.591196 1.837269
vt 0.408803 1.837269
vt 0.408803 -0.836982
vt 0.612911 -0.837046
vt 0.612911 1.837205
vt 0.505370 1.837269
vt 0.505370 -0.836982
vt 0.505370 -0.836982
vt 0.505370 1.837269
vt 0.614131 1.837205
vt 0.614131 -0.837046
vt 0.383509 -0.837046
vt 0.383509 1.837205
vt 0.382289 -0.837046
vt 0.382289 1.837205
vt 0.613520 0.394508
vt 0.498210 0.394508
vt 0.505370 0.408803
vt 0.614131 0.405208
vt 0.498210 0.605492
vt 0.612294 0.605492
vt 0.612911 0.594793
vt 0.505370 0.591196
vt 0.613520 0.381343
vt 0.614131 0.392042
vt 0.612294 0.618657
vt 0.612911 0.607958
vt 0.618657 1.837014
vt 0.607958 1.837205
vt 0.594793 -0.837046
vt 0.381343 1.837014
vt 0.405208 -0.837046
vt 0.392042 1.837205
vt 0.382900 0.394508
vt 0.382289 0.405208
vt 0.384126 0.605492
vt 0.383509 0.594793
vt 0.382900 0.381343
vt 0.382289 0.392042
vt 0.384126 0.618657
vt 0.383509 0.607958
s 0
f 1108/1600/1069 1105/1601/1069 1109/1602/1069 1112/1603/1069
f 1107/1604/1070 1108/1605/1070 1112/1606/1070 1111/1607/1070
f 1105/1605/1071 1106/1608/1071 1110/1609/1071 1109/1606/1071
f 1114/1610/1072 1116/1611/1072 1112/1606/1072 1108/1605/1072
f 1105/1605/1073 1109/1606/1073 1115/1612/1073 1113/1613/1073
f 1120/1614/1074 1124/1615/1074 1121/1616/1074 1117/1617/1074
f 1119/1618/1075 1123/1619/1075 1124/1620/1075 1120/1621/1075
f 1117/1622/1076 1121/1623/1076 1122/1624/1076 1118/1625/1076
f 1126/1626/1077 1120/1621/1077 1124/1620/1077 1128/1627/1077
f 1117/1622/1078 1125/1628/1078 1127/1629/1078 1121/1623/1078
f 1106/1630/1079 1105/1631/1079 1117/1632/1079 1118/1633/1079
f 1108/1634/1080 1107/1635/1080 1119/1636/1080 1120/1637/1080
f 1105/1631/1081 1108/1634/1081 1120/1637/1081 1117/1632/1081
f 1109/1631/1082 1110/1638/1082 1122/1639/1082 1121/1632/1082
f 1111/1640/1083 1112/1634/1083 1124/1637/1083 1123/1641/1083
f 1112/1634/1084 1109/1631/1084 1121/1632/1084 1124/1637/1084
f 1107/1600/1085 1111/1642/1085 1123/1643/1085 1119/1644/1085
f 1110/1645/1086 1106/1601/1086 1118/1646/1086 1122/1647/1086
f 1105/1631/1079 1113/1648/1079 1125/1649/1079 1117/1632/1079
f 1114/1650/1080 1108/1634/1080 1120/1637/1080 1126/1651/1080
f 1115/1652/1087 1109/1631/1087 1121/1632/1087 1127/1653/1087
f 1112/1634/1088 1116/1654/1088 1128/1655/1088 1124/1637/1088
f 1116/1642/1089 1114/1600/1089 1126/1644/1089 1128/1643/1089
f 1113/1601/1090 1115/1645/1090 1127/1647/1090 1125/1646/1090
o Plane.053
v -9.491171 0.000000 0.039334
v -9.383581 0.000000 0.039334
v -9.384726 0.000000 -0.157524
v -9.491171 0.000000 -0.157524
v -9.491171 2.495204 0.039334
v -9.383581 2.495204 0.051618
v -9.384726 2.495204 -0.169808
v -9.491171 2.495204 -0.157524
v -9.598762 0.000000 0.039334
v -9.597616 0.000000 -0.157524
v -9.598762 2.495204 0.051618
v -9.597616 2.495204 -0.169808
v -9.484491 0.000238 0.025996
v -9.383011 0.000178 0.029351
v -9.384150 0.000178 -0.147541
v -9.484491 0.000238 -0.144185
v -9.484491 2.495442 0.025996
v -9.383011 2.495382 0.041635
v -9.384150 2.495382 -0.159825
v -9.484491 2.495442 -0.144185
v -9.599331 0.000178 0.029351
v -9.598192 0.000178 -0.147541
v -9.599331 2.495382 0.041635
v -9.598192 2.495382 -0.159825
vn -1.0000 -0.0000 -0.0000
vn -0.0576 -0.0025 -0.9983
vn -0.0570 -0.0025 0.9984
vn 0.0576 -0.0025 -0.9983
vn 0.0570 -0.0025 0.9984
vn 1.0000 -0.0000 -0.0000
vn 0.0942 0.0025 0.9955
vn 0.0932 0.0025 -0.9956
vn -0.0832 0.0025 0.9965
vn -0.0824 0.0025 -0.9966
vn -0.0000 -0.9998 -0.0179
vn -0.0000 -0.9998 0.0179
vn 0.0356 -0.9994 -0.0000
vn -0.0020 0.9998 0.0172
vn -0.0020 0.9998 -0.0172
vn -0.0356 0.9994 -0.0000
vn 0.9983 -0.0003 -0.0576
vn 0.9984 -0.0003 0.0570
vn 0.0020 0.9998 0.0184
vn 0.0021 0.9998 -0.0184
vn -0.9983 -0.0003 -0.0576
vn -0.9984 -0.0003 0.0570
vt 0.605492 -0.837237
vt 0.394508 -0.837237
vt 0.394508 1.837014
vt 0.605492 1.837014
vt 0.612293 -0.837237
vt 0.498210 -0.837237
vt 0.498210 1.837014
vt 0.612293 1.837014
vt 0.613521 -0.837237
vt 0.613521 1.837014
vt 0.384127 -0.837237
vt 0.384127 1.837014
vt 0.382900 1.837014
vt 0.382900 -0.837237
vt 0.591196 -0.836982
vt 0.591196 1.837269
vt 0.408803 1.837269
vt 0.408803 -0.836982
vt 0.612911 -0.837046
vt 0.612911 1.837205
vt 0.505370 1.837269
vt 0.505370 -0.836982
vt 0.614131 1.837205
vt 0.614131 -0.837046
vt 0.383509 -0.837046
vt 0.383509 1.837205
vt 0.382289 -0.837046
vt 0.382289 1.837205
vt 0.613521 0.394508
vt 0.498210 0.394508
vt 0.505370 0.408803
vt 0.614131 0.405208
vt 0.498210 0.605492
vt 0.612293 0.605492
vt 0.612911 0.594793
vt 0.505370 0.591196
vt 0.613521 0.381343
vt 0.614131 0.392042
vt 0.612293 0.618657
vt 0.612911 0.607958
vt 0.618657 1.837014
vt 0.607958 1.837205
vt 0.594793 -0.837046
vt 0.381343 1.837014
vt 0.405208 -0.837046
vt 0.392042 1.837205
vt 0.382900 0.394508
vt 0.382289 0.405208
vt 0.384127 0.605492
vt 0.383509 0.594793
vt 0.382900 0.381343
vt 0.382289 0.392042
vt 0.384127 0.618657
vt 0.383509 0.607958
s 0
f 1132/1656/1091 1129/1657/1091 1133/1658/1091 1136/1659/1091
f 1131/1660/1092 1132/1661/1092 1136/1662/1092 1135/1663/1092
f 1129/1661/1093 1130/1664/1093 1134/1665/1093 1133/1662/1093
f 1138/1666/1094 1140/1667/1094 1136/1662/1094 1132/1661/1094
f 1129/1661/1095 1133/1662/1095 1139/1668/1095 1137/1669/1095
f 1144/1670/1096 1148/1671/1096 1145/1672/1096 1141/1673/1096
f 1143/1674/1097 1147/1675/1097 1148/1676/1097 1144/1677/1097
f 1141/1677/1098 1145/1676/1098 1146/1678/1098 1142/1679/1098
f 1150/1680/1099 1144/1677/1099 1148/1676/1099 1152/1681/1099
f 1141/1677/1100 1149/1682/1100 1151/1683/1100 1145/1676/1100
f 1130/1684/1101 1129/1685/1101 1141/1686/1101 1142/1687/1101
f 1132/1688/1102 1131/1689/1102 1143/1690/1102 1144/1691/1102
f 1129/1685/1103 1132/1688/1103 1144/1691/1103 1141/1686/1103
f 1133/1685/1104 1134/1692/1104 1146/1693/1104 1145/1686/1104
f 1135/1694/1105 1136/1688/1105 1148/1691/1105 1147/1695/1105
f 1136/1688/1106 1133/1685/1106 1145/1686/1106 1148/1691/1106
f 1131/1656/1107 1135/1696/1107 1147/1697/1107 1143/1698/1107
f 1134/1699/1108 1130/1657/1108 1142/1700/1108 1146/1701/1108
f 1129/1685/1101 1137/1702/1101 1149/1703/1101 1141/1686/1101
f 1138/1704/1102 1132/1688/1102 1144/1691/1102 1150/1705/1102
f 1139/1706/1109 1133/1685/1109 1145/1686/1109 1151/1707/1109
f 1136/1688/1110 1140/1708/1110 1152/1709/1110 1148/1691/1110
f 1140/1696/1111 1138/1656/1111 1150/1698/1111 1152/1697/1111
f 1137/1657/1112 1139/1699/1112 1151/1701/1112 1149/1700/1112
o Plane.054
v -14.226402 2.671285 0.039334
v -14.118813 2.671285 0.039334
v -14.119957 2.671285 -0.157524
v -14.226402 2.671285 -0.157524
v -14.226402 5.166489 0.039334
v -14.118813 5.166489 0.051618
v -14.119957 5.166489 -0.169808
v -14.226402 5.166489 -0.157524
v -14.333993 2.671285 0.039334
v -14.332849 2.671285 -0.157524
v -14.333993 5.166489 0.051618
v -14.332849 5.166489 -0.169808
v -14.219723 2.671524 0.025996
v -14.118243 2.671463 0.029351
v -14.119381 2.671463 -0.147541
v -14.219722 2.671524 -0.144185
v -14.219723 5.166727 0.025996
v -14.118243 5.166667 0.041635
v -14.119381 5.166667 -0.159825
v -14.219722 5.166727 -0.144185
v -14.334562 2.671463 0.029351
v -14.333425 2.671463 -0.147541
v -14.334562 5.166667 0.041635
v -14.333425 5.166667 -0.159825
vn -1.0000 -0.0000 -0.0000
vn -0.0576 -0.0025 -0.9983
vn -0.0570 -0.0025 0.9984
vn 0.0576 -0.0025 -0.9983
vn 0.0570 -0.0025 0.9984
vn 1.0000 -0.0000 -0.0000
vn 0.0942 0.0025 0.9955
vn 0.0932 0.0025 -0.9956
vn -0.0832 0.0025 0.9965
vn -0.0824 0.0025 -0.9966
vn -0.0000 -0.9998 -0.0179
vn -0.0000 -0.9998 0.0179
vn 0.0356 -0.9994 -0.0000
vn -0.0020 0.9998 0.0172
vn -0.0020 0.9998 -0.0172
vn -0.0356 0.9994 -0.0000
vn 0.9983 -0.0003 -0.0576
vn 0.9984 -0.0003 0.0570
vn 0.0020 0.9998 0.0184
vn 0.0021 0.9998 -0.0184
vn -0.9983 -0.0003 -0.0576
vn -0.9984 -0.0003 0.0570
vt 0.605492 -0.837237
vt 0.394508 -0.837237
vt 0.394508 1.837014
vt 0.605492 1.837014
vt 0.612294 -0.837237
vt 0.498210 -0.837237
vt 0.498210 1.837014
vt 0.612294 1.837014
vt 0.613520 -0.837237
vt 0.613520 1.837014
vt 0.384126 -0.837237
vt 0.384126 1.837014
vt 0.382900 1.837014
vt 0.382900 -0.837237
vt 0.591196 -0.836982
vt 0.591196 1.837269
vt 0.408803 1.837269
vt 0.408803 -0.836982
vt 0.612911 -0.837046
vt 0.612911 1.837205
vt 0.505370 1.837269
vt 0.505370 -0.836982
vt 0.505370 -0.836982
vt 0.505370 1.837269
vt 0.614131 1.837205
vt 0.614131 -0.837046
vt 0.383509 -0.837046
vt 0.383509 1.837205
vt 0.382289 -0.837046
vt 0.382289 1.837205
vt 0.613520 0.394508
vt 0.498210 0.394508
vt 0.505370 0.408803
vt 0.614131 0.405208
vt 0.498210 0.605492
vt 0.612294 0.605492
vt 0.612911 0.594793
vt 0.505370 0.591196
vt 0.613520 0.381343
vt 0.614131 0.392042
vt 0.612294 0.618657
vt 0.612911 0.607958
vt 0.618657 1.837014
vt 0.607958 1.837205
vt 0.594793 -0.837046
vt 0.381343 1.837014
vt 0.405208 -0.837046
vt 0.392042 1.837205
vt 0.382900 0.394508
vt 0.382289 0.405208
vt 0.384126 0.605492
vt 0.383509 0.594793
vt 0.382900 0.381343
vt 0.382289 0.392042
vt 0.384126 0.618657
vt 0.383509 0.607958
s 0
f 1156/1710/1113 1153/1711/1113 1157/1712/1113 1160/1713/1113
f 1155/1714/1114 1156/1715/1114 1160/1716/1114 1159/1717/1114
f 1153/1715/1115 1154/1718/1115 1158/1719/1115 1157/1716/1115
f 1162/1720/1116 1164/1721/1116 1160/1716/1116 1156/1715/1116
f 1153/1715/1117 1157/1716/1117 1163/1722/1117 1161/1723/1117
f 1168/1724/1118 1172/1725/1118 1169/1726/1118 1165/1727/1118
f 1167/1728/1119 1171/1729/1119 1172/1730/1119 1168/1731/1119
f 1165/1732/1120 1169/1733/1120 1170/1734/1120 1166/1735/1120
f 1174/1736/1121 1168/1731/1121 1172/1730/1121 1176/1737/1121
f 1165/1732/1122 1173/1738/1122 1175/1739/1122 1169/1733/1122
f 1154/1740/1123 1153/1741/1123 1165/1742/1123 1166/1743/1123
f 1156/1744/1124 1155/1745/1124 1167/1746/1124 1168/1747/1124
f 1153/1741/1125 1156/1744/1125 1168/1747/1125 1165/1742/1125
f 1157/1741/1126 1158/1748/1126 1170/1749/1126 1169/1742/1126
f 1159/1750/1127 1160/1744/1127 1172/1747/1127 1171/1751/1127
f 1160/1744/1128 1157/1741/1128 1169/1742/1128 1172/1747/1128
f 1155/1710/1129 1159/1752/1129 1171/1753/1129 1167/1754/1129
f 1158/1755/1130 1154/1711/1130 1166/1756/1130 1170/1757/1130
f 1153/1741/1123 1161/1758/1123 1173/1759/1123 1165/1742/1123
f 1162/1760/1124 1156/1744/1124 1168/1747/1124 1174/1761/1124
f 1163/1762/1131 1157/1741/1131 1169/1742/1131 1175/1763/1131
f 1160/1744/1132 1164/1764/1132 1176/1765/1132 1172/1747/1132
f 1164/1752/1133 1162/1710/1133 1174/1754/1133 1176/1753/1133
f 1161/1711/1134 1163/1755/1134 1175/1757/1134 1173/1756/1134
o Plane.055
v -9.491171 2.671285 0.039334
v -9.383581 2.671285 0.039334
v -9.384726 2.671285 -0.157524
v -9.491171 2.671285 -0.157524
v -9.491171 5.166489 0.039334
v -9.383581 5.166489 0.051618
v -9.384726 5.166489 -0.169808
v -9.491171 5.166489 -0.157524
v -9.598762 2.671285 0.039334
v -9.597616 2.671285 -0.157524
v -9.598762 5.166489 0.051618
v -9.597616 5.166489 -0.169808
v -9.484491 2.671524 0.025996
v -9.383011 2.671463 0.029351
v -9.384150 2.671463 -0.147541
v -9.484491 2.671524 -0.144185
v -9.484491 5.166727 0.025996
v -9.383011 5.166667 0.041635
v -9.384150 5.166667 -0.159825
v -9.484491 5.166727 -0.144185
v -9.599331 2.671463 0.029351
v -9.598192 2.671463 -0.147541
v -9.599331 5.166667 0.041635
v -9.598192 5.166667 -0.159825
vn -1.0000 -0.0000 -0.0000
vn -0.0576 -0.0025 -0.9983
vn -0.0570 -0.0025 0.9984
vn 0.0576 -0.0025 -0.9983
vn 0.0570 -0.0025 0.9984
vn 1.0000 -0.0000 -0.0000
vn 0.0942 0.0025 0.9955
vn 0.0932 0.0025 -0.9956
vn -0.0832 0.0025 0.9965
vn -0.0824 0.0025 -0.9966
vn -0.0000 -0.9998 -0.0179
vn -0.0000 -0.9998 0.0179
vn 0.0356 -0.9994 -0.0000
vn -0.0020 0.9998 0.0172
vn -0.0020 0.9998 -0.0172
vn -0.0356 0.9994 -0.0000
vn 0.9983 -0.0003 -0.0576
vn 0.9984 -0.0003 0.0570
vn 0.0020 0.9998 0.0184
vn 0.0021 0.9998 -0.0184
vn -0.9983 -0.0003 -0.0576
vn -0.9984 -0.0003 0.0570
vt 0.605492 -0.837237
vt 0.394508 -0.837237
vt 0.394508 1.837014
vt 0.605492 1.837014
vt 0.612293 -0.837237
vt 0.498210 -0.837237
vt 0.498210 1.837014
vt 0.612293 1.837014
vt 0.613521 -0.837237
vt 0.613521 1.837014
vt 0.384127 -0.837237
vt 0.384127 1.837014
vt 0.382900 1.837014
vt 0.382900 -0.837237
vt 0.591196 -0.836982
vt 0.591196 1.837269
vt 0.408803 1.837269
vt 0.408803 -0.836982
vt 0.612911 -0.837046
vt 0.612911 1.837205
vt 0.505370 1.837269
vt 0.505370 -0.836982
vt 0.614131 1.837205
vt 0.614131 -0.837046
vt 0.383509 -0.837046
vt 0.383509 1.837205
vt 0.382289 -0.837046
vt 0.382289 1.837205
vt 0.613521 0.394508
vt 0.498210 0.394508
vt 0.505370 0.408803
vt 0.614131 0.405208
vt 0.498210 0.605492
vt 0.612293 0.605492
vt 0.612911 0.594793
vt 0.505370 0.591196
vt 0.613521 0.381343
vt 0.614131 0.392042
vt 0.612293 0.618657
vt 0.612911 0.607958
vt 0.618657 1.837014
vt 0.607958 1.837205
vt 0.594793 -0.837046
vt 0.381343 1.837014
vt 0.405208 -0.837046
vt 0.392042 1.837205
vt 0.382900 0.394508
vt 0.382289 0.405208
vt 0.384127 0.605492
vt 0.383509 0.594793
vt 0.382900 0.381343
vt 0.382289 0.392042
vt 0.384127 0.618657
vt 0.383509 0.607958
s 0
f 1180/1766/1135 1177/1767/1135 1181/1768/1135 1184/1769/1135
f 1179/1770/1136 1180/1771/1136 1184/1772/1136 1183/1773/1136
f 1177/1771/1137 1178/1774/1137 1182/1775/1137 1181/1772/1137
f 1186/1776/1138 1188/1777/1138 1184/1772/1138 1180/1771/1138
f 1177/1771/1139 1181/1772/1139 1187/1778/1139 1185/1779/1139
f 1192/1780/1140 1196/1781/1140 1193/1782/1140 1189/1783/1140
f 1191/1784/1141 1195/1785/1141 1196/1786/1141 1192/1787/1141
f 1189/1787/1142 1193/1786/1142 1194/1788/1142 1190/1789/1142
f 1198/1790/1143 1192/1787/1143 1196/1786/1143 1200/1791/1143
f 1189/1787/1144 1197/1792/1144 1199/1793/1144 1193/1786/1144
f 1178/1794/1145 1177/1795/1145 1189/1796/1145 1190/1797/1145
f 1180/1798/1146 1179/1799/1146 1191/1800/1146 1192/1801/1146
f 1177/1795/1147 1180/1798/1147 1192/1801/1147 1189/1796/1147
f 1181/1795/1148 1182/1802/1148 1194/1803/1148 1193/1796/1148
f 1183/1804/1149 1184/1798/1149 1196/1801/1149 1195/1805/1149
f 1184/1798/1150 1181/1795/1150 1193/1796/1150 1196/1801/1150
f 1179/1766/1151 1183/1806/1151 1195/1807/1151 1191/1808/1151
f 1182/1809/1152 1178/1767/1152 1190/1810/1152 1194/1811/1152
f 1177/1795/1145 1185/1812/1145 1197/1813/1145 1189/1796/1145
f 1186/1814/1146 1180/1798/1146 1192/1801/1146 1198/1815/1146
f 1187/1816/1153 1181/1795/1153 1193/1796/1153 1199/1817/1153
f 1184/1798/1154 1188/1818/1154 1200/1819/1154 1196/1801/1154
f 1188/1806/1155 1186/1766/1155 1198/1808/1155 1200/1807/1155
f 1185/1767/1156 1187/1809/1156 1199/1811/1156 1197/1810/1156
o Plane.056
v -14.226402 5.202272 0.039334
v -14.118813 5.202272 0.039334
v -14.119957 5.202272 -0.157524
v -14.226402 5.202272 -0.157524
v -14.226402 7.697476 0.039334
v -14.118813 7.697476 0.051618
v -14.119957 7.697476 -0.169808
v -14.226402 7.697476 -0.157524
v -14.333993 5.202272 0.039334
v -14.332849 5.202272 -0.157524
v -14.333993 7.697476 0.051618
v -14.332849 7.697476 -0.169808
v -14.219723 5.202510 0.025996
v -14.118243 5.202450 0.029351
v -14.119381 5.202450 -0.147541
v -14.219722 5.202510 -0.144185
v -14.219723 7.697714 0.025996
v -14.118243 7.697654 0.041635
v -14.119381 7.697654 -0.159825
v -14.219722 7.697714 -0.144185
v -14.334562 5.202450 0.029351
v -14.333425 5.202450 -0.147541
v -14.334562 7.697654 0.041635
v -14.333425 7.697654 -0.159825
vn -1.0000 -0.0000 -0.0000
vn -0.0576 -0.0025 -0.9983
vn -0.0570 -0.0025 0.9984
vn 0.0576 -0.0025 -0.9983
vn 0.0570 -0.0025 0.9984
vn 1.0000 -0.0000 -0.0000
vn 0.0942 0.0025 0.9955
vn 0.0932 0.0025 -0.9956
vn -0.0832 0.0025 0.9965
vn -0.0824 0.0025 -0.9966
vn -0.0000 -0.9998 -0.0179
vn -0.0000 -0.9998 0.0179
vn 0.0356 -0.9994 -0.0000
vn -0.0020 0.9998 0.0172
vn -0.0020 0.9998 -0.0172
vn -0.0356 0.9994 -0.0000
vn 0.9983 -0.0003 -0.0576
vn 0.9984 -0.0003 0.0570
vn 0.0020 0.9998 0.0184
vn 0.0021 0.9998 -0.0184
vn -0.9983 -0.0003 -0.0576
vn -0.9984 -0.0003 0.0570
vt 0.605492 -0.837237
vt 0.394508 -0.837237
vt 0.394508 1.837014
vt 0.605492 1.837014
vt 0.612294 -0.837237
vt 0.498210 -0.837237
vt 0.498210 1.837014
vt 0.612294 1.837014
vt 0.613520 -0.837237
vt 0.613520 1.837014
vt 0.384126 -0.837237
vt 0.384126 1.837014
vt 0.382900 1.837014
vt 0.382900 -0.837237
vt 0.591196 -0.836982
vt 0.591196 1.837269
vt 0.408803 1.837269
vt 0.408803 -0.836982
vt 0.612911 -0.837046
vt 0.612911 1.837205
vt 0.505370 1.837269
vt 0.505370 -0.836982
vt 0.505370 -0.836982
vt 0.505370 1.837269
vt 0.614131 1.837205
vt 0.614131 -0.837046
vt 0.383509 -0.837046
vt 0.383509 1.837205
vt 0.382289 -0.837046
vt 0.382289 1.837205
vt 0.613520 0.394508
vt 0.498210 0.394508
vt 0.505370 0.408803
vt 0.614131 0.405208
vt 0.498210 0.605492
vt 0.612294 0.605492
vt 0.612911 0.594793
vt 0.505370 0.591196
vt 0.613520 0.381343
vt 0.614131 0.392042
vt 0.612294 0.618657
vt 0.612911 0.607958
vt 0.618657 1.837014
vt 0.607958 1.837205
vt 0.594793 -0.837046
vt 0.381343 1.837014
vt 0.405208 -0.837046
vt 0.392042 1.837205
vt 0.382900 0.394508
vt 0.382289 0.405208
vt 0.384126 0.605492
vt 0.383509 0.594793
vt 0.382900 0.381343
vt 0.382289 0.392042
vt 0.384126 0.618657
vt 0.383509 0.607958
s 0
f 1204/1820/1157 1201/1821/1157 1205/1822/1157 1208/1823/1157
f 1203/1824/1158 1204/1825/1158 1208/1826/1158 1207/1827/1158
f 1201/1825/1159 1202/1828/1159 1206/1829/1159 1205/1826/1159
f 1210/1830/1160 1212/1831/1160 1208/1826/1160 1204/1825/1160
f 1201/1825/1161 1205/1826/1161 1211/1832/1161 1209/1833/1161
f 1216/1834/1162 1220/1835/1162 1217/1836/1162 1213/1837/1162
f 1215/1838/1163 1219/1839/1163 1220/1840/1163 1216/1841/1163
f 1213/1842/1164 1217/1843/1164 1218/1844/1164 1214/1845/1164
f 1222/1846/1165 1216/1841/1165 1220/1840/1165 1224/1847/1165
f 1213/1842/1166 1221/1848/1166 1223/1849/1166 1217/1843/1166
f 1202/1850/1167 1201/1851/1167 1213/1852/1167 1214/1853/1167
f 1204/1854/1168 1203/1855/1168 1215/1856/1168 1216/1857/1168
f 1201/1851/1169 1204/1854/1169 1216/1857/1169 1213/1852/1169
f 1205/1851/1170 1206/1858/1170 1218/1859/1170 1217/1852/1170
f 1207/1860/1171 1208/1854/1171 1220/1857/1171 1219/1861/1171
f 1208/1854/1172 1205/1851/1172 1217/1852/1172 1220/1857/1172
f 1203/1820/1173 1207/1862/1173 1219/1863/1173 1215/1864/1173
f 1206/1865/1174 1202/1821/1174 1214/1866/1174 1218/1867/1174
f 1201/1851/1167 1209/1868/1167 1221/1869/1167 1213/1852/1167
f 1210/1870/1168 1204/1854/1168 1216/1857/1168 1222/1871/1168
f 1211/1872/1175 1205/1851/1175 1217/1852/1175 1223/1873/1175
f 1208/1854/1176 1212/1874/1176 1224/1875/1176 1220/1857/1176
f 1212/1862/1177 1210/1820/1177 1222/1864/1177 1224/1863/1177
f 1209/1821/1178 1211/1865/1178 1223/1867/1178 1221/1866/1178
o Plane.057
v -9.491171 5.202272 0.039334
v -9.383581 5.202272 0.039334
v -9.384726 5.202272 -0.157524
v -9.491171 5.202272 -0.157524
v -9.491171 7.697476 0.039334
v -9.383581 7.697476 0.051618
v -9.384726 7.697476 -0.169808
v -9.491171 7.697476 -0.157524
v -9.598762 5.202272 0.039334
v -9.597616 5.202272 -0.157524
v -9.598762 7.697476 0.051618
v -9.597616 7.697476 -0.169808
v -9.484491 5.202510 0.025996
v -9.383011 5.202450 0.029351
v -9.384150 5.202450 -0.147541
v -9.484491 5.202510 -0.144185
v -9.484491 7.697714 0.025996
v -9.383011 7.697654 0.041635
v -9.384150 7.697654 -0.159825
v -9.484491 7.697714 -0.144185
v -9.599331 5.202450 0.029351
v -9.598192 5.202450 -0.147541
v -9.599331 7.697654 0.041635
v -9.598192 7.697654 -0.159825
vn -1.0000 -0.0000 -0.0000
vn -0.0576 -0.0025 -0.9983
vn -0.0570 -0.0025 0.9984
vn 0.0576 -0.0025 -0.9983
vn 0.0570 -0.0025 0.9984
vn 1.0000 -0.0000 -0.0000
vn 0.0942 0.0025 0.9955
vn 0.0932 0.0025 -0.9956
vn -0.0832 0.0025 0.9965
vn -0.0824 0.0025 -0.9966
vn -0.0000 -0.9998 -0.0179
vn -0.0000 -0.9998 0.0179
vn 0.0356 -0.9994 -0.0000
vn -0.0020 0.9998 0.0172
vn -0.0020 0.9998 -0.0172
vn -0.0356 0.9994 -0.0000
vn 0.9983 -0.0003 -0.0576
vn 0.9984 -0.0003 0.0570
vn 0.0020 0.9998 0.0184
vn 0.0021 0.9998 -0.0184
vn -0.9983 -0.0003 -0.0576
vn -0.9984 -0.0003 0.0570
vt 0.605492 -0.837237
vt 0.394508 -0.837237
vt 0.394508 1.837014
vt 0.605492 1.837014
vt 0.612293 -0.837237
vt 0.498210 -0.837237
vt 0.498210 1.837014
vt 0.612293 1.837014
vt 0.613521 -0.837237
vt 0.613521 1.837014
vt 0.384127 -0.837237
vt 0.384127 1.837014
vt 0.382900 1.837014
vt 0.382900 -0.837237
vt 0.591196 -0.836982
vt 0.591196 1.837269
vt 0.408803 1.837269
vt 0.408803 -0.836982
vt 0.612911 -0.837046
vt 0.612911 1.837205
vt 0.505370 1.837269
vt 0.505370 -0.836982
vt 0.614131 1.837205
vt 0.614131 -0.837046
vt 0.383509 -0.837046
vt 0.383509 1.837205
vt 0.382289 -0.837046
vt 0.382289 1.837205
vt 0.613521 0.394508
vt 0.498210 0.394508
vt 0.505370 0.408803
vt 0.614131 0.405208
vt 0.498210 0.605492
vt 0.612293 0.605492
vt 0.612911 0.594793
vt 0.505370 0.591196
vt 0.613521 0.381343
vt 0.614131 0.392042
vt 0.612293 0.618657
vt 0.612911 0.607958
vt 0.618657 1.837014
vt 0.607958 1.837205
vt 0.594793 -0.837046
vt 0.381343 1.837014
vt 0.405208 -0.837046
vt 0.392042 1.837205
vt 0.382900 0.394508
vt 0.382289 0.405208
vt 0.384127 0.605492
vt 0.383509 0.594793
vt 0.382900 0.381343
vt 0.382289 0.392042
vt 0.384127 0.618657
vt 0.383509 0.607958
s 0
f 1228/1876/1179 1225/1877/1179 1229/1878/1179 1232/1879/1179
f 1227/1880/1180 1228/1881/1180 1232/1882/1180 1231/1883/1180
f 1225/1881/1181 1226/1884/1181 1230/1885/1181 1229/1882/1181
f 1234/1886/1182 1236/1887/1182 1232/1882/1182 1228/1881/1182
f 1225/1881/1183 1229/1882/1183 1235/1888/1183 1233/1889/1183
f 1240/1890/1184 1244/1891/1184 1241/1892/1184 1237/1893/1184
f 1239/1894/1185 1243/1895/1185 1244/1896/1185 1240/1897/1185
f 1237/1897/1186 1241/1896/1186 1242/1898/1186 1238/1899/1186
f 1246/1900/1187 1240/1897/1187 1244/1896/1187 1248/1901/1187
f 1237/1897/1188 1245/1902/1188 1247/1903/1188 1241/1896/1188
f 1226/1904/1189 1225/1905/1189 1237/1906/1189 1238/1907/1189
f 1228/1908/1190 1227/1909/1190 1239/1910/1190 1240/1911/1190
f 1225/1905/1191 1228/1908/1191 1240/1911/1191 1237/1906/1191
f 1229/1905/1192 1230/1912/1192 1242/1913/1192 1241/1906/1192
f 1231/1914/1193 1232/1908/1193 1244/1911/1193 1243/1915/1193
f 1232/1908/1194 1229/1905/1194 1241/1906/1194 1244/1911/1194
f 1227/1876/1195 1231/1916/1195 1243/1917/1195 1239/1918/1195
f 1230/1919/1196 1226/1877/1196 1238/1920/1196 1242/1921/1196
f 1225/1905/1189 1233/1922/1189 1245/1923/1189 1237/1906/1189
f 1234/1924/1190 1228/1908/1190 1240/1911/1190 1246/1925/1190
f 1235/1926/1197 1229/1905/1197 1241/1906/1197 1247/1927/1197
f 1232/1908/1198 1236/1928/1198 1248/1929/1198 1244/1911/1198
f 1236/1916/1199 1234/1876/1199 1246/1918/1199 1248/1917/1199
f 1233/1877/1200 1235/1919/1200 1247/1921/1200 1245/1920/1200
