# Blender 4.4.0
# www.blender.org
o Plane.011
v -4.688357 0.000000 0.000000
v -4.580767 0.000000 0.000000
v -4.581912 0.000000 -0.196858
v -4.688357 0.000000 -0.196858
v -4.688357 2.495204 0.000000
v -4.580767 2.495204 0.012284
v -4.581912 2.495204 -0.209142
v -4.688357 2.495204 -0.196858
v -4.795948 0.000000 0.000000
v -4.794803 0.000000 -0.196858
v -4.795948 2.495204 0.012284
v -4.794803 2.495204 -0.209142
v -4.681677 0.000238 -0.013339
v -4.580197 0.000178 -0.009984
v -4.581336 0.000178 -0.186875
v -4.681677 0.000238 -0.183520
v -4.681677 2.495442 -0.013339
v -4.580197 2.495382 0.002300
v -4.581336 2.495382 -0.199159
v -4.681677 2.495442 -0.183520
v -4.796517 0.000178 -0.009984
v -4.795379 0.000178 -0.186875
v -4.796517 2.495382 0.002300
v -4.795379 2.495382 -0.199159
vn -1.0000 -0.0000 -0.0000
vn -0.0576 -0.0025 -0.9983
vn -0.0570 -0.0025 0.9984
vn 0.0576 -0.0025 -0.9983
vn 0.0570 -0.0025 0.9984
vn 1.0000 -0.0000 -0.0000
vn 0.0942 0.0025 0.9955
vn 0.0932 0.0025 -0.9956
vn -0.0832 0.0025 0.9965
vn -0.0824 0.0025 -0.9966
vn -0.0000 -0.9998 -0.0179
vn -0.0000 -0.9998 0.0179
vn 0.0356 -0.9994 -0.0000
vn -0.0020 0.9998 0.0172
vn -0.0020 0.9998 -0.0172
vn -0.0356 0.9994 -0.0000
vn 0.9983 -0.0003 -0.0576
vn 0.9984 -0.0003 0.0570
vn 0.0020 0.9998 0.0184
vn 0.0021 0.9998 -0.0184
vn -0.9983 -0.0003 -0.0576
vn -0.9984 -0.0003 0.0570
vt 0.605492 -0.837237
vt 0.394508 -0.837237
vt 0.394508 1.837014
vt 0.605492 1.837014
vt 0.612294 -0.837237
vt 0.498210 -0.837237
vt 0.498210 1.837014
vt 0.612294 1.837014
vt 0.613520 -0.837237
vt 0.613520 1.837014
vt 0.384126 -0.837237
vt 0.384126 1.837014
vt 0.382900 1.837014
vt 0.382900 -0.837237
vt 0.591196 -0.836982
vt 0.591196 1.837269
vt 0.408803 1.837269
vt 0.408803 -0.836982
vt 0.612911 -0.837046
vt 0.612911 1.837205
vt 0.505370 1.837269
vt 0.505370 -0.836982
vt 0.505370 -0.836982
vt 0.505370 1.837269
vt 0.614131 1.837205
vt 0.614131 -0.837046
vt 0.383509 -0.837046
vt 0.383509 1.837205
vt 0.382289 -0.837046
vt 0.382289 1.837205
vt 0.613520 0.394508
vt 0.498210 0.394508
vt 0.505370 0.408803
vt 0.614131 0.405208
vt 0.498210 0.605492
vt 0.612294 0.605492
vt 0.612911 0.594793
vt 0.505370 0.591196
vt 0.613520 0.381343
vt 0.614131 0.392042
vt 0.612294 0.618657
vt 0.612911 0.607958
vt 0.618657 1.837014
vt 0.607958 1.837205
vt 0.594793 -0.837046
vt 0.381343 1.837014
vt 0.405208 -0.837046
vt 0.392042 1.837205
vt 0.382900 0.394508
vt 0.382289 0.405208
vt 0.384126 0.605492
vt 0.383509 0.594793
vt 0.382900 0.381343
vt 0.382289 0.392042
vt 0.384126 0.618657
vt 0.383509 0.607958
s 0
f 4/1/1 1/2/1 5/3/1 8/4/1
f 3/5/2 4/6/2 8/7/2 7/8/2
f 1/6/3 2/9/3 6/10/3 5/7/3
f 10/11/4 12/12/4 8/7/4 4/6/4
f 1/6/5 5/7/5 11/13/5 9/14/5
f 16/15/6 20/16/6 17/17/6 13/18/6
f 15/19/7 19/20/7 20/21/7 16/22/7
f 13/23/8 17/24/8 18/25/8 14/26/8
f 22/27/9 16/22/9 20/21/9 24/28/9
f 13/23/10 21/29/10 23/30/10 17/24/10
f 2/31/11 1/32/11 13/33/11 14/34/11
f 4/35/12 3/36/12 15/37/12 16/38/12
f 1/32/13 4/35/13 16/38/13 13/33/13
f 5/32/14 6/39/14 18/40/14 17/33/14
f 7/41/15 8/35/15 20/38/15 19/42/15
f 8/35/16 5/32/16 17/33/16 20/38/16
f 3/1/17 7/43/17 19/44/17 15/45/17
f 6/46/18 2/2/18 14/47/18 18/48/18
f 1/32/11 9/49/11 21/50/11 13/33/11
f 10/51/12 4/35/12 16/38/12 22/52/12
f 11/53/19 5/32/19 17/33/19 23/54/19
f 8/35/20 12/55/20 24/56/20 20/38/20
f 12/43/21 10/1/21 22/45/21 24/44/21
f 9/2/22 11/46/22 23/48/22 21/47/22
o Plane.013
v -4.688357 0.000000 -4.225684
v -4.580767 0.000000 -4.225684
v -4.581912 0.000000 -4.422542
v -4.688357 0.000000 -4.422542
v -4.688357 2.495204 -4.225684
v -4.580767 2.495204 -4.213400
v -4.581912 2.495204 -4.434826
v -4.688357 2.495204 -4.422542
v -4.795948 0.000000 -4.225684
v -4.794803 0.000000 -4.422542
v -4.795948 2.495204 -4.213400
v -4.794803 2.495204 -4.434826
v -4.681677 0.000238 -4.239022
v -4.580197 0.000178 -4.235667
v -4.581336 0.000178 -4.412559
v -4.681677 0.000238 -4.409204
v -4.681677 2.495442 -4.239022
v -4.580197 2.495382 -4.223383
v -4.581336 2.495382 -4.424843
v -4.681677 2.495442 -4.409204
v -4.796517 0.000178 -4.235667
v -4.795379 0.000178 -4.412559
v -4.796517 2.495382 -4.223383
v -4.795379 2.495382 -4.424843
vn -1.0000 -0.0000 -0.0000
vn -0.0576 -0.0025 -0.9983
vn -0.0570 -0.0025 0.9984
vn 0.0576 -0.0025 -0.9983
vn 0.0570 -0.0025 0.9984
vn 1.0000 -0.0000 -0.0000
vn 0.0942 0.0025 0.9955
vn 0.0932 0.0025 -0.9956
vn -0.0832 0.0025 0.9965
vn -0.0824 0.0025 -0.9966
vn -0.0000 -0.9998 -0.0179
vn -0.0000 -0.9998 0.0179
vn 0.0356 -0.9994 -0.0000
vn -0.0020 0.9998 0.0172
vn -0.0020 0.9998 -0.0172
vn -0.0356 0.9994 -0.0000
vn 0.9983 -0.0003 -0.0576
vn 0.9984 -0.0003 0.0570
vn 0.0020 0.9998 0.0184
vn 0.0021 0.9998 -0.0184
vn -0.9983 -0.0003 -0.0576
vn -0.9984 -0.0003 0.0570
vt 0.605492 -0.837237
vt 0.394508 -0.837237
vt 0.394508 1.837014
vt 0.605492 1.837014
vt 0.612294 -0.837237
vt 0.498210 -0.837237
vt 0.498210 1.837014
vt 0.612294 1.837014
vt 0.613520 -0.837237
vt 0.613520 1.837014
vt 0.384126 -0.837237
vt 0.384126 1.837014
vt 0.382900 1.837014
vt 0.382900 -0.837237
vt 0.591196 -0.836982
vt 0.591196 1.837269
vt 0.408803 1.837269
vt 0.408803 -0.836982
vt 0.612911 -0.837046
vt 0.612911 1.837205
vt 0.505370 1.837269
vt 0.505370 -0.836982
vt 0.505370 -0.836982
vt 0.505370 1.837269
vt 0.614131 1.837205
vt 0.614131 -0.837046
vt 0.383509 -0.837046
vt 0.383509 1.837205
vt 0.382289 -0.837046
vt 0.382289 1.837205
vt 0.613520 0.394508
vt 0.498210 0.394508
vt 0.505370 0.408803
vt 0.614131 0.405208
vt 0.498210 0.605492
vt 0.612294 0.605492
vt 0.612911 0.594793
vt 0.505370 0.591196
vt 0.613520 0.381343
vt 0.614131 0.392042
vt 0.612294 0.618657
vt 0.612911 0.607958
vt 0.618657 1.837014
vt 0.607958 1.837205
vt 0.594793 -0.837046
vt 0.381343 1.837014
vt 0.405208 -0.837046
vt 0.392042 1.837205
vt 0.382900 0.394508
vt 0.382289 0.405208
vt 0.384126 0.605492
vt 0.383509 0.594793
vt 0.382900 0.381343
vt 0.382289 0.392042
vt 0.384126 0.618657
vt 0.383509 0.607958
s 0
f 28/57/23 25/58/23 29/59/23 32/60/23
f 27/61/24 28/62/24 32/63/24 31/64/24
f 25/62/25 26/65/25 30/66/25 29/63/25
f 34/67/26 36/68/26 32/63/26 28/62/26
f 25/62/27 29/63/27 35/69/27 33/70/27
f 40/71/28 44/72/28 41/73/28 37/74/28
f 39/75/29 43/76/29 44/77/29 40/78/29
f 37/79/30 41/80/30 42/81/30 38/82/30
f 46/83/31 40/78/31 44/77/31 48/84/31
f 37/79/32 45/85/32 47/86/32 41/80/32
f 26/87/33 25/88/33 37/89/33 38/90/33
f 28/91/34 27/92/34 39/93/34 40/94/34
f 25/88/35 28/91/35 40/94/35 37/89/35
f 29/88/36 30/95/36 42/96/36 41/89/36
f 31/97/37 32/91/37 44/94/37 43/98/37
f 32/91/38 29/88/38 41/89/38 44/94/38
f 27/57/39 31/99/39 43/100/39 39/101/39
f 30/102/40 26/58/40 38/103/40 42/104/40
f 25/88/33 33/105/33 45/106/33 37/89/33
f 34/107/34 28/91/34 40/94/34 46/108/34
f 35/109/41 29/88/41 41/89/41 47/110/41
f 32/91/42 36/111/42 48/112/42 44/94/42
f 36/99/43 34/57/43 46/101/43 48/100/43
f 33/58/44 35/102/44 47/104/44 45/103/44
o Plane.017
v -4.584705 2.603364 0.056000
v -4.584705 2.495774 0.056000
v -4.781564 2.496918 0.056000
v -4.781564 2.603364 0.056000
v -4.584705 2.603364 -4.443631
v -4.572422 2.495774 -4.443631
v -4.793848 2.496918 -4.443631
v -4.781564 2.603364 -4.443631
v -4.584705 2.710954 0.056000
v -4.781564 2.709809 0.056000
v -4.572422 2.710954 -4.443631
v -4.793848 2.709809 -4.443631
v -4.598044 2.596684 0.055570
v -4.594689 2.495204 0.055678
v -4.771580 2.496342 0.055678
v -4.768225 2.596684 0.055570
v -4.598044 2.596684 -4.444061
v -4.582405 2.495204 -4.443954
v -4.783864 2.496342 -4.443954
v -4.768225 2.596684 -4.444061
v -4.594689 2.711524 0.055678
v -4.771580 2.710385 0.055678
v -4.582405 2.711524 -4.443954
v -4.783864 2.710385 -4.443954
vn -0.0000 1.0000 -0.0000
vn -0.9983 0.0576 0.0014
vn 0.9984 0.0570 0.0014
vn -0.9983 -0.0576 0.0014
vn 0.9984 -0.0570 0.0014
vn -0.0000 -1.0000 -0.0000
vn 0.9955 -0.0942 -0.0014
vn -0.9956 -0.0932 -0.0014
vn 0.9965 0.0832 -0.0014
vn -0.9966 0.0824 -0.0014
vn -0.0322 -0.0000 0.9995
vn 0.0322 -0.0000 0.9995
vn -0.0000 -0.0642 0.9979
vn 0.0311 0.0036 -0.9995
vn -0.0311 0.0037 -0.9995
vn -0.0000 0.0643 -0.9979
vn -0.0576 -0.9983 0.0002
vn 0.0570 -0.9984 0.0002
vn 0.0332 -0.0037 -0.9994
vn -0.0332 -0.0037 -0.9994
vn -0.0576 0.9983 0.0002
vn 0.0570 0.9984 0.0002
vt 0.394508 -1.911456
vt 0.605492 -1.911456
vt 0.605492 2.911053
vt 0.394508 2.911053
vt -1.911456 0.387706
vt -1.911456 0.501790
vt 2.911053 0.501790
vt 2.911053 0.387706
vt -1.911456 0.386480
vt 2.911053 0.386480
vt -1.911456 0.615873
vt 2.911053 0.615873
vt 2.911053 0.617100
vt -1.911456 0.617100
vt 0.408804 -1.910995
vt 0.408804 2.911514
vt 0.591196 2.911514
vt 0.591197 -1.910995
vt -1.911111 0.387089
vt 2.911399 0.387089
vt 2.911514 0.494630
vt -1.910995 0.494630
vt -1.910995 0.494630
vt 2.911514 0.494630
vt 2.911399 0.385869
vt -1.911111 0.385869
vt -1.911111 0.616491
vt 2.911399 0.616491
vt -1.911111 0.617711
vt 2.911399 0.617711
vt 0.605492 0.386480
vt 0.605492 0.501790
vt 0.591197 0.494630
vt 0.594792 0.385869
vt 0.394508 0.501790
vt 0.394508 0.387706
vt 0.405208 0.387089
vt 0.408804 0.494630
vt 0.605492 0.501790
vt 0.618657 0.386480
vt 0.607957 0.385869
vt 0.591196 0.494630
vt 0.381343 0.387706
vt 0.394508 0.501790
vt 0.408804 0.494630
vt 0.392042 0.387089
vt 0.381343 2.911053
vt 0.392042 2.911399
vt 0.405208 -1.911111
vt 0.618657 2.911053
vt 0.594792 -1.911111
vt 0.607957 2.911399
vt 0.605492 0.617100
vt 0.594792 0.617711
vt 0.394508 0.615873
vt 0.405208 0.616491
vt 0.618657 0.617100
vt 0.607957 0.617711
vt 0.381343 0.615873
vt 0.392042 0.616491
vt 0.394508 -1.911456
vt 0.392042 2.911399
vt 0.618657 2.911053
s 0
f 52/113/45 49/114/45 53/115/45 56/116/45
f 51/117/46 52/118/46 56/119/46 55/120/46
f 49/118/47 50/121/47 54/122/47 53/119/47
f 58/123/48 60/124/48 56/119/48 52/118/48
f 49/118/49 53/119/49 59/125/49 57/126/49
f 64/127/50 68/128/50 65/129/50 61/130/50
f 63/131/51 67/132/51 68/133/51 64/134/51
f 61/135/52 65/136/52 66/137/52 62/138/52
f 70/139/53 64/134/53 68/133/53 72/140/53
f 61/135/54 69/141/54 71/142/54 65/136/54
f 50/143/55 49/144/55 61/145/55 62/146/55
f 52/147/56 51/148/56 63/149/56 64/150/56
f 49/144/57 52/147/57 64/150/57 61/145/57
f 53/151/58 54/152/58 66/153/58 65/154/58
f 55/155/59 56/156/59 68/157/59 67/158/59
f 56/156/60 53/151/60 65/154/60 68/157/60
f 51/113/61 55/159/61 67/160/61 63/161/61
f 54/162/62 50/114/62 62/163/62 66/164/62
f 49/144/55 57/165/55 69/166/55 61/145/55
f 58/167/56 52/147/56 64/150/56 70/168/56
f 59/169/63 53/151/63 65/154/63 71/170/63
f 56/156/64 60/171/64 72/172/64 68/157/64
f 60/159/65 58/173/65 70/161/65 72/174/65
f 57/114/66 59/175/66 71/164/66 69/163/66
o Cube.006
v -4.805490 2.428407 0.059542
v -4.805490 2.434528 0.065663
v -4.811611 2.434528 0.059542
v -4.805490 2.430200 0.063870
v -4.809024 2.430994 0.063076
v -4.809818 2.434528 0.063870
v -4.809818 2.430200 0.059542
v -4.805490 2.884927 0.065663
v -4.805490 2.891048 0.059542
v -4.811611 2.884927 0.059542
v -4.805490 2.889255 0.063870
v -4.809024 2.888461 0.063076
v -4.809818 2.889255 0.059542
v -4.809818 2.884927 0.063870
v -4.805490 2.428407 -0.218425
v -4.811611 2.434528 -0.218425
v -4.805490 2.434528 -0.224546
v -4.809818 2.430200 -0.218425
v -4.809024 2.430994 -0.221959
v -4.809818 2.434528 -0.222753
v -4.805490 2.430200 -0.222753
v -4.805490 2.891048 -0.218425
v -4.805490 2.884927 -0.224546
v -4.811611 2.884927 -0.218425
v -4.805490 2.889255 -0.222753
v -4.809024 2.888461 -0.221959
v -4.809818 2.884927 -0.222753
v -4.809818 2.889255 -0.218425
v -4.527524 2.428407 0.059542
v -4.521402 2.434528 0.059542
v -4.527524 2.434528 0.065663
v -4.523195 2.430200 0.059542
v -4.523989 2.430994 0.063076
v -4.523195 2.434528 0.063870
v -4.527524 2.430200 0.063870
v -4.527524 2.891048 0.059542
v -4.527524 2.884927 0.065663
v -4.521402 2.884927 0.059542
v -4.527524 2.889255 0.063870
v -4.523989 2.888461 0.063076
v -4.523195 2.884927 0.063870
v -4.523195 2.889255 0.059542
v -4.527524 2.428407 -0.218425
v -4.527524 2.434528 -0.224546
v -4.521402 2.434528 -0.218425
v -4.527524 2.430200 -0.222753
v -4.523989 2.430994 -0.221959
v -4.523195 2.434528 -0.222753
v -4.523195 2.430200 -0.218425
v -4.527524 2.891048 -0.218425
v -4.521402 2.884927 -0.218425
v -4.527524 2.884927 -0.224546
v -4.523195 2.889255 -0.218425
v -4.523989 2.888461 -0.221959
v -4.523195 2.884927 -0.222753
v -4.527524 2.889255 -0.222753
vn -0.1794 -0.9673 0.1794
vn -0.1794 -0.1794 0.9673
vn -0.9673 -0.1794 0.1794
vn -0.1726 -0.6965 0.6965
vn -0.5773 -0.5773 0.5774
vn -0.6965 -0.1726 0.6965
vn -0.6965 -0.6965 0.1726
vn -0.1794 0.1794 0.9673
vn -0.1794 0.9673 0.1794
vn -0.9673 0.1794 0.1794
vn -0.1726 0.6965 0.6965
vn -0.5773 0.5773 0.5774
vn -0.6965 0.6965 0.1726
vn -0.6965 0.1726 0.6965
vn -0.1794 -0.9673 -0.1794
vn -0.9673 -0.1794 -0.1794
vn -0.1794 -0.1794 -0.9673
vn -0.6965 -0.6965 -0.1726
vn -0.5773 -0.5773 -0.5774
vn -0.6965 -0.1726 -0.6965
vn -0.1726 -0.6965 -0.6965
vn -0.1794 0.9673 -0.1794
vn -0.1794 0.1794 -0.9673
vn -0.9673 0.1794 -0.1794
vn -0.1726 0.6965 -0.6965
vn -0.5773 0.5773 -0.5774
vn -0.6965 0.1726 -0.6965
vn -0.6965 0.6965 -0.1726
vn 0.1794 -0.9673 0.1794
vn 0.9673 -0.1794 0.1794
vn 0.1794 -0.1794 0.9673
vn 0.6965 -0.6965 0.1726
vn 0.5773 -0.5773 0.5774
vn 0.6965 -0.1726 0.6965
vn 0.1726 -0.6965 0.6965
vn 0.1794 0.9673 0.1794
vn 0.1794 0.1794 0.9673
vn 0.9673 0.1794 0.1794
vn 0.1726 0.6965 0.6965
vn 0.5773 0.5773 0.5774
vn 0.6965 0.1726 0.6965
vn 0.6965 0.6965 0.1726
vn 0.1794 -0.9673 -0.1794
vn 0.1794 -0.1794 -0.9673
vn 0.9673 -0.1794 -0.1794
vn 0.1726 -0.6965 -0.6965
vn 0.5773 -0.5773 -0.5774
vn 0.6965 -0.1726 -0.6965
vn 0.6965 -0.6965 -0.1726
vn 0.1794 0.9673 -0.1794
vn 0.9673 0.1794 -0.1794
vn 0.1794 0.1794 -0.9673
vn 0.6965 0.6965 -0.1726
vn 0.5773 0.5773 -0.5774
vn 0.6965 0.1726 -0.6965
vn 0.1726 0.6965 -0.6965
vt 0.638983 0.274801
vt 0.638983 0.725199
vt 0.361017 0.725199
vt 0.361017 0.274801
vt 0.638984 0.274801
vt 0.638984 0.725199
vt 0.361016 0.725199
vt 0.361016 0.274801
vt 0.638983 0.638984
vt 0.361017 0.638984
vt 0.361017 0.361016
vt 0.638983 0.361016
vt 0.361017 0.356688
vt 0.357483 0.357482
vt 0.356688 0.361016
vt 0.356688 0.274801
vt 0.357483 0.271267
vt 0.361017 0.270472
vt 0.361016 0.270472
vt 0.357482 0.271267
vt 0.356688 0.274801
vt 0.361017 0.729528
vt 0.357483 0.728733
vt 0.356688 0.725199
vt 0.356688 0.725199
vt 0.357482 0.728733
vt 0.361016 0.729528
vt 0.356688 0.638984
vt 0.357483 0.642518
vt 0.361017 0.643312
vt 0.643312 0.274801
vt 0.642518 0.271267
vt 0.638984 0.270472
vt 0.638984 0.729528
vt 0.642518 0.728733
vt 0.643312 0.725199
vt 0.643312 0.361016
vt 0.642517 0.357482
vt 0.638983 0.356688
vt 0.638983 0.270472
vt 0.642517 0.271267
vt 0.643312 0.274801
vt 0.643312 0.725199
vt 0.642517 0.728733
vt 0.638983 0.729528
vt 0.638983 0.643312
vt 0.642517 0.642518
vt 0.643312 0.638984
s 1
f 103/176/97 109/177/103 80/178/74 74/179/68
f 117/180/111 123/181/117 110/182/104 102/183/96
f 122/184/116 94/185/88 81/186/75 108/187/102
f 75/183/69 82/182/76 96/181/90 88/180/82
f 89/179/83 95/178/89 124/177/118 116/176/110
f 73/186/67 76/188/70 77/189/71 79/190/73
f 74/179/68 78/191/72 77/192/71 76/193/70
f 75/183/69 79/194/73 77/195/71 78/196/72
f 80/178/74 83/197/77 84/198/78 86/199/80
f 81/186/75 85/190/79 84/189/78 83/188/77
f 82/182/76 86/200/80 84/201/78 85/202/79
f 87/185/81 90/203/84 91/204/85 93/205/87
f 88/180/82 92/206/86 91/207/85 90/208/84
f 89/179/83 93/193/87 91/192/85 92/191/86
f 94/185/88 97/205/91 98/204/92 100/203/94
f 95/178/89 99/199/93 98/198/92 97/197/91
f 96/181/90 100/209/94 98/210/92 99/211/93
f 101/187/95 104/212/98 105/213/99 107/214/101
f 102/183/96 106/196/100 105/195/99 104/194/98
f 103/176/97 107/215/101 105/216/99 106/217/100
f 108/187/102 111/214/105 112/213/106 114/212/108
f 109/177/103 113/218/107 112/219/106 111/220/105
f 110/182/104 114/202/108 112/201/106 113/200/107
f 115/184/109 118/221/112 119/222/113 121/223/115
f 116/176/110 120/217/114 119/216/113 118/215/112
f 117/180/111 121/208/115 119/207/113 120/206/114
f 122/184/116 125/223/119 126/222/120 128/221/122
f 123/181/117 127/211/121 126/210/120 125/209/119
f 124/177/118 128/220/122 126/219/120 127/218/121
f 87/185/81 73/186/67 79/190/73 90/203/84
f 90/208/84 79/194/73 75/183/69 88/180/82
f 74/179/68 80/178/74 86/199/80 78/191/72
f 78/196/72 86/200/80 82/182/76 75/183/69
f 81/186/75 94/185/88 100/203/94 85/190/79
f 85/202/79 100/209/94 96/181/90 82/182/76
f 95/178/89 89/179/83 92/191/86 99/199/93
f 99/211/93 92/206/86 88/180/82 96/181/90
f 115/184/109 87/185/81 93/205/87 118/221/112
f 118/215/112 93/193/87 89/179/83 116/176/110
f 94/185/88 122/184/116 128/221/122 97/205/91
f 97/197/91 128/220/122 124/177/118 95/178/89
f 123/181/117 117/180/111 120/206/114 127/211/121
f 127/218/121 120/217/114 116/176/110 124/177/118
f 101/187/95 115/184/109 121/223/115 104/212/98
f 104/194/98 121/208/115 117/180/111 102/183/96
f 122/184/116 108/187/102 114/212/108 125/223/119
f 125/209/119 114/202/108 110/182/104 123/181/117
f 109/177/103 103/176/97 106/217/100 113/218/107
f 113/200/107 106/196/100 102/183/96 110/182/104
f 73/186/67 101/187/95 107/214/101 76/188/70
f 76/193/70 107/215/101 103/176/97 74/179/68
f 108/187/102 81/186/75 83/188/77 111/214/105
f 111/220/105 83/197/77 80/178/74 109/177/103
f 87/185/81 115/184/109 101/187/95 73/186/67
o Cube.008
v -4.805490 2.428407 -4.181565
v -4.805490 2.434528 -4.175445
v -4.811611 2.434528 -4.181565
v -4.805490 2.430200 -4.177237
v -4.809024 2.430994 -4.178031
v -4.809818 2.434528 -4.177237
v -4.809818 2.430200 -4.181565
v -4.805490 2.884927 -4.175445
v -4.805490 2.891048 -4.181565
v -4.811611 2.884927 -4.181565
v -4.805490 2.889255 -4.177237
v -4.809024 2.888461 -4.178031
v -4.809818 2.889255 -4.181565
v -4.809818 2.884927 -4.177237
v -4.805490 2.428407 -4.459533
v -4.811611 2.434528 -4.459533
v -4.805490 2.434528 -4.465653
v -4.809818 2.430200 -4.459533
v -4.809024 2.430994 -4.463067
v -4.809818 2.434528 -4.463861
v -4.805490 2.430200 -4.463861
v -4.805490 2.891048 -4.459533
v -4.805490 2.884927 -4.465653
v -4.811611 2.884927 -4.459533
v -4.805490 2.889255 -4.463861
v -4.809024 2.888461 -4.463067
v -4.809818 2.884927 -4.463861
v -4.809818 2.889255 -4.459533
v -4.527524 2.428407 -4.181565
v -4.521402 2.434528 -4.181565
v -4.527524 2.434528 -4.175445
v -4.523195 2.430200 -4.181565
v -4.523989 2.430994 -4.178031
v -4.523195 2.434528 -4.177237
v -4.527524 2.430200 -4.177237
v -4.527524 2.891048 -4.181565
v -4.527524 2.884927 -4.175445
v -4.521402 2.884927 -4.181565
v -4.527524 2.889255 -4.177237
v -4.523989 2.888461 -4.178031
v -4.523195 2.884927 -4.177237
v -4.523195 2.889255 -4.181565
v -4.527524 2.428407 -4.459533
v -4.527524 2.434528 -4.465653
v -4.521402 2.434528 -4.459533
v -4.527524 2.430200 -4.463861
v -4.523989 2.430994 -4.463067
v -4.523195 2.434528 -4.463861
v -4.523195 2.430200 -4.459533
v -4.527524 2.891048 -4.459533
v -4.521402 2.884927 -4.459533
v -4.527524 2.884927 -4.465653
v -4.523195 2.889255 -4.459533
v -4.523989 2.888461 -4.463067
v -4.523195 2.884927 -4.463861
v -4.527524 2.889255 -4.463861
vn -0.1794 -0.9673 0.1794
vn -0.1794 -0.1794 0.9673
vn -0.9673 -0.1794 0.1794
vn -0.1726 -0.6965 0.6965
vn -0.5773 -0.5773 0.5774
vn -0.6965 -0.1726 0.6965
vn -0.6965 -0.6965 0.1726
vn -0.1794 0.1794 0.9673
vn -0.1794 0.9673 0.1794
vn -0.9673 0.1794 0.1794
vn -0.1726 0.6965 0.6965
vn -0.5773 0.5773 0.5774
vn -0.6965 0.6965 0.1726
vn -0.6965 0.1726 0.6965
vn -0.1794 -0.9673 -0.1794
vn -0.9673 -0.1794 -0.1794
vn -0.1794 -0.1794 -0.9673
vn -0.6965 -0.6965 -0.1726
vn -0.5773 -0.5773 -0.5774
vn -0.6965 -0.1726 -0.6965
vn -0.1726 -0.6965 -0.6965
vn -0.1794 0.9673 -0.1794
vn -0.1794 0.1794 -0.9673
vn -0.9673 0.1794 -0.1794
vn -0.1726 0.6965 -0.6965
vn -0.5773 0.5773 -0.5774
vn -0.6965 0.1726 -0.6965
vn -0.6965 0.6965 -0.1726
vn 0.1794 -0.9673 0.1794
vn 0.9673 -0.1794 0.1794
vn 0.1794 -0.1794 0.9673
vn 0.6965 -0.6965 0.1726
vn 0.5773 -0.5773 0.5774
vn 0.6965 -0.1726 0.6965
vn 0.1726 -0.6965 0.6965
vn 0.1794 0.9673 0.1794
vn 0.1794 0.1794 0.9673
vn 0.9673 0.1794 0.1794
vn 0.1726 0.6965 0.6965
vn 0.5773 0.5773 0.5774
vn 0.6965 0.1726 0.6965
vn 0.6965 0.6965 0.1726
vn 0.1794 -0.9673 -0.1794
vn 0.1794 -0.1794 -0.9673
vn 0.9673 -0.1794 -0.1794
vn 0.1726 -0.6965 -0.6965
vn 0.5773 -0.5773 -0.5774
vn 0.6965 -0.1726 -0.6965
vn 0.6965 -0.6965 -0.1726
vn 0.1794 0.9673 -0.1794
vn 0.9673 0.1794 -0.1794
vn 0.1794 0.1794 -0.9673
vn 0.6965 0.6965 -0.1726
vn 0.5773 0.5773 -0.5774
vn 0.6965 0.1726 -0.6965
vn 0.1726 0.6965 -0.6965
vt 0.638983 0.274801
vt 0.638983 0.725199
vt 0.361017 0.725199
vt 0.361017 0.274801
vt 0.638984 0.274801
vt 0.638984 0.725199
vt 0.361016 0.725199
vt 0.361016 0.274801
vt 0.638983 0.638984
vt 0.361017 0.638984
vt 0.361017 0.361016
vt 0.638983 0.361016
vt 0.361017 0.356688
vt 0.357483 0.357482
vt 0.356688 0.361016
vt 0.356688 0.274801
vt 0.357483 0.271267
vt 0.361017 0.270472
vt 0.361016 0.270472
vt 0.357482 0.271267
vt 0.356688 0.274801
vt 0.361017 0.729528
vt 0.357483 0.728733
vt 0.356688 0.725199
vt 0.356688 0.725199
vt 0.357482 0.728733
vt 0.361016 0.729528
vt 0.356688 0.638984
vt 0.357483 0.642518
vt 0.361017 0.643312
vt 0.643312 0.274801
vt 0.642518 0.271267
vt 0.638984 0.270472
vt 0.638984 0.729528
vt 0.642518 0.728733
vt 0.643312 0.725199
vt 0.643312 0.361016
vt 0.642517 0.357482
vt 0.638983 0.356688
vt 0.638983 0.270472
vt 0.642517 0.271267
vt 0.643312 0.274801
vt 0.643312 0.725199
vt 0.642517 0.728733
vt 0.638983 0.729528
vt 0.638983 0.643312
vt 0.642517 0.642518
vt 0.643312 0.638984
s 1
f 159/224/153 165/225/159 136/226/130 130/227/124
f 173/228/167 179/229/173 166/230/160 158/231/152
f 178/232/172 150/233/144 137/234/131 164/235/158
f 131/231/125 138/230/132 152/229/146 144/228/138
f 145/227/139 151/226/145 180/225/174 172/224/166
f 129/234/123 132/236/126 133/237/127 135/238/129
f 130/227/124 134/239/128 133/240/127 132/241/126
f 131/231/125 135/242/129 133/243/127 134/244/128
f 136/226/130 139/245/133 140/246/134 142/247/136
f 137/234/131 141/238/135 140/237/134 139/236/133
f 138/230/132 142/248/136 140/249/134 141/250/135
f 143/233/137 146/251/140 147/252/141 149/253/143
f 144/228/138 148/254/142 147/255/141 146/256/140
f 145/227/139 149/241/143 147/240/141 148/239/142
f 150/233/144 153/253/147 154/252/148 156/251/150
f 151/226/145 155/247/149 154/246/148 153/245/147
f 152/229/146 156/257/150 154/258/148 155/259/149
f 157/235/151 160/260/154 161/261/155 163/262/157
f 158/231/152 162/244/156 161/243/155 160/242/154
f 159/224/153 163/263/157 161/264/155 162/265/156
f 164/235/158 167/262/161 168/261/162 170/260/164
f 165/225/159 169/266/163 168/267/162 167/268/161
f 166/230/160 170/250/164 168/249/162 169/248/163
f 171/232/165 174/269/168 175/270/169 177/271/171
f 172/224/166 176/265/170 175/264/169 174/263/168
f 173/228/167 177/256/171 175/255/169 176/254/170
f 178/232/172 181/271/175 182/270/176 184/269/178
f 179/229/173 183/259/177 182/258/176 181/257/175
f 180/225/174 184/268/178 182/267/176 183/266/177
f 143/233/137 129/234/123 135/238/129 146/251/140
f 146/256/140 135/242/129 131/231/125 144/228/138
f 130/227/124 136/226/130 142/247/136 134/239/128
f 134/244/128 142/248/136 138/230/132 131/231/125
f 137/234/131 150/233/144 156/251/150 141/238/135
f 141/250/135 156/257/150 152/229/146 138/230/132
f 151/226/145 145/227/139 148/239/142 155/247/149
f 155/259/149 148/254/142 144/228/138 152/229/146
f 171/232/165 143/233/137 149/253/143 174/269/168
f 174/263/168 149/241/143 145/227/139 172/224/166
f 150/233/144 178/232/172 184/269/178 153/253/147
f 153/245/147 184/268/178 180/225/174 151/226/145
f 179/229/173 173/228/167 176/254/170 183/259/177
f 183/266/177 176/265/170 172/224/166 180/225/174
f 157/235/151 171/232/165 177/271/171 160/260/154
f 160/242/154 177/256/171 173/228/167 158/231/152
f 178/232/172 164/235/158 170/260/164 181/271/175
f 181/257/175 170/250/164 166/230/160 179/229/173
f 165/225/159 159/224/153 162/265/156 169/266/163
f 169/248/163 162/244/156 158/231/152 166/230/160
f 129/234/123 157/235/151 163/262/157 132/236/126
f 132/241/126 163/263/157 159/224/153 130/227/124
f 164/235/158 137/234/131 139/236/133 167/262/161
f 167/268/161 139/245/133 136/226/130 165/225/159
f 143/233/137 171/232/165 157/235/151 129/234/123
o Plane.022
v -4.688357 2.615627 0.000000
v -4.580767 2.615627 0.000000
v -4.581912 2.615627 -0.196858
v -4.688357 2.615627 -0.196858
v -4.688357 5.110830 0.000000
v -4.580767 5.110830 0.012284
v -4.581912 5.110830 -0.209142
v -4.688357 5.110830 -0.196858
v -4.795948 2.615627 0.000000
v -4.794803 2.615627 -0.196858
v -4.795948 5.110830 0.012284
v -4.794803 5.110830 -0.209142
v -4.681677 2.615865 -0.013339
v -4.580197 2.615805 -0.009984
v -4.581336 2.615805 -0.186875
v -4.681677 2.615865 -0.183520
v -4.681677 5.111069 -0.013339
v -4.580197 5.111009 0.002300
v -4.581336 5.111009 -0.199159
v -4.681677 5.111069 -0.183520
v -4.796517 2.615805 -0.009984
v -4.795379 2.615805 -0.186875
v -4.796517 5.111009 0.002300
v -4.795379 5.111009 -0.199159
vn -1.0000 -0.0000 -0.0000
vn -0.0576 -0.0025 -0.9983
vn -0.0570 -0.0025 0.9984
vn 0.0576 -0.0025 -0.9983
vn 0.0570 -0.0025 0.9984
vn 1.0000 -0.0000 -0.0000
vn 0.0942 0.0025 0.9955
vn 0.0932 0.0025 -0.9956
vn -0.0832 0.0025 0.9965
vn -0.0824 0.0025 -0.9966
vn -0.0000 -0.9998 -0.0179
vn -0.0000 -0.9998 0.0179
vn 0.0356 -0.9994 -0.0000
vn -0.0020 0.9998 0.0172
vn -0.0020 0.9998 -0.0172
vn -0.0356 0.9994 -0.0000
vn 0.9983 -0.0003 -0.0576
vn 0.9984 -0.0003 0.0570
vn 0.0020 0.9998 0.0184
vn 0.0021 0.9998 -0.0184
vn -0.9983 -0.0003 -0.0576
vn -0.9984 -0.0003 0.0570
vt 0.605492 -0.837237
vt 0.394508 -0.837237
vt 0.394508 1.837014
vt 0.605492 1.837014
vt 0.612294 -0.837237
vt 0.498210 -0.837237
vt 0.498210 1.837014
vt 0.612294 1.837014
vt 0.613520 -0.837237
vt 0.613520 1.837014
vt 0.384126 -0.837237
vt 0.384126 1.837014
vt 0.382900 1.837014
vt 0.382900 -0.837237
vt 0.591196 -0.836982
vt 0.591196 1.837269
vt 0.408803 1.837269
vt 0.408803 -0.836982
vt 0.612911 -0.837046
vt 0.612911 1.837205
vt 0.505370 1.837269
vt 0.505370 -0.836982
vt 0.505370 -0.836982
vt 0.505370 1.837269
vt 0.614131 1.837205
vt 0.614131 -0.837046
vt 0.383509 -0.837046
vt 0.383509 1.837205
vt 0.382289 -0.837046
vt 0.382289 1.837205
vt 0.613520 0.394508
vt 0.498210 0.394508
vt 0.505370 0.408803
vt 0.614131 0.405208
vt 0.498210 0.605492
vt 0.612294 0.605492
vt 0.612911 0.594793
vt 0.505370 0.591196
vt 0.613520 0.381343
vt 0.614131 0.392042
vt 0.612294 0.618657
vt 0.612911 0.607958
vt 0.618657 1.837014
vt 0.607958 1.837205
vt 0.594793 -0.837046
vt 0.381343 1.837014
vt 0.405208 -0.837046
vt 0.392042 1.837205
vt 0.382900 0.394508
vt 0.382289 0.405208
vt 0.384126 0.605492
vt 0.383509 0.594793
vt 0.382900 0.381343
vt 0.382289 0.392042
vt 0.384126 0.618657
vt 0.383509 0.607958
s 0
f 188/272/179 185/273/179 189/274/179 192/275/179
f 187/276/180 188/277/180 192/278/180 191/279/180
f 185/277/181 186/280/181 190/281/181 189/278/181
f 194/282/182 196/283/182 192/278/182 188/277/182
f 185/277/183 189/278/183 195/284/183 193/285/183
f 200/286/184 204/287/184 201/288/184 197/289/184
f 199/290/185 203/291/185 204/292/185 200/293/185
f 197/294/186 201/295/186 202/296/186 198/297/186
f 206/298/187 200/293/187 204/292/187 208/299/187
f 197/294/188 205/300/188 207/301/188 201/295/188
f 186/302/189 185/303/189 197/304/189 198/305/189
f 188/306/190 187/307/190 199/308/190 200/309/190
f 185/303/191 188/306/191 200/309/191 197/304/191
f 189/303/192 190/310/192 202/311/192 201/304/192
f 191/312/193 192/306/193 204/309/193 203/313/193
f 192/306/194 189/303/194 201/304/194 204/309/194
f 187/272/195 191/314/195 203/315/195 199/316/195
f 190/317/196 186/273/196 198/318/196 202/319/196
f 185/303/189 193/320/189 205/321/189 197/304/189
f 194/322/190 188/306/190 200/309/190 206/323/190
f 195/324/197 189/303/197 201/304/197 207/325/197
f 192/306/198 196/326/198 208/327/198 204/309/198
f 196/314/199 194/272/199 206/316/199 208/315/199
f 193/273/200 195/317/200 207/319/200 205/318/200
o Plane.023
v -4.688357 2.615627 -4.225684
v -4.580767 2.615627 -4.225684
v -4.581912 2.615627 -4.422542
v -4.688357 2.615627 -4.422542
v -4.688357 5.110830 -4.225684
v -4.580767 5.110830 -4.213400
v -4.581912 5.110830 -4.434826
v -4.688357 5.110830 -4.422542
v -4.795948 2.615627 -4.225684
v -4.794803 2.615627 -4.422542
v -4.795948 5.110830 -4.213400
v -4.794803 5.110830 -4.434826
v -4.681677 2.615865 -4.239022
v -4.580197 2.615805 -4.235667
v -4.581336 2.615805 -4.412559
v -4.681677 2.615865 -4.409204
v -4.681677 5.111069 -4.239022
v -4.580197 5.111009 -4.223383
v -4.581336 5.111009 -4.424843
v -4.681677 5.111069 -4.409204
v -4.796517 2.615805 -4.235667
v -4.795379 2.615805 -4.412559
v -4.796517 5.111009 -4.223383
v -4.795379 5.111009 -4.424843
vn -1.0000 -0.0000 -0.0000
vn -0.0576 -0.0025 -0.9983
vn -0.0570 -0.0025 0.9984
vn 0.0576 -0.0025 -0.9983
vn 0.0570 -0.0025 0.9984
vn 1.0000 -0.0000 -0.0000
vn 0.0942 0.0025 0.9955
vn 0.0932 0.0025 -0.9956
vn -0.0832 0.0025 0.9965
vn -0.0824 0.0025 -0.9966
vn -0.0000 -0.9998 -0.0179
vn -0.0000 -0.9998 0.0179
vn 0.0356 -0.9994 -0.0000
vn -0.0020 0.9998 0.0172
vn -0.0020 0.9998 -0.0172
vn -0.0356 0.9994 -0.0000
vn 0.9983 -0.0003 -0.0576
vn 0.9984 -0.0003 0.0570
vn 0.0020 0.9998 0.0184
vn 0.0021 0.9998 -0.0184
vn -0.9983 -0.0003 -0.0576
vn -0.9984 -0.0003 0.0570
vt 0.605492 -0.837237
vt 0.394508 -0.837237
vt 0.394508 1.837014
vt 0.605492 1.837014
vt 0.612294 -0.837237
vt 0.498210 -0.837237
vt 0.498210 1.837014
vt 0.612294 1.837014
vt 0.613520 -0.837237
vt 0.613520 1.837014
vt 0.384126 -0.837237
vt 0.384126 1.837014
vt 0.382900 1.837014
vt 0.382900 -0.837237
vt 0.591196 -0.836982
vt 0.591196 1.837269
vt 0.408803 1.837269
vt 0.408803 -0.836982
vt 0.612911 -0.837046
vt 0.612911 1.837205
vt 0.505370 1.837269
vt 0.505370 -0.836982
vt 0.505370 -0.836982
vt 0.505370 1.837269
vt 0.614131 1.837205
vt 0.614131 -0.837046
vt 0.383509 -0.837046
vt 0.383509 1.837205
vt 0.382289 -0.837046
vt 0.382289 1.837205
vt 0.613520 0.394508
vt 0.498210 0.394508
vt 0.505370 0.408803
vt 0.614131 0.405208
vt 0.498210 0.605492
vt 0.612294 0.605492
vt 0.612911 0.594793
vt 0.505370 0.591196
vt 0.613520 0.381343
vt 0.614131 0.392042
vt 0.612294 0.618657
vt 0.612911 0.607958
vt 0.618657 1.837014
vt 0.607958 1.837205
vt 0.594793 -0.837046
vt 0.381343 1.837014
vt 0.405208 -0.837046
vt 0.392042 1.837205
vt 0.382900 0.394508
vt 0.382289 0.405208
vt 0.384126 0.605492
vt 0.383509 0.594793
vt 0.382900 0.381343
vt 0.382289 0.392042
vt 0.384126 0.618657
vt 0.383509 0.607958
s 0
f 212/328/201 209/329/201 213/330/201 216/331/201
f 211/332/202 212/333/202 216/334/202 215/335/202
f 209/333/203 210/336/203 214/337/203 213/334/203
f 218/338/204 220/339/204 216/334/204 212/333/204
f 209/333/205 213/334/205 219/340/205 217/341/205
f 224/342/206 228/343/206 225/344/206 221/345/206
f 223/346/207 227/347/207 228/348/207 224/349/207
f 221/350/208 225/351/208 226/352/208 222/353/208
f 230/354/209 224/349/209 228/348/209 232/355/209
f 221/350/210 229/356/210 231/357/210 225/351/210
f 210/358/211 209/359/211 221/360/211 222/361/211
f 212/362/212 211/363/212 223/364/212 224/365/212
f 209/359/213 212/362/213 224/365/213 221/360/213
f 213/359/214 214/366/214 226/367/214 225/360/214
f 215/368/215 216/362/215 228/365/215 227/369/215
f 216/362/216 213/359/216 225/360/216 228/365/216
f 211/328/217 215/370/217 227/371/217 223/372/217
f 214/373/218 210/329/218 222/374/218 226/375/218
f 209/359/211 217/376/211 229/377/211 221/360/211
f 218/378/212 212/362/212 224/365/212 230/379/212
f 219/380/219 213/359/219 225/360/219 231/381/219
f 216/362/220 220/382/220 232/383/220 228/365/220
f 220/370/221 218/328/221 230/372/221 232/371/221
f 217/329/222 219/373/222 231/375/222 229/374/222
o Cube.005
v -4.805490 5.044033 0.059542
v -4.805490 5.050154 0.065663
v -4.811611 5.050154 0.059542
v -4.805490 5.045826 0.063870
v -4.809024 5.046620 0.063076
v -4.809818 5.050154 0.063870
v -4.809818 5.045826 0.059542
v -4.805490 5.500553 0.065663
v -4.805490 5.506674 0.059542
v -4.811611 5.500553 0.059542
v -4.805490 5.504881 0.063870
v -4.809024 5.504087 0.063076
v -4.809818 5.504881 0.059542
v -4.809818 5.500553 0.063870
v -4.805490 5.044033 -0.218425
v -4.811611 5.050154 -0.218425
v -4.805490 5.050154 -0.224546
v -4.809818 5.045826 -0.218425
v -4.809024 5.046620 -0.221959
v -4.809818 5.050154 -0.222753
v -4.805490 5.045826 -0.222753
v -4.805490 5.506674 -0.218425
v -4.805490 5.500553 -0.224546
v -4.811611 5.500553 -0.218425
v -4.805490 5.504881 -0.222753
v -4.809024 5.504087 -0.221959
v -4.809818 5.500553 -0.222753
v -4.809818 5.504881 -0.218425
v -4.527524 5.044033 0.059542
v -4.521402 5.050154 0.059542
v -4.527524 5.050154 0.065663
v -4.523195 5.045826 0.059542
v -4.523989 5.046620 0.063076
v -4.523195 5.050154 0.063870
v -4.527524 5.045826 0.063870
v -4.527524 5.506674 0.059542
v -4.527524 5.500553 0.065663
v -4.521402 5.500553 0.059542
v -4.527524 5.504881 0.063870
v -4.523989 5.504087 0.063076
v -4.523195 5.500553 0.063870
v -4.523195 5.504881 0.059542
v -4.527524 5.044033 -0.218425
v -4.527524 5.050154 -0.224546
v -4.521402 5.050154 -0.218425
v -4.527524 5.045826 -0.222753
v -4.523989 5.046620 -0.221959
v -4.523195 5.050154 -0.222753
v -4.523195 5.045826 -0.218425
v -4.527524 5.506674 -0.218425
v -4.521402 5.500553 -0.218425
v -4.527524 5.500553 -0.224546
v -4.523195 5.504881 -0.218425
v -4.523989 5.504087 -0.221959
v -4.523195 5.500553 -0.222753
v -4.527524 5.504881 -0.222753
vn -0.1794 -0.9673 0.1794
vn -0.1794 -0.1794 0.9673
vn -0.9673 -0.1794 0.1794
vn -0.1726 -0.6965 0.6965
vn -0.5773 -0.5773 0.5774
vn -0.6965 -0.1726 0.6965
vn -0.6965 -0.6965 0.1726
vn -0.1794 0.1794 0.9673
vn -0.1794 0.9673 0.1794
vn -0.9673 0.1794 0.1794
vn -0.1726 0.6965 0.6965
vn -0.5773 0.5773 0.5774
vn -0.6965 0.6965 0.1726
vn -0.6965 0.1726 0.6965
vn -0.1794 -0.9673 -0.1794
vn -0.9673 -0.1794 -0.1794
vn -0.1794 -0.1794 -0.9673
vn -0.6965 -0.6965 -0.1726
vn -0.5773 -0.5773 -0.5774
vn -0.6965 -0.1726 -0.6965
vn -0.1726 -0.6965 -0.6965
vn -0.1794 0.9673 -0.1794
vn -0.1794 0.1794 -0.9673
vn -0.9673 0.1794 -0.1794
vn -0.1726 0.6965 -0.6965
vn -0.5773 0.5773 -0.5774
vn -0.6965 0.1726 -0.6965
vn -0.6965 0.6965 -0.1726
vn 0.1794 -0.9673 0.1794
vn 0.9673 -0.1794 0.1794
vn 0.1794 -0.1794 0.9673
vn 0.6965 -0.6965 0.1726
vn 0.5773 -0.5773 0.5774
vn 0.6965 -0.1726 0.6965
vn 0.1726 -0.6965 0.6965
vn 0.1794 0.9673 0.1794
vn 0.1794 0.1794 0.9673
vn 0.9673 0.1794 0.1794
vn 0.1726 0.6965 0.6965
vn 0.5773 0.5773 0.5774
vn 0.6965 0.1726 0.6965
vn 0.6965 0.6965 0.1726
vn 0.1794 -0.9673 -0.1794
vn 0.1794 -0.1794 -0.9673
vn 0.9673 -0.1794 -0.1794
vn 0.1726 -0.6965 -0.6965
vn 0.5773 -0.5773 -0.5774
vn 0.6965 -0.1726 -0.6965
vn 0.6965 -0.6965 -0.1726
vn 0.1794 0.9673 -0.1794
vn 0.9673 0.1794 -0.1794
vn 0.1794 0.1794 -0.9673
vn 0.6965 0.6965 -0.1726
vn 0.5773 0.5773 -0.5774
vn 0.6965 0.1726 -0.6965
vn 0.1726 0.6965 -0.6965
vt 0.638983 0.274801
vt 0.638983 0.725199
vt 0.361017 0.725199
vt 0.361017 0.274801
vt 0.638984 0.274801
vt 0.638984 0.725199
vt 0.361016 0.725199
vt 0.361016 0.274801
vt 0.638983 0.638984
vt 0.361017 0.638984
vt 0.361017 0.361016
vt 0.638983 0.361016
vt 0.361017 0.356688
vt 0.357483 0.357482
vt 0.356688 0.361016
vt 0.356688 0.274801
vt 0.357483 0.271267
vt 0.361017 0.270472
vt 0.361016 0.270472
vt 0.357482 0.271267
vt 0.356688 0.274801
vt 0.361017 0.729528
vt 0.357483 0.728733
vt 0.356688 0.725199
vt 0.356688 0.725199
vt 0.357482 0.728733
vt 0.361016 0.729528
vt 0.356688 0.638984
vt 0.357483 0.642518
vt 0.361017 0.643312
vt 0.643312 0.274801
vt 0.642518 0.271267
vt 0.638984 0.270472
vt 0.638984 0.729528
vt 0.642518 0.728733
vt 0.643312 0.725199
vt 0.643312 0.361016
vt 0.642517 0.357482
vt 0.638983 0.356688
vt 0.638983 0.270472
vt 0.642517 0.271267
vt 0.643312 0.274801
vt 0.643312 0.725199
vt 0.642517 0.728733
vt 0.638983 0.729528
vt 0.638983 0.643312
vt 0.642517 0.642518
vt 0.643312 0.638984
s 1
f 263/384/253 269/385/259 240/386/230 234/387/224
f 277/388/267 283/389/273 270/390/260 262/391/252
f 282/392/272 254/393/244 241/394/231 268/395/258
f 235/391/225 242/390/232 256/389/246 248/388/238
f 249/387/239 255/386/245 284/385/274 276/384/266
f 233/394/223 236/396/226 237/397/227 239/398/229
f 234/387/224 238/399/228 237/400/227 236/401/226
f 235/391/225 239/402/229 237/403/227 238/404/228
f 240/386/230 243/405/233 244/406/234 246/407/236
f 241/394/231 245/398/235 244/397/234 243/396/233
f 242/390/232 246/408/236 244/409/234 245/410/235
f 247/393/237 250/411/240 251/412/241 253/413/243
f 248/388/238 252/414/242 251/415/241 250/416/240
f 249/387/239 253/401/243 251/400/241 252/399/242
f 254/393/244 257/413/247 258/412/248 260/411/250
f 255/386/245 259/407/249 258/406/248 257/405/247
f 256/389/246 260/417/250 258/418/248 259/419/249
f 261/395/251 264/420/254 265/421/255 267/422/257
f 262/391/252 266/404/256 265/403/255 264/402/254
f 263/384/253 267/423/257 265/424/255 266/425/256
f 268/395/258 271/422/261 272/421/262 274/420/264
f 269/385/259 273/426/263 272/427/262 271/428/261
f 270/390/260 274/410/264 272/409/262 273/408/263
f 275/392/265 278/429/268 279/430/269 281/431/271
f 276/384/266 280/425/270 279/424/269 278/423/268
f 277/388/267 281/416/271 279/415/269 280/414/270
f 282/392/272 285/431/275 286/430/276 288/429/278
f 283/389/273 287/419/277 286/418/276 285/417/275
f 284/385/274 288/428/278 286/427/276 287/426/277
f 247/393/237 233/394/223 239/398/229 250/411/240
f 250/416/240 239/402/229 235/391/225 248/388/238
f 234/387/224 240/386/230 246/407/236 238/399/228
f 238/404/228 246/408/236 242/390/232 235/391/225
f 241/394/231 254/393/244 260/411/250 245/398/235
f 245/410/235 260/417/250 256/389/246 242/390/232
f 255/386/245 249/387/239 252/399/242 259/407/249
f 259/419/249 252/414/242 248/388/238 256/389/246
f 275/392/265 247/393/237 253/413/243 278/429/268
f 278/423/268 253/401/243 249/387/239 276/384/266
f 254/393/244 282/392/272 288/429/278 257/413/247
f 257/405/247 288/428/278 284/385/274 255/386/245
f 283/389/273 277/388/267 280/414/270 287/419/277
f 287/426/277 280/425/270 276/384/266 284/385/274
f 261/395/251 275/392/265 281/431/271 264/420/254
f 264/402/254 281/416/271 277/388/267 262/391/252
f 282/392/272 268/395/258 274/420/264 285/431/275
f 285/417/275 274/410/264 270/390/260 283/389/273
f 269/385/259 263/384/253 266/425/256 273/426/263
f 273/408/263 266/404/256 262/391/252 270/390/260
f 233/394/223 261/395/251 267/422/257 236/396/226
f 236/401/226 267/423/257 263/384/253 234/387/224
f 268/395/258 241/394/231 243/396/233 271/422/261
f 271/428/261 243/405/233 240/386/230 269/385/259
f 247/393/237 275/392/265 261/395/251 233/394/223
o Cube.007
v -4.805490 5.044033 -4.181565
v -4.805490 5.050154 -4.175445
v -4.811611 5.050154 -4.181565
v -4.805490 5.045826 -4.177237
v -4.809024 5.046620 -4.178031
v -4.809818 5.050154 -4.177237
v -4.809818 5.045826 -4.181565
v -4.805490 5.500553 -4.175445
v -4.805490 5.506674 -4.181565
v -4.811611 5.500553 -4.181565
v -4.805490 5.504881 -4.177237
v -4.809024 5.504087 -4.178031
v -4.809818 5.504881 -4.181565
v -4.809818 5.500553 -4.177237
v -4.805490 5.044033 -4.459533
v -4.811611 5.050154 -4.459533
v -4.805490 5.050154 -4.465653
v -4.809818 5.045826 -4.459533
v -4.809024 5.046620 -4.463067
v -4.809818 5.050154 -4.463861
v -4.805490 5.045826 -4.463861
v -4.805490 5.506674 -4.459533
v -4.805490 5.500553 -4.465653
v -4.811611 5.500553 -4.459533
v -4.805490 5.504881 -4.463861
v -4.809024 5.504087 -4.463067
v -4.809818 5.500553 -4.463861
v -4.809818 5.504881 -4.459533
v -4.527524 5.044033 -4.181565
v -4.521402 5.050154 -4.181565
v -4.527524 5.050154 -4.175445
v -4.523195 5.045826 -4.181565
v -4.523989 5.046620 -4.178031
v -4.523195 5.050154 -4.177237
v -4.527524 5.045826 -4.177237
v -4.527524 5.506674 -4.181565
v -4.527524 5.500553 -4.175445
v -4.521402 5.500553 -4.181565
v -4.527524 5.504881 -4.177237
v -4.523989 5.504087 -4.178031
v -4.523195 5.500553 -4.177237
v -4.523195 5.504881 -4.181565
v -4.527524 5.044033 -4.459533
v -4.527524 5.050154 -4.465653
v -4.521402 5.050154 -4.459533
v -4.527524 5.045826 -4.463861
v -4.523989 5.046620 -4.463067
v -4.523195 5.050154 -4.463861
v -4.523195 5.045826 -4.459533
v -4.527524 5.506674 -4.459533
v -4.521402 5.500553 -4.459533
v -4.527524 5.500553 -4.465653
v -4.523195 5.504881 -4.459533
v -4.523989 5.504087 -4.463067
v -4.523195 5.500553 -4.463861
v -4.527524 5.504881 -4.463861
vn -0.1794 -0.9673 0.1794
vn -0.1794 -0.1794 0.9673
vn -0.9673 -0.1794 0.1794
vn -0.1726 -0.6965 0.6965
vn -0.5773 -0.5773 0.5774
vn -0.6965 -0.1726 0.6965
vn -0.6965 -0.6965 0.1726
vn -0.1794 0.1794 0.9673
vn -0.1794 0.9673 0.1794
vn -0.9673 0.1794 0.1794
vn -0.1726 0.6965 0.6965
vn -0.5773 0.5773 0.5774
vn -0.6965 0.6965 0.1726
vn -0.6965 0.1726 0.6965
vn -0.1794 -0.9673 -0.1794
vn -0.9673 -0.1794 -0.1794
vn -0.1794 -0.1794 -0.9673
vn -0.6965 -0.6965 -0.1726
vn -0.5773 -0.5773 -0.5774
vn -0.6965 -0.1726 -0.6965
vn -0.1726 -0.6965 -0.6965
vn -0.1794 0.9673 -0.1794
vn -0.1794 0.1794 -0.9673
vn -0.9673 0.1794 -0.1794
vn -0.1726 0.6965 -0.6965
vn -0.5773 0.5773 -0.5774
vn -0.6965 0.1726 -0.6965
vn -0.6965 0.6965 -0.1726
vn 0.1794 -0.9673 0.1794
vn 0.9673 -0.1794 0.1794
vn 0.1794 -0.1794 0.9673
vn 0.6965 -0.6965 0.1726
vn 0.5773 -0.5773 0.5774
vn 0.6965 -0.1726 0.6965
vn 0.1726 -0.6965 0.6965
vn 0.1794 0.9673 0.1794
vn 0.1794 0.1794 0.9673
vn 0.9673 0.1794 0.1794
vn 0.1726 0.6965 0.6965
vn 0.5773 0.5773 0.5774
vn 0.6965 0.1726 0.6965
vn 0.6965 0.6965 0.1726
vn 0.1794 -0.9673 -0.1794
vn 0.1794 -0.1794 -0.9673
vn 0.9673 -0.1794 -0.1794
vn 0.1726 -0.6965 -0.6965
vn 0.5773 -0.5773 -0.5774
vn 0.6965 -0.1726 -0.6965
vn 0.6965 -0.6965 -0.1726
vn 0.1794 0.9673 -0.1794
vn 0.9673 0.1794 -0.1794
vn 0.1794 0.1794 -0.9673
vn 0.6965 0.6965 -0.1726
vn 0.5773 0.5773 -0.5774
vn 0.6965 0.1726 -0.6965
vn 0.1726 0.6965 -0.6965
vt 0.638983 0.274801
vt 0.638983 0.725199
vt 0.361017 0.725199
vt 0.361017 0.274801
vt 0.638984 0.274801
vt 0.638984 0.725199
vt 0.361016 0.725199
vt 0.361016 0.274801
vt 0.638983 0.638984
vt 0.361017 0.638984
vt 0.361017 0.361016
vt 0.638983 0.361016
vt 0.361017 0.356688
vt 0.357483 0.357482
vt 0.356688 0.361016
vt 0.356688 0.274801
vt 0.357483 0.271267
vt 0.361017 0.270472
vt 0.361016 0.270472
vt 0.357482 0.271267
vt 0.356688 0.274801
vt 0.361017 0.729528
vt 0.357483 0.728733
vt 0.356688 0.725199
vt 0.356688 0.725199
vt 0.357482 0.728733
vt 0.361016 0.729528
vt 0.356688 0.638984
vt 0.357483 0.642518
vt 0.361017 0.643312
vt 0.643312 0.274801
vt 0.642518 0.271267
vt 0.638984 0.270472
vt 0.638984 0.729528
vt 0.642518 0.728733
vt 0.643312 0.725199
vt 0.643312 0.361016
vt 0.642517 0.357482
vt 0.638983 0.356688
vt 0.638983 0.270472
vt 0.642517 0.271267
vt 0.643312 0.274801
vt 0.643312 0.725199
vt 0.642517 0.728733
vt 0.638983 0.729528
vt 0.638983 0.643312
vt 0.642517 0.642518
vt 0.643312 0.638984
s 1
f 319/432/309 325/433/315 296/434/286 290/435/280
f 333/436/323 339/437/329 326/438/316 318/439/308
f 338/440/328 310/441/300 297/442/287 324/443/314
f 291/439/281 298/438/288 312/437/302 304/436/294
f 305/435/295 311/434/301 340/433/330 332/432/322
f 289/442/279 292/444/282 293/445/283 295/446/285
f 290/435/280 294/447/284 293/448/283 292/449/282
f 291/439/281 295/450/285 293/451/283 294/452/284
f 296/434/286 299/453/289 300/454/290 302/455/292
f 297/442/287 301/446/291 300/445/290 299/444/289
f 298/438/288 302/456/292 300/457/290 301/458/291
f 303/441/293 306/459/296 307/460/297 309/461/299
f 304/436/294 308/462/298 307/463/297 306/464/296
f 305/435/295 309/449/299 307/448/297 308/447/298
f 310/441/300 313/461/303 314/460/304 316/459/306
f 311/434/301 315/455/305 314/454/304 313/453/303
f 312/437/302 316/465/306 314/466/304 315/467/305
f 317/443/307 320/468/310 321/469/311 323/470/313
f 318/439/308 322/452/312 321/451/311 320/450/310
f 319/432/309 323/471/313 321/472/311 322/473/312
f 324/443/314 327/470/317 328/469/318 330/468/320
f 325/433/315 329/474/319 328/475/318 327/476/317
f 326/438/316 330/458/320 328/457/318 329/456/319
f 331/440/321 334/477/324 335/478/325 337/479/327
f 332/432/322 336/473/326 335/472/325 334/471/324
f 333/436/323 337/464/327 335/463/325 336/462/326
f 338/440/328 341/479/331 342/478/332 344/477/334
f 339/437/329 343/467/333 342/466/332 341/465/331
f 340/433/330 344/476/334 342/475/332 343/474/333
f 303/441/293 289/442/279 295/446/285 306/459/296
f 306/464/296 295/450/285 291/439/281 304/436/294
f 290/435/280 296/434/286 302/455/292 294/447/284
f 294/452/284 302/456/292 298/438/288 291/439/281
f 297/442/287 310/441/300 316/459/306 301/446/291
f 301/458/291 316/465/306 312/437/302 298/438/288
f 311/434/301 305/435/295 308/447/298 315/455/305
f 315/467/305 308/462/298 304/436/294 312/437/302
f 331/440/321 303/441/293 309/461/299 334/477/324
f 334/471/324 309/449/299 305/435/295 332/432/322
f 310/441/300 338/440/328 344/477/334 313/461/303
f 313/453/303 344/476/334 340/433/330 311/434/301
f 339/437/329 333/436/323 336/462/326 343/467/333
f 343/474/333 336/473/326 332/432/322 340/433/330
f 317/443/307 331/440/321 337/479/327 320/468/310
f 320/450/310 337/464/327 333/436/323 318/439/308
f 338/440/328 324/443/314 330/468/320 341/479/331
f 341/465/331 330/458/320 326/438/316 339/437/329
f 325/433/315 319/432/309 322/473/312 329/474/319
f 329/456/319 322/452/312 318/439/308 326/438/316
f 289/442/279 317/443/307 323/470/313 292/444/282
f 292/449/282 323/471/313 319/432/309 290/435/280
f 324/443/314 297/442/287 299/444/289 327/470/317
f 327/476/317 299/453/289 296/434/286 325/433/315
f 303/441/293 331/440/321 317/443/307 289/442/279
o Plane.024
v -4.688357 5.200965 0.000000
v -4.580767 5.200965 0.000000
v -4.581912 5.200965 -0.196858
v -4.688357 5.200965 -0.196858
v -4.688357 7.696169 0.000000
v -4.580767 7.696169 0.012284
v -4.581912 7.696169 -0.209142
v -4.688357 7.696169 -0.196858
v -4.795948 5.200965 0.000000
v -4.794803 5.200965 -0.196858
v -4.795948 7.696169 0.012284
v -4.794803 7.696169 -0.209142
v -4.681677 5.201204 -0.013339
v -4.580197 5.201144 -0.009984
v -4.581336 5.201144 -0.186875
v -4.681677 5.201204 -0.183520
v -4.681677 7.696407 -0.013339
v -4.580197 7.696348 0.002300
v -4.581336 7.696348 -0.199159
v -4.681677 7.696407 -0.183520
v -4.796517 5.201144 -0.009984
v -4.795379 5.201144 -0.186875
v -4.796517 7.696348 0.002300
v -4.795379 7.696348 -0.199159
vn -1.0000 -0.0000 -0.0000
vn -0.0576 -0.0025 -0.9983
vn -0.0570 -0.0025 0.9984
vn 0.0576 -0.0025 -0.9983
vn 0.0570 -0.0025 0.9984
vn 1.0000 -0.0000 -0.0000
vn 0.0942 0.0025 0.9955
vn 0.0932 0.0025 -0.9956
vn -0.0832 0.0025 0.9965
vn -0.0824 0.0025 -0.9966
vn -0.0000 -0.9998 -0.0179
vn -0.0000 -0.9998 0.0179
vn 0.0356 -0.9994 -0.0000
vn -0.0020 0.9998 0.0172
vn -0.0020 0.9998 -0.0172
vn -0.0356 0.9994 -0.0000
vn 0.9983 -0.0003 -0.0576
vn 0.9984 -0.0003 0.0570
vn 0.0020 0.9998 0.0184
vn 0.0021 0.9998 -0.0184
vn -0.9983 -0.0003 -0.0576
vn -0.9984 -0.0003 0.0570
vt 0.605492 -0.837237
vt 0.394508 -0.837237
vt 0.394508 1.837014
vt 0.605492 1.837014
vt 0.612294 -0.837237
vt 0.498210 -0.837237
vt 0.498210 1.837014
vt 0.612294 1.837014
vt 0.613520 -0.837237
vt 0.613520 1.837014
vt 0.384126 -0.837237
vt 0.384126 1.837014
vt 0.382900 1.837014
vt 0.382900 -0.837237
vt 0.591196 -0.836982
vt 0.591196 1.837269
vt 0.408803 1.837269
vt 0.408803 -0.836982
vt 0.612911 -0.837046
vt 0.612911 1.837205
vt 0.505370 1.837269
vt 0.505370 -0.836982
vt 0.505370 -0.836982
vt 0.505370 1.837269
vt 0.614131 1.837205
vt 0.614131 -0.837046
vt 0.383509 -0.837046
vt 0.383509 1.837205
vt 0.382289 -0.837046
vt 0.382289 1.837205
vt 0.613520 0.394508
vt 0.498210 0.394508
vt 0.505370 0.408803
vt 0.614131 0.405208
vt 0.498210 0.605492
vt 0.612294 0.605492
vt 0.612911 0.594793
vt 0.505370 0.591196
vt 0.613520 0.381343
vt 0.614131 0.392042
vt 0.612294 0.618657
vt 0.612911 0.607958
vt 0.618657 1.837014
vt 0.607958 1.837205
vt 0.594793 -0.837046
vt 0.381343 1.837014
vt 0.405208 -0.837046
vt 0.392042 1.837205
vt 0.382900 0.394508
vt 0.382289 0.405208
vt 0.384126 0.605492
vt 0.383509 0.594793
vt 0.382900 0.381343
vt 0.382289 0.392042
vt 0.384126 0.618657
vt 0.383509 0.607958
s 0
f 348/480/335 345/481/335 349/482/335 352/483/335
f 347/484/336 348/485/336 352/486/336 351/487/336
f 345/485/337 346/488/337 350/489/337 349/486/337
f 354/490/338 356/491/338 352/486/338 348/485/338
f 345/485/339 349/486/339 355/492/339 353/493/339
f 360/494/340 364/495/340 361/496/340 357/497/340
f 359/498/341 363/499/341 364/500/341 360/501/341
f 357/502/342 361/503/342 362/504/342 358/505/342
f 366/506/343 360/501/343 364/500/343 368/507/343
f 357/502/344 365/508/344 367/509/344 361/503/344
f 346/510/345 345/511/345 357/512/345 358/513/345
f 348/514/346 347/515/346 359/516/346 360/517/346
f 345/511/347 348/514/347 360/517/347 357/512/347
f 349/511/348 350/518/348 362/519/348 361/512/348
f 351/520/349 352/514/349 364/517/349 363/521/349
f 352/514/350 349/511/350 361/512/350 364/517/350
f 347/480/351 351/522/351 363/523/351 359/524/351
f 350/525/352 346/481/352 358/526/352 362/527/352
f 345/511/345 353/528/345 365/529/345 357/512/345
f 354/530/346 348/514/346 360/517/346 366/531/346
f 355/532/353 349/511/353 361/512/353 367/533/353
f 352/514/354 356/534/354 368/535/354 364/517/354
f 356/522/355 354/480/355 366/524/355 368/523/355
f 353/481/356 355/525/356 367/527/356 365/526/356
o Plane.025
v -4.688357 5.200965 -4.225684
v -4.580767 5.200965 -4.225684
v -4.581912 5.200965 -4.422542
v -4.688357 5.200965 -4.422542
v -4.688357 7.696169 -4.225684
v -4.580767 7.696169 -4.213400
v -4.581912 7.696169 -4.434826
v -4.688357 7.696169 -4.422542
v -4.795948 5.200965 -4.225684
v -4.794803 5.200965 -4.422542
v -4.795948 7.696169 -4.213400
v -4.794803 7.696169 -4.434826
v -4.681677 5.201204 -4.239022
v -4.580197 5.201144 -4.235667
v -4.581336 5.201144 -4.412559
v -4.681677 5.201204 -4.409204
v -4.681677 7.696407 -4.239022
v -4.580197 7.696348 -4.223383
v -4.581336 7.696348 -4.424843
v -4.681677 7.696407 -4.409204
v -4.796517 5.201144 -4.235667
v -4.795379 5.201144 -4.412559
v -4.796517 7.696348 -4.223383
v -4.795379 7.696348 -4.424843
vn -1.0000 -0.0000 -0.0000
vn -0.0576 -0.0025 -0.9983
vn -0.0570 -0.0025 0.9984
vn 0.0576 -0.0025 -0.9983
vn 0.0570 -0.0025 0.9984
vn 1.0000 -0.0000 -0.0000
vn 0.0942 0.0025 0.9955
vn 0.0932 0.0025 -0.9956
vn -0.0832 0.0025 0.9965
vn -0.0824 0.0025 -0.9966
vn -0.0000 -0.9998 -0.0179
vn -0.0000 -0.9998 0.0179
vn 0.0356 -0.9994 -0.0000
vn -0.0020 0.9998 0.0172
vn -0.0020 0.9998 -0.0172
vn -0.0356 0.9994 -0.0000
vn 0.9983 -0.0003 -0.0576
vn 0.9984 -0.0003 0.0570
vn 0.0020 0.9998 0.0184
vn 0.0021 0.9998 -0.0184
vn -0.9983 -0.0003 -0.0576
vn -0.9984 -0.0003 0.0570
vt 0.605492 -0.837237
vt 0.394508 -0.837237
vt 0.394508 1.837014
vt 0.605492 1.837014
vt 0.612294 -0.837237
vt 0.498210 -0.837237
vt 0.498210 1.837014
vt 0.612294 1.837014
vt 0.613520 -0.837237
vt 0.613520 1.837014
vt 0.384126 -0.837237
vt 0.384126 1.837014
vt 0.382900 1.837014
vt 0.382900 -0.837237
vt 0.591196 -0.836982
vt 0.591196 1.837269
vt 0.408803 1.837269
vt 0.408803 -0.836982
vt 0.612911 -0.837046
vt 0.612911 1.837205
vt 0.505370 1.837269
vt 0.505370 -0.836982
vt 0.505370 -0.836982
vt 0.505370 1.837269
vt 0.614131 1.837205
vt 0.614131 -0.837046
vt 0.383509 -0.837046
vt 0.383509 1.837205
vt 0.382289 -0.837046
vt 0.382289 1.837205
vt 0.613520 0.394508
vt 0.498210 0.394508
vt 0.505370 0.408803
vt 0.614131 0.405208
vt 0.498210 0.605492
vt 0.612294 0.605492
vt 0.612911 0.594793
vt 0.505370 0.591196
vt 0.613520 0.381343
vt 0.614131 0.392042
vt 0.612294 0.618657
vt 0.612911 0.607958
vt 0.618657 1.837014
vt 0.607958 1.837205
vt 0.594793 -0.837046
vt 0.381343 1.837014
vt 0.405208 -0.837046
vt 0.392042 1.837205
vt 0.382900 0.394508
vt 0.382289 0.405208
vt 0.384126 0.605492
vt 0.383509 0.594793
vt 0.382900 0.381343
vt 0.382289 0.392042
vt 0.384126 0.618657
vt 0.383509 0.607958
s 0
f 372/536/357 369/537/357 373/538/357 376/539/357
f 371/540/358 372/541/358 376/542/358 375/543/358
f 369/541/359 370/544/359 374/545/359 373/542/359
f 378/546/360 380/547/360 376/542/360 372/541/360
f 369/541/361 373/542/361 379/548/361 377/549/361
f 384/550/362 388/551/362 385/552/362 381/553/362
f 383/554/363 387/555/363 388/556/363 384/557/363
f 381/558/364 385/559/364 386/560/364 382/561/364
f 390/562/365 384/557/365 388/556/365 392/563/365
f 381/558/366 389/564/366 391/565/366 385/559/366
f 370/566/367 369/567/367 381/568/367 382/569/367
f 372/570/368 371/571/368 383/572/368 384/573/368
f 369/567/369 372/570/369 384/573/369 381/568/369
f 373/567/370 374/574/370 386/575/370 385/568/370
f 375/576/371 376/570/371 388/573/371 387/577/371
f 376/570/372 373/567/372 385/568/372 388/573/372
f 371/536/373 375/578/373 387/579/373 383/580/373
f 374/581/374 370/537/374 382/582/374 386/583/374
f 369/567/367 377/584/367 389/585/367 381/568/367
f 378/586/368 372/570/368 384/573/368 390/587/368
f 379/588/375 373/567/375 385/568/375 391/589/375
f 376/570/376 380/590/376 392/591/376 388/573/376
f 380/578/377 378/536/377 390/580/377 392/579/377
f 377/537/378 379/581/378 391/583/378 389/582/378
o Cube.009
v -4.805490 7.629372 0.059542
v -4.805490 7.635493 0.065663
v -4.811611 7.635493 0.059542
v -4.805490 7.631165 0.063870
v -4.809024 7.631959 0.063076
v -4.809818 7.635493 0.063870
v -4.809818 7.631165 0.059542
v -4.805490 8.085892 0.065663
v -4.805490 8.092012 0.059542
v -4.811611 8.085892 0.059542
v -4.805490 8.090219 0.063870
v -4.809024 8.089425 0.063076
v -4.809818 8.090219 0.059542
v -4.809818 8.085892 0.063870
v -4.805490 7.629372 -0.218425
v -4.811611 7.635493 -0.218425
v -4.805490 7.635493 -0.224546
v -4.809818 7.631165 -0.218425
v -4.809024 7.631959 -0.221959
v -4.809818 7.635493 -0.222753
v -4.805490 7.631165 -0.222753
v -4.805490 8.092012 -0.218425
v -4.805490 8.085892 -0.224546
v -4.811611 8.085892 -0.218425
v -4.805490 8.090219 -0.222753
v -4.809024 8.089425 -0.221959
v -4.809818 8.085892 -0.222753
v -4.809818 8.090219 -0.218425
v -4.527524 7.629372 0.059542
v -4.521402 7.635493 0.059542
v -4.527524 7.635493 0.065663
v -4.523195 7.631165 0.059542
v -4.523989 7.631959 0.063076
v -4.523195 7.635493 0.063870
v -4.527524 7.631165 0.063870
v -4.527524 8.092012 0.059542
v -4.527524 8.085892 0.065663
v -4.521402 8.085892 0.059542
v -4.527524 8.090219 0.063870
v -4.523989 8.089425 0.063076
v -4.523195 8.085892 0.063870
v -4.523195 8.090219 0.059542
v -4.527524 7.629372 -0.218425
v -4.527524 7.635493 -0.224546
v -4.521402 7.635493 -0.218425
v -4.527524 7.631165 -0.222753
v -4.523989 7.631959 -0.221959
v -4.523195 7.635493 -0.222753
v -4.523195 7.631165 -0.218425
v -4.527524 8.092012 -0.218425
v -4.521402 8.085892 -0.218425
v -4.527524 8.085892 -0.224546
v -4.523195 8.090219 -0.218425
v -4.523989 8.089425 -0.221959
v -4.523195 8.085892 -0.222753
v -4.527524 8.090219 -0.222753
vn -0.1794 -0.9673 0.1794
vn -0.1794 -0.1794 0.9673
vn -0.9673 -0.1794 0.1794
vn -0.1726 -0.6965 0.6965
vn -0.5773 -0.5773 0.5774
vn -0.6965 -0.1726 0.6965
vn -0.6965 -0.6965 0.1726
vn -0.1794 0.1794 0.9673
vn -0.1794 0.9673 0.1794
vn -0.9673 0.1794 0.1794
vn -0.1726 0.6965 0.6965
vn -0.5773 0.5773 0.5774
vn -0.6965 0.6965 0.1726
vn -0.6965 0.1726 0.6965
vn -0.1794 -0.9673 -0.1794
vn -0.9673 -0.1794 -0.1794
vn -0.1794 -0.1794 -0.9673
vn -0.6965 -0.6965 -0.1726
vn -0.5773 -0.5773 -0.5774
vn -0.6965 -0.1726 -0.6965
vn -0.1726 -0.6965 -0.6965
vn -0.1794 0.9673 -0.1794
vn -0.1794 0.1794 -0.9673
vn -0.9673 0.1794 -0.1794
vn -0.1726 0.6965 -0.6965
vn -0.5773 0.5773 -0.5774
vn -0.6965 0.1726 -0.6965
vn -0.6965 0.6965 -0.1726
vn 0.1794 -0.9673 0.1794
vn 0.9673 -0.1794 0.1794
vn 0.1794 -0.1794 0.9673
vn 0.6965 -0.6965 0.1726
vn 0.5773 -0.5773 0.5774
vn 0.6965 -0.1726 0.6965
vn 0.1726 -0.6965 0.6965
vn 0.1794 0.9673 0.1794
vn 0.1794 0.1794 0.9673
vn 0.9673 0.1794 0.1794
vn 0.1726 0.6965 0.6965
vn 0.5773 0.5773 0.5774
vn 0.6965 0.1726 0.6965
vn 0.6965 0.6965 0.1726
vn 0.1794 -0.9673 -0.1794
vn 0.1794 -0.1794 -0.9673
vn 0.9673 -0.1794 -0.1794
vn 0.1726 -0.6965 -0.6965
vn 0.5773 -0.5773 -0.5774
vn 0.6965 -0.1726 -0.6965
vn 0.6965 -0.6965 -0.1726
vn 0.1794 0.9673 -0.1794
vn 0.9673 0.1794 -0.1794
vn 0.1794 0.1794 -0.9673
vn 0.6965 0.6965 -0.1726
vn 0.5773 0.5773 -0.5774
vn 0.6965 0.1726 -0.6965
vn 0.1726 0.6965 -0.6965
vt 0.638983 0.274801
vt 0.638983 0.725199
vt 0.361017 0.725199
vt 0.361017 0.274801
vt 0.638984 0.274801
vt 0.638984 0.725199
vt 0.361016 0.725199
vt 0.361016 0.274801
vt 0.638983 0.638984
vt 0.361017 0.638984
vt 0.361017 0.361016
vt 0.638983 0.361016
vt 0.361017 0.356688
vt 0.357483 0.357482
vt 0.356688 0.361016
vt 0.356688 0.274801
vt 0.357483 0.271267
vt 0.361017 0.270472
vt 0.361016 0.270472
vt 0.357482 0.271267
vt 0.356688 0.274801
vt 0.361017 0.729528
vt 0.357483 0.728733
vt 0.356688 0.725199
vt 0.356688 0.725199
vt 0.357482 0.728733
vt 0.361016 0.729528
vt 0.356688 0.638984
vt 0.357483 0.642518
vt 0.361017 0.643312
vt 0.643312 0.274801
vt 0.642518 0.271267
vt 0.638984 0.270472
vt 0.638984 0.729528
vt 0.642518 0.728733
vt 0.643312 0.725199
vt 0.643312 0.361016
vt 0.642517 0.357482
vt 0.638983 0.356688
vt 0.638983 0.270472
vt 0.642517 0.271267
vt 0.643312 0.274801
vt 0.643312 0.725199
vt 0.642517 0.728733
vt 0.638983 0.729528
vt 0.638983 0.643312
vt 0.642517 0.642518
vt 0.643312 0.638984
s 1
f 423/592/409 429/593/415 400/594/386 394/595/380
f 437/596/423 443/597/429 430/598/416 422/599/408
f 442/600/428 414/601/400 401/602/387 428/603/414
f 395/599/381 402/598/388 416/597/402 408/596/394
f 409/595/395 415/594/401 444/593/430 436/592/422
f 393/602/379 396/604/382 397/605/383 399/606/385
f 394/595/380 398/607/384 397/608/383 396/609/382
f 395/599/381 399/610/385 397/611/383 398/612/384
f 400/594/386 403/613/389 404/614/390 406/615/392
f 401/602/387 405/606/391 404/605/390 403/604/389
f 402/598/388 406/616/392 404/617/390 405/618/391
f 407/601/393 410/619/396 411/620/397 413/621/399
f 408/596/394 412/622/398 411/623/397 410/624/396
f 409/595/395 413/609/399 411/608/397 412/607/398
f 414/601/400 417/621/403 418/620/404 420/619/406
f 415/594/401 419/615/405 418/614/404 417/613/403
f 416/597/402 420/625/406 418/626/404 419/627/405
f 421/603/407 424/628/410 425/629/411 427/630/413
f 422/599/408 426/612/412 425/611/411 424/610/410
f 423/592/409 427/631/413 425/632/411 426/633/412
f 428/603/414 431/630/417 432/629/418 434/628/420
f 429/593/415 433/634/419 432/635/418 431/636/417
f 430/598/416 434/618/420 432/617/418 433/616/419
f 435/600/421 438/637/424 439/638/425 441/639/427
f 436/592/422 440/633/426 439/632/425 438/631/424
f 437/596/423 441/624/427 439/623/425 440/622/426
f 442/600/428 445/639/431 446/638/432 448/637/434
f 443/597/429 447/627/433 446/626/432 445/625/431
f 444/593/430 448/636/434 446/635/432 447/634/433
f 407/601/393 393/602/379 399/606/385 410/619/396
f 410/624/396 399/610/385 395/599/381 408/596/394
f 394/595/380 400/594/386 406/615/392 398/607/384
f 398/612/384 406/616/392 402/598/388 395/599/381
f 401/602/387 414/601/400 420/619/406 405/606/391
f 405/618/391 420/625/406 416/597/402 402/598/388
f 415/594/401 409/595/395 412/607/398 419/615/405
f 419/627/405 412/622/398 408/596/394 416/597/402
f 435/600/421 407/601/393 413/621/399 438/637/424
f 438/631/424 413/609/399 409/595/395 436/592/422
f 414/601/400 442/600/428 448/637/434 417/621/403
f 417/613/403 448/636/434 444/593/430 415/594/401
f 443/597/429 437/596/423 440/622/426 447/627/433
f 447/634/433 440/633/426 436/592/422 444/593/430
f 421/603/407 435/600/421 441/639/427 424/628/410
f 424/610/410 441/624/427 437/596/423 422/599/408
f 442/600/428 428/603/414 434/628/420 445/639/431
f 445/625/431 434/618/420 430/598/416 443/597/429
f 429/593/415 423/592/409 426/633/412 433/634/419
f 433/616/419 426/612/412 422/599/408 430/598/416
f 393/602/379 421/603/407 427/630/413 396/604/382
f 396/609/382 427/631/413 423/592/409 394/595/380
f 428/603/414 401/602/387 403/604/389 431/630/417
f 431/636/417 403/613/389 400/594/386 429/593/415
f 407/601/393 435/600/421 421/603/407 393/602/379
o Cube.010
v -4.805490 7.629372 -4.181565
v -4.805490 7.635493 -4.175445
v -4.811611 7.635493 -4.181565
v -4.805490 7.631165 -4.177237
v -4.809024 7.631959 -4.178031
v -4.809818 7.635493 -4.177237
v -4.809818 7.631165 -4.181565
v -4.805490 8.085892 -4.175445
v -4.805490 8.092012 -4.181565
v -4.811611 8.085892 -4.181565
v -4.805490 8.090219 -4.177237
v -4.809024 8.089425 -4.178031
v -4.809818 8.090219 -4.181565
v -4.809818 8.085892 -4.177237
v -4.805490 7.629372 -4.459533
v -4.811611 7.635493 -4.459533
v -4.805490 7.635493 -4.465653
v -4.809818 7.631165 -4.459533
v -4.809024 7.631959 -4.463067
v -4.809818 7.635493 -4.463861
v -4.805490 7.631165 -4.463861
v -4.805490 8.092012 -4.459533
v -4.805490 8.085892 -4.465653
v -4.811611 8.085892 -4.459533
v -4.805490 8.090219 -4.463861
v -4.809024 8.089425 -4.463067
v -4.809818 8.085892 -4.463861
v -4.809818 8.090219 -4.459533
v -4.527524 7.629372 -4.181565
v -4.521402 7.635493 -4.181565
v -4.527524 7.635493 -4.175445
v -4.523195 7.631165 -4.181565
v -4.523989 7.631959 -4.178031
v -4.523195 7.635493 -4.177237
v -4.527524 7.631165 -4.177237
v -4.527524 8.092012 -4.181565
v -4.527524 8.085892 -4.175445
v -4.521402 8.085892 -4.181565
v -4.527524 8.090219 -4.177237
v -4.523989 8.089425 -4.178031
v -4.523195 8.085892 -4.177237
v -4.523195 8.090219 -4.181565
v -4.527524 7.629372 -4.459533
v -4.527524 7.635493 -4.465653
v -4.521402 7.635493 -4.459533
v -4.527524 7.631165 -4.463861
v -4.523989 7.631959 -4.463067
v -4.523195 7.635493 -4.463861
v -4.523195 7.631165 -4.459533
v -4.527524 8.092012 -4.459533
v -4.521402 8.085892 -4.459533
v -4.527524 8.085892 -4.465653
v -4.523195 8.090219 -4.459533
v -4.523989 8.089425 -4.463067
v -4.523195 8.085892 -4.463861
v -4.527524 8.090219 -4.463861
vn -0.1794 -0.9673 0.1794
vn -0.1794 -0.1794 0.9673
vn -0.9673 -0.1794 0.1794
vn -0.1726 -0.6965 0.6965
vn -0.5773 -0.5773 0.5774
vn -0.6965 -0.1726 0.6965
vn -0.6965 -0.6965 0.1726
vn -0.1794 0.1794 0.9673
vn -0.1794 0.9673 0.1794
vn -0.9673 0.1794 0.1794
vn -0.1726 0.6965 0.6965
vn -0.5773 0.5773 0.5774
vn -0.6965 0.6965 0.1726
vn -0.6965 0.1726 0.6965
vn -0.1794 -0.9673 -0.1794
vn -0.9673 -0.1794 -0.1794
vn -0.1794 -0.1794 -0.9673
vn -0.6965 -0.6965 -0.1726
vn -0.5773 -0.5773 -0.5774
vn -0.6965 -0.1726 -0.6965
vn -0.1726 -0.6965 -0.6965
vn -0.1794 0.9673 -0.1794
vn -0.1794 0.1794 -0.9673
vn -0.9673 0.1794 -0.1794
vn -0.1726 0.6965 -0.6965
vn -0.5773 0.5773 -0.5774
vn -0.6965 0.1726 -0.6965
vn -0.6965 0.6965 -0.1726
vn 0.1794 -0.9673 0.1794
vn 0.9673 -0.1794 0.1794
vn 0.1794 -0.1794 0.9673
vn 0.6965 -0.6965 0.1726
vn 0.5773 -0.5773 0.5774
vn 0.6965 -0.1726 0.6965
vn 0.1726 -0.6965 0.6965
vn 0.1794 0.9673 0.1794
vn 0.1794 0.1794 0.9673
vn 0.9673 0.1794 0.1794
vn 0.1726 0.6965 0.6965
vn 0.5773 0.5773 0.5774
vn 0.6965 0.1726 0.6965
vn 0.6965 0.6965 0.1726
vn 0.1794 -0.9673 -0.1794
vn 0.1794 -0.1794 -0.9673
vn 0.9673 -0.1794 -0.1794
vn 0.1726 -0.6965 -0.6965
vn 0.5773 -0.5773 -0.5774
vn 0.6965 -0.1726 -0.6965
vn 0.6965 -0.6965 -0.1726
vn 0.1794 0.9673 -0.1794
vn 0.9673 0.1794 -0.1794
vn 0.1794 0.1794 -0.9673
vn 0.6965 0.6965 -0.1726
vn 0.5773 0.5773 -0.5774
vn 0.6965 0.1726 -0.6965
vn 0.1726 0.6965 -0.6965
vt 0.638983 0.274801
vt 0.638983 0.725199
vt 0.361017 0.725199
vt 0.361017 0.274801
vt 0.638984 0.274801
vt 0.638984 0.725199
vt 0.361016 0.725199
vt 0.361016 0.274801
vt 0.638983 0.638984
vt 0.361017 0.638984
vt 0.361017 0.361016
vt 0.638983 0.361016
vt 0.361017 0.356688
vt 0.357483 0.357482
vt 0.356688 0.361016
vt 0.356688 0.274801
vt 0.357483 0.271267
vt 0.361017 0.270472
vt 0.361016 0.270472
vt 0.357482 0.271267
vt 0.356688 0.274801
vt 0.361017 0.729528
vt 0.357483 0.728733
vt 0.356688 0.725199
vt 0.356688 0.725199
vt 0.357482 0.728733
vt 0.361016 0.729528
vt 0.356688 0.638984
vt 0.357483 0.642518
vt 0.361017 0.643312
vt 0.643312 0.274801
vt 0.642518 0.271267
vt 0.638984 0.270472
vt 0.638984 0.729528
vt 0.642518 0.728733
vt 0.643312 0.725199
vt 0.643312 0.361016
vt 0.642517 0.357482
vt 0.638983 0.356688
vt 0.638983 0.270472
vt 0.642517 0.271267
vt 0.643312 0.274801
vt 0.643312 0.725199
vt 0.642517 0.728733
vt 0.638983 0.729528
vt 0.638983 0.643312
vt 0.642517 0.642518
vt 0.643312 0.638984
s 1
f 479/640/465 485/641/471 456/642/442 450/643/436
f 493/644/479 499/645/485 486/646/472 478/647/464
f 498/648/484 470/649/456 457/650/443 484/651/470
f 451/647/437 458/646/444 472/645/458 464/644/450
f 465/643/451 471/642/457 500/641/486 492/640/478
f 449/650/435 452/652/438 453/653/439 455/654/441
f 450/643/436 454/655/440 453/656/439 452/657/438
f 451/647/437 455/658/441 453/659/439 454/660/440
f 456/642/442 459/661/445 460/662/446 462/663/448
f 457/650/443 461/654/447 460/653/446 459/652/445
f 458/646/444 462/664/448 460/665/446 461/666/447
f 463/649/449 466/667/452 467/668/453 469/669/455
f 464/644/450 468/670/454 467/671/453 466/672/452
f 465/643/451 469/657/455 467/656/453 468/655/454
f 470/649/456 473/669/459 474/668/460 476/667/462
f 471/642/457 475/663/461 474/662/460 473/661/459
f 472/645/458 476/673/462 474/674/460 475/675/461
f 477/651/463 480/676/466 481/677/467 483/678/469
f 478/647/464 482/660/468 481/659/467 480/658/466
f 479/640/465 483/679/469 481/680/467 482/681/468
f 484/651/470 487/678/473 488/677/474 490/676/476
f 485/641/471 489/682/475 488/683/474 487/684/473
f 486/646/472 490/666/476 488/665/474 489/664/475
f 491/648/477 494/685/480 495/686/481 497/687/483
f 492/640/478 496/681/482 495/680/481 494/679/480
f 493/644/479 497/672/483 495/671/481 496/670/482
f 498/648/484 501/687/487 502/686/488 504/685/490
f 499/645/485 503/675/489 502/674/488 501/673/487
f 500/641/486 504/684/490 502/683/488 503/682/489
f 463/649/449 449/650/435 455/654/441 466/667/452
f 466/672/452 455/658/441 451/647/437 464/644/450
f 450/643/436 456/642/442 462/663/448 454/655/440
f 454/660/440 462/664/448 458/646/444 451/647/437
f 457/650/443 470/649/456 476/667/462 461/654/447
f 461/666/447 476/673/462 472/645/458 458/646/444
f 471/642/457 465/643/451 468/655/454 475/663/461
f 475/675/461 468/670/454 464/644/450 472/645/458
f 491/648/477 463/649/449 469/669/455 494/685/480
f 494/679/480 469/657/455 465/643/451 492/640/478
f 470/649/456 498/648/484 504/685/490 473/669/459
f 473/661/459 504/684/490 500/641/486 471/642/457
f 499/645/485 493/644/479 496/670/482 503/675/489
f 503/682/489 496/681/482 492/640/478 500/641/486
f 477/651/463 491/648/477 497/687/483 480/676/466
f 480/658/466 497/672/483 493/644/479 478/647/464
f 498/648/484 484/651/470 490/676/476 501/687/487
f 501/673/487 490/666/476 486/646/472 499/645/485
f 485/641/471 479/640/465 482/681/468 489/682/475
f 489/664/475 482/660/468 478/647/464 486/646/472
f 449/650/435 477/651/463 483/678/469 452/652/438
f 452/657/438 483/679/469 479/640/465 450/643/436
f 484/651/470 457/650/443 459/652/445 487/678/473
f 487/684/473 459/661/445 456/642/442 485/641/471
f 463/649/449 491/648/477 477/651/463 449/650/435
o Plane.026
v -4.688357 7.730866 0.000000
v -4.580767 7.730866 0.000000
v -4.581912 7.730866 -0.196858
v -4.688357 7.730866 -0.196858
v -4.688357 10.226070 0.000000
v -4.580767 10.226070 0.012284
v -4.581912 10.226070 -0.209142
v -4.688357 10.226070 -0.196858
v -4.795948 7.730866 0.000000
v -4.794803 7.730866 -0.196858
v -4.795948 10.226070 0.012284
v -4.794803 10.226070 -0.209142
v -4.681677 7.731104 -0.013339
v -4.580197 7.731044 -0.009984
v -4.581336 7.731044 -0.186875
v -4.681677 7.731104 -0.183520
v -4.681677 10.226308 -0.013339
v -4.580197 10.226248 0.002300
v -4.581336 10.226248 -0.199159
v -4.681677 10.226308 -0.183520
v -4.796517 7.731044 -0.009984
v -4.795379 7.731044 -0.186875
v -4.796517 10.226248 0.002300
v -4.795379 10.226248 -0.199159
vn -1.0000 -0.0000 -0.0000
vn -0.0576 -0.0025 -0.9983
vn -0.0570 -0.0025 0.9984
vn 0.0576 -0.0025 -0.9983
vn 0.0570 -0.0025 0.9984
vn 1.0000 -0.0000 -0.0000
vn 0.0942 0.0025 0.9955
vn 0.0932 0.0025 -0.9956
vn -0.0832 0.0025 0.9965
vn -0.0824 0.0025 -0.9966
vn -0.0000 -0.9998 -0.0179
vn -0.0000 -0.9998 0.0179
vn 0.0356 -0.9994 -0.0000
vn -0.0020 0.9998 0.0172
vn -0.0020 0.9998 -0.0172
vn -0.0356 0.9994 -0.0000
vn 0.9983 -0.0003 -0.0576
vn 0.9984 -0.0003 0.0570
vn 0.0020 0.9998 0.0184
vn 0.0021 0.9998 -0.0184
vn -0.9983 -0.0003 -0.0576
vn -0.9984 -0.0003 0.0570
vt 0.605492 -0.837237
vt 0.394508 -0.837237
vt 0.394508 1.837014
vt 0.605492 1.837014
vt 0.612294 -0.837237
vt 0.498210 -0.837237
vt 0.498210 1.837014
vt 0.612294 1.837014
vt 0.613520 -0.837237
vt 0.613520 1.837014
vt 0.384126 -0.837237
vt 0.384126 1.837014
vt 0.382900 1.837014
vt 0.382900 -0.837237
vt 0.591196 -0.836982
vt 0.591196 1.837269
vt 0.408803 1.837269
vt 0.408803 -0.836982
vt 0.612911 -0.837046
vt 0.612911 1.837205
vt 0.505370 1.837269
vt 0.505370 -0.836982
vt 0.505370 -0.836982
vt 0.505370 1.837269
vt 0.614131 1.837205
vt 0.614131 -0.837046
vt 0.383509 -0.837046
vt 0.383509 1.837205
vt 0.382289 -0.837046
vt 0.382289 1.837205
vt 0.613520 0.394508
vt 0.498210 0.394508
vt 0.505370 0.408803
vt 0.614131 0.405208
vt 0.498210 0.605492
vt 0.612294 0.605492
vt 0.612911 0.594793
vt 0.505370 0.591196
vt 0.613520 0.381343
vt 0.614131 0.392042
vt 0.612294 0.618657
vt 0.612911 0.607958
vt 0.618657 1.837014
vt 0.607958 1.837205
vt 0.594793 -0.837046
vt 0.381343 1.837014
vt 0.405208 -0.837046
vt 0.392042 1.837205
vt 0.382900 0.394508
vt 0.382289 0.405208
vt 0.384126 0.605492
vt 0.383509 0.594793
vt 0.382900 0.381343
vt 0.382289 0.392042
vt 0.384126 0.618657
vt 0.383509 0.607958
s 0
f 508/688/491 505/689/491 509/690/491 512/691/491
f 507/692/492 508/693/492 512/694/492 511/695/492
f 505/693/493 506/696/493 510/697/493 509/694/493
f 514/698/494 516/699/494 512/694/494 508/693/494
f 505/693/495 509/694/495 515/700/495 513/701/495
f 520/702/496 524/703/496 521/704/496 517/705/496
f 519/706/497 523/707/497 524/708/497 520/709/497
f 517/710/498 521/711/498 522/712/498 518/713/498
f 526/714/499 520/709/499 524/708/499 528/715/499
f 517/710/500 525/716/500 527/717/500 521/711/500
f 506/718/501 505/719/501 517/720/501 518/721/501
f 508/722/502 507/723/502 519/724/502 520/725/502
f 505/719/503 508/722/503 520/725/503 517/720/503
f 509/719/504 510/726/504 522/727/504 521/720/504
f 511/728/505 512/722/505 524/725/505 523/729/505
f 512/722/506 509/719/506 521/720/506 524/725/506
f 507/688/507 511/730/507 523/731/507 519/732/507
f 510/733/508 506/689/508 518/734/508 522/735/508
f 505/719/501 513/736/501 525/737/501 517/720/501
f 514/738/502 508/722/502 520/725/502 526/739/502
f 515/740/509 509/719/509 521/720/509 527/741/509
f 512/722/510 516/742/510 528/743/510 524/725/510
f 516/730/511 514/688/511 526/732/511 528/731/511
f 513/689/512 515/733/512 527/735/512 525/734/512
o Plane.027
v -4.688357 7.730866 -4.225684
v -4.580767 7.730866 -4.225684
v -4.581912 7.730866 -4.422542
v -4.688357 7.730866 -4.422542
v -4.688357 10.226070 -4.225684
v -4.580767 10.226070 -4.213400
v -4.581912 10.226070 -4.434826
v -4.688357 10.226070 -4.422542
v -4.795948 7.730866 -4.225684
v -4.794803 7.730866 -4.422542
v -4.795948 10.226070 -4.213400
v -4.794803 10.226070 -4.434826
v -4.681677 7.731104 -4.239022
v -4.580197 7.731044 -4.235667
v -4.581336 7.731044 -4.412559
v -4.681677 7.731104 -4.409204
v -4.681677 10.226308 -4.239022
v -4.580197 10.226248 -4.223383
v -4.581336 10.226248 -4.424843
v -4.681677 10.226308 -4.409204
v -4.796517 7.731044 -4.235667
v -4.795379 7.731044 -4.412559
v -4.796517 10.226248 -4.223383
v -4.795379 10.226248 -4.424843
vn -1.0000 -0.0000 -0.0000
vn -0.0576 -0.0025 -0.9983
vn -0.0570 -0.0025 0.9984
vn 0.0576 -0.0025 -0.9983
vn 0.0570 -0.0025 0.9984
vn 1.0000 -0.0000 -0.0000
vn 0.0942 0.0025 0.9955
vn 0.0932 0.0025 -0.9956
vn -0.0832 0.0025 0.9965
vn -0.0824 0.0025 -0.9966
vn -0.0000 -0.9998 -0.0179
vn -0.0000 -0.9998 0.0179
vn 0.0356 -0.9994 -0.0000
vn -0.0020 0.9998 0.0172
vn -0.0020 0.9998 -0.0172
vn -0.0356 0.9994 -0.0000
vn 0.9983 -0.0003 -0.0576
vn 0.9984 -0.0003 0.0570
vn 0.0020 0.9998 0.0184
vn 0.0021 0.9998 -0.0184
vn -0.9983 -0.0003 -0.0576
vn -0.9984 -0.0003 0.0570
vt 0.605492 -0.837237
vt 0.394508 -0.837237
vt 0.394508 1.837014
vt 0.605492 1.837014
vt 0.612294 -0.837237
vt 0.498210 -0.837237
vt 0.498210 1.837014
vt 0.612294 1.837014
vt 0.613520 -0.837237
vt 0.613520 1.837014
vt 0.384126 -0.837237
vt 0.384126 1.837014
vt 0.382900 1.837014
vt 0.382900 -0.837237
vt 0.591196 -0.836982
vt 0.591196 1.837269
vt 0.408803 1.837269
vt 0.408803 -0.836982
vt 0.612911 -0.837046
vt 0.612911 1.837205
vt 0.505370 1.837269
vt 0.505370 -0.836982
vt 0.505370 -0.836982
vt 0.505370 1.837269
vt 0.614131 1.837205
vt 0.614131 -0.837046
vt 0.383509 -0.837046
vt 0.383509 1.837205
vt 0.382289 -0.837046
vt 0.382289 1.837205
vt 0.613520 0.394508
vt 0.498210 0.394508
vt 0.505370 0.408803
vt 0.614131 0.405208
vt 0.498210 0.605492
vt 0.612294 0.605492
vt 0.612911 0.594793
vt 0.505370 0.591196
vt 0.613520 0.381343
vt 0.614131 0.392042
vt 0.612294 0.618657
vt 0.612911 0.607958
vt 0.618657 1.837014
vt 0.607958 1.837205
vt 0.594793 -0.837046
vt 0.381343 1.837014
vt 0.405208 -0.837046
vt 0.392042 1.837205
vt 0.382900 0.394508
vt 0.382289 0.405208
vt 0.384126 0.605492
vt 0.383509 0.594793
vt 0.382900 0.381343
vt 0.382289 0.392042
vt 0.384126 0.618657
vt 0.383509 0.607958
s 0
f 532/744/513 529/745/513 533/746/513 536/747/513
f 531/748/514 532/749/514 536/750/514 535/751/514
f 529/749/515 530/752/515 534/753/515 533/750/515
f 538/754/516 540/755/516 536/750/516 532/749/516
f 529/749/517 533/750/517 539/756/517 537/757/517
f 544/758/518 548/759/518 545/760/518 541/761/518
f 543/762/519 547/763/519 548/764/519 544/765/519
f 541/766/520 545/767/520 546/768/520 542/769/520
f 550/770/521 544/765/521 548/764/521 552/771/521
f 541/766/522 549/772/522 551/773/522 545/767/522
f 530/774/523 529/775/523 541/776/523 542/777/523
f 532/778/524 531/779/524 543/780/524 544/781/524
f 529/775/525 532/778/525 544/781/525 541/776/525
f 533/775/526 534/782/526 546/783/526 545/776/526
f 535/784/527 536/778/527 548/781/527 547/785/527
f 536/778/528 533/775/528 545/776/528 548/781/528
f 531/744/529 535/786/529 547/787/529 543/788/529
f 534/789/530 530/745/530 542/790/530 546/791/530
f 529/775/523 537/792/523 549/793/523 541/776/523
f 538/794/524 532/778/524 544/781/524 550/795/524
f 539/796/531 533/775/531 545/776/531 551/797/531
f 536/778/532 540/798/532 552/799/532 548/781/532
f 540/786/533 538/744/533 550/788/533 552/787/533
f 537/745/534 539/789/534 551/791/534 549/790/534
o Cube.011
v -4.805490 10.159272 0.059542
v -4.805490 10.165394 0.065663
v -4.811611 10.165394 0.059542
v -4.805490 10.161065 0.063870
v -4.809024 10.161860 0.063076
v -4.809818 10.165394 0.063870
v -4.809818 10.161065 0.059542
v -4.805490 10.615792 0.065663
v -4.805490 10.621913 0.059542
v -4.811611 10.615792 0.059542
v -4.805490 10.620120 0.063870
v -4.809024 10.619326 0.063076
v -4.809818 10.620120 0.059542
v -4.809818 10.615792 0.063870
v -4.805490 10.159272 -0.218425
v -4.811611 10.165394 -0.218425
v -4.805490 10.165394 -0.224546
v -4.809818 10.161065 -0.218425
v -4.809024 10.161860 -0.221959
v -4.809818 10.165394 -0.222753
v -4.805490 10.161065 -0.222753
v -4.805490 10.621913 -0.218425
v -4.805490 10.615792 -0.224546
v -4.811611 10.615792 -0.218425
v -4.805490 10.620120 -0.222753
v -4.809024 10.619326 -0.221959
v -4.809818 10.615792 -0.222753
v -4.809818 10.620120 -0.218425
v -4.527524 10.159272 0.059542
v -4.521402 10.165394 0.059542
v -4.527524 10.165394 0.065663
v -4.523195 10.161065 0.059542
v -4.523989 10.161860 0.063076
v -4.523195 10.165394 0.063870
v -4.527524 10.161065 0.063870
v -4.527524 10.621913 0.059542
v -4.527524 10.615792 0.065663
v -4.521402 10.615792 0.059542
v -4.527524 10.620120 0.063870
v -4.523989 10.619326 0.063076
v -4.523195 10.615792 0.063870
v -4.523195 10.620120 0.059542
v -4.527524 10.159272 -0.218425
v -4.527524 10.165394 -0.224546
v -4.521402 10.165394 -0.218425
v -4.527524 10.161065 -0.222753
v -4.523989 10.161860 -0.221959
v -4.523195 10.165394 -0.222753
v -4.523195 10.161065 -0.218425
v -4.527524 10.621913 -0.218425
v -4.521402 10.615792 -0.218425
v -4.527524 10.615792 -0.224546
v -4.523195 10.620120 -0.218425
v -4.523989 10.619326 -0.221959
v -4.523195 10.615792 -0.222753
v -4.527524 10.620120 -0.222753
vn -0.1794 -0.9673 0.1794
vn -0.1794 -0.1794 0.9673
vn -0.9673 -0.1794 0.1794
vn -0.1726 -0.6965 0.6965
vn -0.5773 -0.5773 0.5774
vn -0.6965 -0.1726 0.6965
vn -0.6965 -0.6965 0.1726
vn -0.1794 0.1794 0.9673
vn -0.1794 0.9673 0.1794
vn -0.9673 0.1794 0.1794
vn -0.1726 0.6965 0.6965
vn -0.5773 0.5773 0.5774
vn -0.6965 0.6965 0.1726
vn -0.6965 0.1726 0.6965
vn -0.1794 -0.9673 -0.1794
vn -0.9673 -0.1794 -0.1794
vn -0.1794 -0.1794 -0.9673
vn -0.6965 -0.6965 -0.1726
vn -0.5773 -0.5773 -0.5774
vn -0.6965 -0.1726 -0.6965
vn -0.1726 -0.6965 -0.6965
vn -0.1794 0.9673 -0.1794
vn -0.1794 0.1794 -0.9673
vn -0.9673 0.1794 -0.1794
vn -0.1726 0.6965 -0.6965
vn -0.5773 0.5773 -0.5774
vn -0.6965 0.1726 -0.6965
vn -0.6965 0.6965 -0.1726
vn 0.1794 -0.9673 0.1794
vn 0.9673 -0.1794 0.1794
vn 0.1794 -0.1794 0.9673
vn 0.6965 -0.6965 0.1726
vn 0.5773 -0.5773 0.5774
vn 0.6965 -0.1726 0.6965
vn 0.1726 -0.6965 0.6965
vn 0.1794 0.9673 0.1794
vn 0.1794 0.1794 0.9673
vn 0.9673 0.1794 0.1794
vn 0.1726 0.6965 0.6965
vn 0.5773 0.5773 0.5774
vn 0.6965 0.1726 0.6965
vn 0.6965 0.6965 0.1726
vn 0.1794 -0.9673 -0.1794
vn 0.1794 -0.1794 -0.9673
vn 0.9673 -0.1794 -0.1794
vn 0.1726 -0.6965 -0.6965
vn 0.5773 -0.5773 -0.5774
vn 0.6965 -0.1726 -0.6965
vn 0.6965 -0.6965 -0.1726
vn 0.1794 0.9673 -0.1794
vn 0.9673 0.1794 -0.1794
vn 0.1794 0.1794 -0.9673
vn 0.6965 0.6965 -0.1726
vn 0.5773 0.5773 -0.5774
vn 0.6965 0.1726 -0.6965
vn 0.1726 0.6965 -0.6965
vt 0.638983 0.274801
vt 0.638983 0.725199
vt 0.361017 0.725199
vt 0.361017 0.274801
vt 0.638984 0.274801
vt 0.638984 0.725199
vt 0.361016 0.725199
vt 0.361016 0.274801
vt 0.638983 0.638984
vt 0.361017 0.638984
vt 0.361017 0.361016
vt 0.638983 0.361016
vt 0.361017 0.356688
vt 0.357483 0.357482
vt 0.356688 0.361016
vt 0.356688 0.274801
vt 0.357483 0.271267
vt 0.361017 0.270472
vt 0.361016 0.270472
vt 0.357482 0.271267
vt 0.356688 0.274801
vt 0.361017 0.729528
vt 0.357483 0.728733
vt 0.356688 0.725199
vt 0.356688 0.725199
vt 0.357482 0.728733
vt 0.361016 0.729528
vt 0.356688 0.638984
vt 0.357483 0.642518
vt 0.361017 0.643312
vt 0.643312 0.274801
vt 0.642518 0.271267
vt 0.638984 0.270472
vt 0.638984 0.729528
vt 0.642518 0.728733
vt 0.643312 0.725199
vt 0.643312 0.361016
vt 0.642517 0.357482
vt 0.638983 0.356688
vt 0.638983 0.270472
vt 0.642517 0.271267
vt 0.643312 0.274801
vt 0.643312 0.725199
vt 0.642517 0.728733
vt 0.638983 0.729528
vt 0.638983 0.643312
vt 0.642517 0.642518
vt 0.643312 0.638984
s 1
f 583/800/565 589/801/571 560/802/542 554/803/536
f 597/804/579 603/805/585 590/806/572 582/807/564
f 602/808/584 574/809/556 561/810/543 588/811/570
f 555/807/537 562/806/544 576/805/558 568/804/550
f 569/803/551 575/802/557 604/801/586 596/800/578
f 553/810/535 556/812/538 557/813/539 559/814/541
f 554/803/536 558/815/540 557/816/539 556/817/538
f 555/807/537 559/818/541 557/819/539 558/820/540
f 560/802/542 563/821/545 564/822/546 566/823/548
f 561/810/543 565/814/547 564/813/546 563/812/545
f 562/806/544 566/824/548 564/825/546 565/826/547
f 567/809/549 570/827/552 571/828/553 573/829/555
f 568/804/550 572/830/554 571/831/553 570/832/552
f 569/803/551 573/817/555 571/816/553 572/815/554
f 574/809/556 577/829/559 578/828/560 580/827/562
f 575/802/557 579/823/561 578/822/560 577/821/559
f 576/805/558 580/833/562 578/834/560 579/835/561
f 581/811/563 584/836/566 585/837/567 587/838/569
f 582/807/564 586/820/568 585/819/567 584/818/566
f 583/800/565 587/839/569 585/840/567 586/841/568
f 588/811/570 591/838/573 592/837/574 594/836/576
f 589/801/571 593/842/575 592/843/574 591/844/573
f 590/806/572 594/826/576 592/825/574 593/824/575
f 595/808/577 598/845/580 599/846/581 601/847/583
f 596/800/578 600/841/582 599/840/581 598/839/580
f 597/804/579 601/832/583 599/831/581 600/830/582
f 602/808/584 605/847/587 606/846/588 608/845/590
f 603/805/585 607/835/589 606/834/588 605/833/587
f 604/801/586 608/844/590 606/843/588 607/842/589
f 567/809/549 553/810/535 559/814/541 570/827/552
f 570/832/552 559/818/541 555/807/537 568/804/550
f 554/803/536 560/802/542 566/823/548 558/815/540
f 558/820/540 566/824/548 562/806/544 555/807/537
f 561/810/543 574/809/556 580/827/562 565/814/547
f 565/826/547 580/833/562 576/805/558 562/806/544
f 575/802/557 569/803/551 572/815/554 579/823/561
f 579/835/561 572/830/554 568/804/550 576/805/558
f 595/808/577 567/809/549 573/829/555 598/845/580
f 598/839/580 573/817/555 569/803/551 596/800/578
f 574/809/556 602/808/584 608/845/590 577/829/559
f 577/821/559 608/844/590 604/801/586 575/802/557
f 603/805/585 597/804/579 600/830/582 607/835/589
f 607/842/589 600/841/582 596/800/578 604/801/586
f 581/811/563 595/808/577 601/847/583 584/836/566
f 584/818/566 601/832/583 597/804/579 582/807/564
f 602/808/584 588/811/570 594/836/576 605/847/587
f 605/833/587 594/826/576 590/806/572 603/805/585
f 589/801/571 583/800/565 586/841/568 593/842/575
f 593/824/575 586/820/568 582/807/564 590/806/572
f 553/810/535 581/811/563 587/838/569 556/812/538
f 556/817/538 587/839/569 583/800/565 554/803/536
f 588/811/570 561/810/543 563/812/545 591/838/573
f 591/844/573 563/821/545 560/802/542 589/801/571
f 567/809/549 595/808/577 581/811/563 553/810/535
o Cube.012
v -4.805490 10.159272 -4.181565
v -4.805490 10.165394 -4.175445
v -4.811611 10.165394 -4.181565
v -4.805490 10.161065 -4.177237
v -4.809024 10.161860 -4.178031
v -4.809818 10.165394 -4.177237
v -4.809818 10.161065 -4.181565
v -4.805490 10.615792 -4.175445
v -4.805490 10.621913 -4.181565
v -4.811611 10.615792 -4.181565
v -4.805490 10.620120 -4.177237
v -4.809024 10.619326 -4.178031
v -4.809818 10.620120 -4.181565
v -4.809818 10.615792 -4.177237
v -4.805490 10.159272 -4.459533
v -4.811611 10.165394 -4.459533
v -4.805490 10.165394 -4.465653
v -4.809818 10.161065 -4.459533
v -4.809024 10.161860 -4.463067
v -4.809818 10.165394 -4.463861
v -4.805490 10.161065 -4.463861
v -4.805490 10.621913 -4.459533
v -4.805490 10.615792 -4.465653
v -4.811611 10.615792 -4.459533
v -4.805490 10.620120 -4.463861
v -4.809024 10.619326 -4.463067
v -4.809818 10.615792 -4.463861
v -4.809818 10.620120 -4.459533
v -4.527524 10.159272 -4.181565
v -4.521402 10.165394 -4.181565
v -4.527524 10.165394 -4.175445
v -4.523195 10.161065 -4.181565
v -4.523989 10.161860 -4.178031
v -4.523195 10.165394 -4.177237
v -4.527524 10.161065 -4.177237
v -4.527524 10.621913 -4.181565
v -4.527524 10.615792 -4.175445
v -4.521402 10.615792 -4.181565
v -4.527524 10.620120 -4.177237
v -4.523989 10.619326 -4.178031
v -4.523195 10.615792 -4.177237
v -4.523195 10.620120 -4.181565
v -4.527524 10.159272 -4.459533
v -4.527524 10.165394 -4.465653
v -4.521402 10.165394 -4.459533
v -4.527524 10.161065 -4.463861
v -4.523989 10.161860 -4.463067
v -4.523195 10.165394 -4.463861
v -4.523195 10.161065 -4.459533
v -4.527524 10.621913 -4.459533
v -4.521402 10.615792 -4.459533
v -4.527524 10.615792 -4.465653
v -4.523195 10.620120 -4.459533
v -4.523989 10.619326 -4.463067
v -4.523195 10.615792 -4.463861
v -4.527524 10.620120 -4.463861
vn -0.1794 -0.9673 0.1794
vn -0.1794 -0.1794 0.9673
vn -0.9673 -0.1794 0.1794
vn -0.1726 -0.6965 0.6965
vn -0.5773 -0.5773 0.5774
vn -0.6965 -0.1726 0.6965
vn -0.6965 -0.6965 0.1726
vn -0.1794 0.1794 0.9673
vn -0.1794 0.9673 0.1794
vn -0.9673 0.1794 0.1794
vn -0.1726 0.6965 0.6965
vn -0.5773 0.5773 0.5774
vn -0.6965 0.6965 0.1726
vn -0.6965 0.1726 0.6965
vn -0.1794 -0.9673 -0.1794
vn -0.9673 -0.1794 -0.1794
vn -0.1794 -0.1794 -0.9673
vn -0.6965 -0.6965 -0.1726
vn -0.5773 -0.5773 -0.5774
vn -0.6965 -0.1726 -0.6965
vn -0.1726 -0.6965 -0.6965
vn -0.1794 0.9673 -0.1794
vn -0.1794 0.1794 -0.9673
vn -0.9673 0.1794 -0.1794
vn -0.1726 0.6965 -0.6965
vn -0.5773 0.5773 -0.5774
vn -0.6965 0.1726 -0.6965
vn -0.6965 0.6965 -0.1726
vn 0.1794 -0.9673 0.1794
vn 0.9673 -0.1794 0.1794
vn 0.1794 -0.1794 0.9673
vn 0.6965 -0.6965 0.1726
vn 0.5773 -0.5773 0.5774
vn 0.6965 -0.1726 0.6965
vn 0.1726 -0.6965 0.6965
vn 0.1794 0.9673 0.1794
vn 0.1794 0.1794 0.9673
vn 0.9673 0.1794 0.1794
vn 0.1726 0.6965 0.6965
vn 0.5773 0.5773 0.5774
vn 0.6965 0.1726 0.6965
vn 0.6965 0.6965 0.1726
vn 0.1794 -0.9673 -0.1794
vn 0.1794 -0.1794 -0.9673
vn 0.9673 -0.1794 -0.1794
vn 0.1726 -0.6965 -0.6965
vn 0.5773 -0.5773 -0.5774
vn 0.6965 -0.1726 -0.6965
vn 0.6965 -0.6965 -0.1726
vn 0.1794 0.9673 -0.1794
vn 0.9673 0.1794 -0.1794
vn 0.1794 0.1794 -0.9673
vn 0.6965 0.6965 -0.1726
vn 0.5773 0.5773 -0.5774
vn 0.6965 0.1726 -0.6965
vn 0.1726 0.6965 -0.6965
vt 0.638983 0.274801
vt 0.638983 0.725199
vt 0.361017 0.725199
vt 0.361017 0.274801
vt 0.638984 0.274801
vt 0.638984 0.725199
vt 0.361016 0.725199
vt 0.361016 0.274801
vt 0.638983 0.638984
vt 0.361017 0.638984
vt 0.361017 0.361016
vt 0.638983 0.361016
vt 0.361017 0.356688
vt 0.357483 0.357482
vt 0.356688 0.361016
vt 0.356688 0.274801
vt 0.357483 0.271267
vt 0.361017 0.270472
vt 0.361016 0.270472
vt 0.357482 0.271267
vt 0.356688 0.274801
vt 0.361017 0.729528
vt 0.357483 0.728733
vt 0.356688 0.725199
vt 0.356688 0.725199
vt 0.357482 0.728733
vt 0.361016 0.729528
vt 0.356688 0.638984
vt 0.357483 0.642518
vt 0.361017 0.643312
vt 0.643312 0.274801
vt 0.642518 0.271267
vt 0.638984 0.270472
vt 0.638984 0.729528
vt 0.642518 0.728733
vt 0.643312 0.725199
vt 0.643312 0.361016
vt 0.642517 0.357482
vt 0.638983 0.356688
vt 0.638983 0.270472
vt 0.642517 0.271267
vt 0.643312 0.274801
vt 0.643312 0.725199
vt 0.642517 0.728733
vt 0.638983 0.729528
vt 0.638983 0.643312
vt 0.642517 0.642518
vt 0.643312 0.638984
s 1
f 639/848/621 645/849/627 616/850/598 610/851/592
f 653/852/635 659/853/641 646/854/628 638/855/620
f 658/856/640 630/857/612 617/858/599 644/859/626
f 611/855/593 618/854/600 632/853/614 624/852/606
f 625/851/607 631/850/613 660/849/642 652/848/634
f 609/858/591 612/860/594 613/861/595 615/862/597
f 610/851/592 614/863/596 613/864/595 612/865/594
f 611/855/593 615/866/597 613/867/595 614/868/596
f 616/850/598 619/869/601 620/870/602 622/871/604
f 617/858/599 621/862/603 620/861/602 619/860/601
f 618/854/600 622/872/604 620/873/602 621/874/603
f 623/857/605 626/875/608 627/876/609 629/877/611
f 624/852/606 628/878/610 627/879/609 626/880/608
f 625/851/607 629/865/611 627/864/609 628/863/610
f 630/857/612 633/877/615 634/876/616 636/875/618
f 631/850/613 635/871/617 634/870/616 633/869/615
f 632/853/614 636/881/618 634/882/616 635/883/617
f 637/859/619 640/884/622 641/885/623 643/886/625
f 638/855/620 642/868/624 641/867/623 640/866/622
f 639/848/621 643/887/625 641/888/623 642/889/624
f 644/859/626 647/886/629 648/885/630 650/884/632
f 645/849/627 649/890/631 648/891/630 647/892/629
f 646/854/628 650/874/632 648/873/630 649/872/631
f 651/856/633 654/893/636 655/894/637 657/895/639
f 652/848/634 656/889/638 655/888/637 654/887/636
f 653/852/635 657/880/639 655/879/637 656/878/638
f 658/856/640 661/895/643 662/894/644 664/893/646
f 659/853/641 663/883/645 662/882/644 661/881/643
f 660/849/642 664/892/646 662/891/644 663/890/645
f 623/857/605 609/858/591 615/862/597 626/875/608
f 626/880/608 615/866/597 611/855/593 624/852/606
f 610/851/592 616/850/598 622/871/604 614/863/596
f 614/868/596 622/872/604 618/854/600 611/855/593
f 617/858/599 630/857/612 636/875/618 621/862/603
f 621/874/603 636/881/618 632/853/614 618/854/600
f 631/850/613 625/851/607 628/863/610 635/871/617
f 635/883/617 628/878/610 624/852/606 632/853/614
f 651/856/633 623/857/605 629/877/611 654/893/636
f 654/887/636 629/865/611 625/851/607 652/848/634
f 630/857/612 658/856/640 664/893/646 633/877/615
f 633/869/615 664/892/646 660/849/642 631/850/613
f 659/853/641 653/852/635 656/878/638 663/883/645
f 663/890/645 656/889/638 652/848/634 660/849/642
f 637/859/619 651/856/633 657/895/639 640/884/622
f 640/866/622 657/880/639 653/852/635 638/855/620
f 658/856/640 644/859/626 650/884/632 661/895/643
f 661/881/643 650/874/632 646/854/628 659/853/641
f 645/849/627 639/848/621 642/889/624 649/890/631
f 649/872/631 642/868/624 638/855/620 646/854/628
f 609/858/591 637/859/619 643/886/625 612/860/594
f 612/865/594 643/887/625 639/848/621 610/851/592
f 644/859/626 617/858/599 619/860/601 647/886/629
f 647/892/629 619/869/601 616/850/598 645/849/627
f 623/857/605 651/856/633 637/859/619 609/858/591
o Plane.028
v -9.082705 9.246445 0.000000
v -9.032621 9.151223 0.000000
v -9.033154 9.152236 -0.196858
v -9.082705 9.246445 -0.196858
v -6.874336 10.407973 0.000000
v -6.824253 10.312752 0.012284
v -6.824786 10.313765 -0.209142
v -6.874336 10.407973 -0.196858
v -9.132789 9.341667 0.000000
v -9.132257 9.340654 -0.196858
v -6.924420 10.503196 0.012284
v -6.923887 10.502183 -0.209142
v -9.079385 9.240644 -0.013338
v -9.032199 9.150802 -0.009983
v -9.032728 9.151809 -0.186875
v -9.079385 9.240644 -0.183520
v -6.871016 10.402172 -0.013338
v -6.823830 10.312330 0.002300
v -6.824360 10.313338 -0.199159
v -6.871016 10.402172 -0.183520
v -9.132896 9.342255 -0.009983
v -9.132366 9.341247 -0.186875
v -6.924528 10.503783 0.002300
v -6.923998 10.502775 -0.199159
vn -0.4655 0.8850 -0.0000
vn -0.0290 0.0498 -0.9983
vn -0.0287 0.0493 0.9984
vn 0.0246 -0.0521 -0.9983
vn 0.0244 -0.0516 0.9984
vn 0.4655 -0.8850 -0.0000
vn 0.0460 -0.0823 0.9955
vn 0.0455 -0.0813 -0.9956
vn -0.0366 0.0748 0.9965
vn -0.0362 0.0741 -0.9966
vn -0.8849 -0.4654 -0.0179
vn -0.8849 -0.4654 0.0179
vn -0.8679 -0.4968 -0.0000
vn 0.8840 0.4672 0.0172
vn 0.8840 0.4672 -0.0172
vn 0.8679 0.4968 -0.0000
vn 0.4645 -0.8837 -0.0576
vn 0.4645 -0.8837 0.0570
vn 0.8858 0.4636 0.0184
vn 0.8859 0.4636 -0.0184
vn -0.4650 0.8834 -0.0576
vn -0.4650 0.8835 0.0570
vt 0.605492 -0.837237
vt 0.394508 -0.837237
vt 0.394508 1.837014
vt 0.605492 1.837014
vt 0.612294 -0.837237
vt 0.498210 -0.837237
vt 0.498210 1.837014
vt 0.612294 1.837014
vt 0.613520 -0.837237
vt 0.613520 1.837014
vt 0.384126 -0.837237
vt 0.384126 1.837014
vt 0.382900 1.837014
vt 0.382900 -0.837237
vt 0.591196 -0.836982
vt 0.591196 1.837269
vt 0.408803 1.837269
vt 0.408803 -0.836982
vt 0.612911 -0.837046
vt 0.612911 1.837205
vt 0.505370 1.837269
vt 0.505370 -0.836982
vt 0.505370 -0.836982
vt 0.505370 1.837269
vt 0.614131 1.837205
vt 0.614131 -0.837046
vt 0.383509 -0.837046
vt 0.383509 1.837205
vt 0.382289 -0.837046
vt 0.382289 1.837205
vt 0.613520 0.394508
vt 0.498210 0.394508
vt 0.505370 0.408803
vt 0.614131 0.405208
vt 0.498210 0.605492
vt 0.612294 0.605492
vt 0.612911 0.594793
vt 0.505370 0.591196
vt 0.613520 0.381343
vt 0.614131 0.392042
vt 0.612294 0.618657
vt 0.612911 0.607958
vt 0.618657 1.837014
vt 0.607958 1.837205
vt 0.594793 -0.837046
vt 0.381343 1.837014
vt 0.405208 -0.837046
vt 0.392042 1.837205
vt 0.382900 0.394508
vt 0.382289 0.405208
vt 0.384126 0.605492
vt 0.383509 0.594793
vt 0.382900 0.381343
vt 0.382289 0.392042
vt 0.384126 0.618657
vt 0.383509 0.607958
s 0
f 668/896/647 665/897/647 669/898/647 672/899/647
f 667/900/648 668/901/648 672/902/648 671/903/648
f 665/901/649 666/904/649 670/905/649 669/902/649
f 674/906/650 676/907/650 672/902/650 668/901/650
f 665/901/651 669/902/651 675/908/651 673/909/651
f 680/910/652 684/911/652 681/912/652 677/913/652
f 679/914/653 683/915/653 684/916/653 680/917/653
f 677/918/654 681/919/654 682/920/654 678/921/654
f 686/922/655 680/917/655 684/916/655 688/923/655
f 677/918/656 685/924/656 687/925/656 681/919/656
f 666/926/657 665/927/657 677/928/657 678/929/657
f 668/930/658 667/931/658 679/932/658 680/933/658
f 665/927/659 668/930/659 680/933/659 677/928/659
f 669/927/660 670/934/660 682/935/660 681/928/660
f 671/936/661 672/930/661 684/933/661 683/937/661
f 672/930/662 669/927/662 681/928/662 684/933/662
f 667/896/663 671/938/663 683/939/663 679/940/663
f 670/941/664 666/897/664 678/942/664 682/943/664
f 665/927/657 673/944/657 685/945/657 677/928/657
f 674/946/658 668/930/658 680/933/658 686/947/658
f 675/948/665 669/927/665 681/928/665 687/949/665
f 672/930/666 676/950/666 688/951/666 684/933/666
f 676/938/667 674/896/667 686/940/667 688/939/667
f 673/897/668 675/941/668 687/943/668 685/942/668
o Plane.029
v -10.289392 8.611768 -4.225684
v -10.239309 8.516545 -4.225684
v -10.239841 8.517559 -4.422542
v -10.289392 8.611768 -4.422542
v -6.874336 10.407973 -4.225684
v -6.824253 10.312752 -4.213400
v -6.824786 10.313765 -4.434826
v -6.874336 10.407973 -4.422542
v -10.339476 8.706989 -4.225684
v -10.338943 8.705976 -4.422542
v -6.924420 10.503196 -4.213400
v -6.923887 10.502183 -4.434826
v -10.286072 8.605967 -4.239022
v -10.238886 8.516125 -4.235667
v -10.239416 8.517132 -4.412559
v -10.286072 8.605966 -4.409204
v -6.871016 10.402172 -4.239022
v -6.823830 10.312330 -4.223383
v -6.824360 10.313338 -4.424843
v -6.871016 10.402172 -4.409204
v -10.339583 8.707577 -4.235667
v -10.339054 8.706570 -4.412559
v -6.924528 10.503783 -4.223383
v -6.923998 10.502775 -4.424843
vn -0.4655 0.8850 -0.0000
vn -0.0282 0.0502 -0.9983
vn -0.0279 0.0497 0.9984
vn 0.0254 -0.0517 -0.9983
vn 0.0251 -0.0512 0.9984
vn 0.4655 -0.8850 -0.0000
vn 0.0453 -0.0827 0.9955
vn 0.0448 -0.0817 -0.9956
vn -0.0373 0.0744 0.9965
vn -0.0370 0.0737 -0.9966
vn -0.8849 -0.4654 -0.0179
vn -0.8849 -0.4654 0.0179
vn -0.8679 -0.4968 -0.0000
vn 0.8840 0.4672 0.0172
vn 0.8840 0.4672 -0.0172
vn 0.8679 0.4967 -0.0000
vn 0.4646 -0.8837 -0.0576
vn 0.4646 -0.8837 0.0570
vn 0.8858 0.4636 0.0184
vn 0.8859 0.4636 -0.0184
vn -0.4649 0.8835 -0.0576
vn -0.4649 0.8835 0.0570
vt 0.605492 -1.567863
vt 0.394508 -1.567863
vt 0.394508 2.567641
vt 0.605492 2.567641
vt 0.612294 -1.567863
vt 0.498210 -1.567863
vt 0.498210 2.567641
vt 0.612294 2.567641
vt 0.613520 -1.567863
vt 0.613520 2.567641
vt 0.384126 -1.567863
vt 0.384126 2.567641
vt 0.382900 2.567641
vt 0.382900 -1.567863
vt 0.591196 -1.567608
vt 0.591196 2.567896
vt 0.408803 2.567896
vt 0.408803 -1.567608
vt 0.612911 -1.567672
vt 0.612911 2.567832
vt 0.505370 2.567896
vt 0.505370 -1.567608
vt 0.505370 -1.567608
vt 0.505370 2.567896
vt 0.614131 2.567832
vt 0.614131 -1.567672
vt 0.383509 -1.567672
vt 0.383509 2.567832
vt 0.382289 -1.567672
vt 0.382289 2.567832
vt 0.613520 0.394508
vt 0.498210 0.394508
vt 0.505370 0.408803
vt 0.614131 0.405208
vt 0.498210 0.605492
vt 0.612294 0.605492
vt 0.612911 0.594793
vt 0.505370 0.591196
vt 0.613520 0.381343
vt 0.614131 0.392042
vt 0.612294 0.618657
vt 0.612911 0.607958
vt 0.618657 2.567641
vt 0.607958 2.567832
vt 0.594793 -1.567672
vt 0.381343 2.567641
vt 0.405208 -1.567672
vt 0.392042 2.567832
vt 0.382900 0.394508
vt 0.382289 0.405208
vt 0.384126 0.605492
vt 0.383509 0.594793
vt 0.382900 0.381343
vt 0.382289 0.392042
vt 0.384126 0.618657
vt 0.383509 0.607958
s 0
f 692/952/669 689/953/669 693/954/669 696/955/669
f 691/956/670 692/957/670 696/958/670 695/959/670
f 689/957/671 690/960/671 694/961/671 693/958/671
f 698/962/672 700/963/672 696/958/672 692/957/672
f 689/957/673 693/958/673 699/964/673 697/965/673
f 704/966/674 708/967/674 705/968/674 701/969/674
f 703/970/675 707/971/675 708/972/675 704/973/675
f 701/974/676 705/975/676 706/976/676 702/977/676
f 710/978/677 704/973/677 708/972/677 712/979/677
f 701/974/678 709/980/678 711/981/678 705/975/678
f 690/982/679 689/983/679 701/984/679 702/985/679
f 692/986/680 691/987/680 703/988/680 704/989/680
f 689/983/681 692/986/681 704/989/681 701/984/681
f 693/983/682 694/990/682 706/991/682 705/984/682
f 695/992/683 696/986/683 708/989/683 707/993/683
f 696/986/684 693/983/684 705/984/684 708/989/684
f 691/952/685 695/994/685 707/995/685 703/996/685
f 694/997/686 690/953/686 702/998/686 706/999/686
f 689/983/679 697/1000/679 709/1001/679 701/984/679
f 698/1002/680 692/986/680 704/989/680 710/1003/680
f 699/1004/687 693/983/687 705/984/687 711/1005/687
f 696/986/688 700/1006/688 712/1007/688 708/989/688
f 700/994/689 698/952/689 710/996/689 712/995/689
f 697/953/690 699/997/690 711/999/690 709/998/690
o Plane.030
v -4.570318 10.365233 -4.230736
v -4.568832 10.472689 -4.235909
v -4.569767 10.462092 -4.432483
v -4.571238 10.355781 -4.427365
v -7.065257 10.400217 -4.220754
v -7.063714 10.508263 -4.213657
v -7.064764 10.496487 -4.434771
v -7.066176 10.390764 -4.417383
v -4.571805 10.257778 -4.225564
v -4.572708 10.249469 -4.422247
v -7.066686 10.293352 -4.203311
v -7.067704 10.283862 -4.424535
v -4.570527 10.371268 -4.244380
v -4.569049 10.472781 -4.245908
v -4.569891 10.463150 -4.422539
v -4.571321 10.363096 -4.414363
v -7.065465 10.406252 -4.234397
v -7.063931 10.508354 -4.223656
v -7.064888 10.497543 -4.424826
v -7.066260 10.398080 -4.404380
v -4.572037 10.256732 -4.235507
v -4.572847 10.249375 -4.412248
v -7.066919 10.292306 -4.213255
v -7.067844 10.283769 -4.414535
vn -0.0138 -0.9987 0.0481
vn -0.0030 -0.1055 -0.9944
vn 0.0063 -0.0090 0.9999
vn -0.0014 0.0096 -1.0000
vn 0.0079 0.1048 0.9945
vn 0.0138 0.9987 -0.0481
vn 0.0035 0.1420 0.9899
vn -0.0058 0.0453 -0.9990
vn 0.0011 -0.0352 0.9994
vn -0.0082 -0.1301 -0.9915
vn 0.9997 -0.0149 -0.0218
vn 0.9998 -0.0132 0.0138
vn 0.9998 0.0216 -0.0057
vn -0.9997 0.0128 0.0213
vn -0.9999 0.0112 -0.0131
vn -0.9998 -0.0216 0.0057
vn 0.0138 0.9943 -0.1055
vn 0.0143 0.9999 0.0089
vn -0.9996 0.0169 0.0223
vn -0.9998 0.0152 -0.0145
vn -0.0138 -0.9999 -0.0095
vn -0.0132 -0.9944 0.1049
vt 0.605492 -0.837237
vt 0.394508 -0.837237
vt 0.394508 1.837014
vt 0.605492 1.837014
vt 0.612294 -0.837237
vt 0.498210 -0.837237
vt 0.498210 1.837014
vt 0.612294 1.837014
vt 0.613520 -0.837237
vt 0.613520 1.837014
vt 0.384126 -0.837237
vt 0.384126 1.837014
vt 0.382900 1.837014
vt 0.382900 -0.837237
vt 0.591196 -0.836982
vt 0.591196 1.837269
vt 0.408803 1.837269
vt 0.408803 -0.836982
vt 0.612911 -0.837046
vt 0.612911 1.837205
vt 0.505370 1.837269
vt 0.505370 -0.836982
vt 0.505370 -0.836982
vt 0.505370 1.837269
vt 0.614131 1.837205
vt 0.614131 -0.837046
vt 0.383509 -0.837046
vt 0.383509 1.837205
vt 0.382289 -0.837046
vt 0.382289 1.837205
vt 0.613520 0.394508
vt 0.498210 0.394508
vt 0.505370 0.408803
vt 0.614131 0.405208
vt 0.498210 0.605492
vt 0.612294 0.605492
vt 0.612911 0.594793
vt 0.505370 0.591196
vt 0.613520 0.381343
vt 0.614131 0.392042
vt 0.612294 0.618657
vt 0.612911 0.607958
vt 0.618657 1.837014
vt 0.607958 1.837205
vt 0.594793 -0.837046
vt 0.381343 1.837014
vt 0.405208 -0.837046
vt 0.392042 1.837205
vt 0.382900 0.394508
vt 0.382289 0.405208
vt 0.384126 0.605492
vt 0.383509 0.594793
vt 0.382900 0.381343
vt 0.382289 0.392042
vt 0.384126 0.618657
vt 0.383509 0.607958
s 0
f 716/1008/691 713/1009/691 717/1010/691 720/1011/691
f 715/1012/692 716/1013/692 720/1014/692 719/1015/692
f 713/1013/693 714/1016/693 718/1017/693 717/1014/693
f 722/1018/694 724/1019/694 720/1014/694 716/1013/694
f 713/1013/695 717/1014/695 723/1020/695 721/1021/695
f 728/1022/696 732/1023/696 729/1024/696 725/1025/696
f 727/1026/697 731/1027/697 732/1028/697 728/1029/697
f 725/1030/698 729/1031/698 730/1032/698 726/1033/698
f 734/1034/699 728/1029/699 732/1028/699 736/1035/699
f 725/1030/700 733/1036/700 735/1037/700 729/1031/700
f 714/1038/701 713/1039/701 725/1040/701 726/1041/701
f 716/1042/702 715/1043/702 727/1044/702 728/1045/702
f 713/1039/703 716/1042/703 728/1045/703 725/1040/703
f 717/1039/704 718/1046/704 730/1047/704 729/1040/704
f 719/1048/705 720/1042/705 732/1045/705 731/1049/705
f 720/1042/706 717/1039/706 729/1040/706 732/1045/706
f 715/1008/707 719/1050/707 731/1051/707 727/1052/707
f 718/1053/708 714/1009/708 726/1054/708 730/1055/708
f 713/1039/701 721/1056/701 733/1057/701 725/1040/701
f 722/1058/702 716/1042/702 728/1045/702 734/1059/702
f 723/1060/709 717/1039/709 729/1040/709 735/1061/709
f 720/1042/710 724/1062/710 736/1063/710 732/1045/710
f 724/1050/711 722/1008/711 734/1052/711 736/1051/711
f 721/1009/712 723/1053/712 735/1055/712 733/1054/712
o Plane.031
v -7.066032 10.415854 0.000000
v -7.066032 10.308264 0.000000
v -7.066032 10.309408 -0.196858
v -7.066032 10.415854 -0.196858
v -4.570828 10.415854 0.000000
v -4.570828 10.308264 0.012284
v -4.570828 10.309408 -0.209142
v -4.570828 10.415854 -0.196858
v -7.066032 10.523444 0.000000
v -7.066032 10.522300 -0.196858
v -4.570828 10.523444 0.012284
v -4.570828 10.522300 -0.209142
v -7.065794 10.409174 -0.013339
v -7.065854 10.307693 -0.009984
v -7.065854 10.308832 -0.186875
v -7.065794 10.409173 -0.183520
v -4.570590 10.409174 -0.013339
v -4.570650 10.307694 0.002300
v -4.570650 10.308832 -0.199159
v -4.570590 10.409174 -0.183520
v -7.065854 10.524014 -0.009984
v -7.065854 10.522876 -0.186875
v -4.570650 10.524014 0.002300
v -4.570650 10.522876 -0.199159
vn -0.0000 1.0000 -0.0000
vn -0.0025 0.0576 -0.9983
vn -0.0025 0.0570 0.9984
vn -0.0025 -0.0576 -0.9983
vn -0.0025 -0.0570 0.9984
vn -0.0000 -1.0000 -0.0000
vn 0.0025 -0.0942 0.9955
vn 0.0025 -0.0932 -0.9956
vn 0.0025 0.0832 0.9965
vn 0.0025 0.0824 -0.9966
vn -0.9998 -0.0000 -0.0179
vn -0.9998 -0.0000 0.0179
vn -0.9994 -0.0356 -0.0000
vn 0.9998 0.0020 0.0172
vn 0.9998 0.0020 -0.0172
vn 0.9994 0.0356 -0.0000
vn -0.0003 -0.9983 -0.0576
vn -0.0003 -0.9984 0.0570
vn 0.9998 -0.0020 0.0184
vn 0.9998 -0.0021 -0.0184
vn -0.0003 0.9983 -0.0576
vn -0.0003 0.9984 0.0570
vt 0.605492 -0.837237
vt 0.394508 -0.837237
vt 0.394508 1.837014
vt 0.605492 1.837014
vt 0.612294 -0.837237
vt 0.498210 -0.837237
vt 0.498210 1.837014
vt 0.612294 1.837014
vt 0.613520 -0.837237
vt 0.613520 1.837014
vt 0.384126 -0.837237
vt 0.384126 1.837014
vt 0.382900 1.837014
vt 0.382900 -0.837237
vt 0.591196 -0.836982
vt 0.591196 1.837269
vt 0.408803 1.837269
vt 0.408803 -0.836982
vt 0.612911 -0.837046
vt 0.612911 1.837205
vt 0.505370 1.837269
vt 0.505370 -0.836982
vt 0.505370 -0.836982
vt 0.505370 1.837269
vt 0.614131 1.837205
vt 0.614131 -0.837046
vt 0.383509 -0.837046
vt 0.383509 1.837205
vt 0.382289 -0.837046
vt 0.382289 1.837205
vt 0.613520 0.394508
vt 0.498210 0.394508
vt 0.505370 0.408803
vt 0.614131 0.405208
vt 0.498210 0.605492
vt 0.612294 0.605492
vt 0.612911 0.594793
vt 0.505370 0.591196
vt 0.613520 0.381343
vt 0.614131 0.392042
vt 0.612294 0.618657
vt 0.612911 0.607958
vt 0.618657 1.837014
vt 0.607958 1.837205
vt 0.594793 -0.837046
vt 0.381343 1.837014
vt 0.405208 -0.837046
vt 0.392042 1.837205
vt 0.382900 0.394508
vt 0.382289 0.405208
vt 0.384126 0.605492
vt 0.383509 0.594793
vt 0.382900 0.381343
vt 0.382289 0.392042
vt 0.384126 0.618657
vt 0.383509 0.607958
s 0
f 740/1064/713 737/1065/713 741/1066/713 744/1067/713
f 739/1068/714 740/1069/714 744/1070/714 743/1071/714
f 737/1069/715 738/1072/715 742/1073/715 741/1070/715
f 746/1074/716 748/1075/716 744/1070/716 740/1069/716
f 737/1069/717 741/1070/717 747/1076/717 745/1077/717
f 752/1078/718 756/1079/718 753/1080/718 749/1081/718
f 751/1082/719 755/1083/719 756/1084/719 752/1085/719
f 749/1086/720 753/1087/720 754/1088/720 750/1089/720
f 758/1090/721 752/1085/721 756/1084/721 760/1091/721
f 749/1086/722 757/1092/722 759/1093/722 753/1087/722
f 738/1094/723 737/1095/723 749/1096/723 750/1097/723
f 740/1098/724 739/1099/724 751/1100/724 752/1101/724
f 737/1095/725 740/1098/725 752/1101/725 749/1096/725
f 741/1095/726 742/1102/726 754/1103/726 753/1096/726
f 743/1104/727 744/1098/727 756/1101/727 755/1105/727
f 744/1098/728 741/1095/728 753/1096/728 756/1101/728
f 739/1064/729 743/1106/729 755/1107/729 751/1108/729
f 742/1109/730 738/1065/730 750/1110/730 754/1111/730
f 737/1095/723 745/1112/723 757/1113/723 749/1096/723
f 746/1114/724 740/1098/724 752/1101/724 758/1115/724
f 747/1116/731 741/1095/731 753/1096/731 759/1117/731
f 744/1098/732 748/1118/732 760/1119/732 756/1101/732
f 748/1106/733 746/1064/733 758/1108/733 760/1107/733
f 745/1065/734 747/1109/734 759/1111/734 757/1110/734
o Plane.032
v -6.856410 10.415854 -0.087256
v -6.856410 10.308264 -0.087256
v -7.053268 10.309408 -0.087256
v -7.053268 10.415854 -0.087256
v -6.856410 10.415854 -4.440935
v -6.844126 10.308264 -4.440935
v -7.065552 10.309408 -4.440935
v -7.053268 10.415854 -4.440935
v -6.856410 10.523444 -0.087256
v -7.053268 10.522300 -0.087256
v -6.844126 10.523444 -4.440935
v -7.065552 10.522300 -4.440935
v -6.869748 10.409174 -0.087672
v -6.866393 10.307694 -0.087567
v -7.043284 10.308832 -0.087567
v -7.039929 10.409173 -0.087672
v -6.869748 10.409174 -4.441351
v -6.854109 10.307694 -4.441247
v -7.055569 10.308832 -4.441247
v -7.039929 10.409173 -4.441351
v -6.866393 10.524014 -0.087567
v -7.043284 10.522876 -0.087567
v -6.854109 10.524014 -4.441247
v -7.055569 10.522876 -4.441247
vn -0.0000 1.0000 -0.0000
vn -0.9983 0.0576 0.0014
vn 0.9984 0.0570 0.0014
vn -0.9983 -0.0576 0.0014
vn 0.9984 -0.0570 0.0014
vn -0.0000 -1.0000 -0.0000
vn 0.9955 -0.0942 -0.0014
vn -0.9956 -0.0932 -0.0014
vn 0.9965 0.0832 -0.0014
vn -0.9966 0.0824 -0.0014
vn -0.0312 -0.0000 0.9995
vn 0.0312 -0.0000 0.9995
vn -0.0000 -0.0621 0.9981
vn 0.0301 0.0035 -0.9995
vn -0.0300 0.0036 -0.9995
vn -0.0000 0.0621 -0.9981
vn -0.0576 -0.9983 0.0002
vn 0.0570 -0.9984 0.0002
vn 0.0321 -0.0036 -0.9995
vn -0.0321 -0.0036 -0.9995
vn -0.0576 0.9983 0.0002
vn 0.0570 0.9984 0.0002
vt 0.605492 -0.837237
vt 0.394508 -0.837237
vt 0.394508 1.837014
vt 0.605492 1.837014
vt 0.612294 -0.837237
vt 0.498210 -0.837237
vt 0.498210 1.837014
vt 0.612294 1.837014
vt 0.613520 -0.837237
vt 0.613520 1.837014
vt 0.384126 -0.837237
vt 0.384126 1.837014
vt 0.382900 1.837014
vt 0.382900 -0.837237
vt 0.591196 -0.836982
vt 0.591196 1.837269
vt 0.408803 1.837269
vt 0.408803 -0.836982
vt 0.612911 -0.837046
vt 0.612911 1.837205
vt 0.505370 1.837269
vt 0.505370 -0.836982
vt 0.505370 -0.836982
vt 0.505370 1.837269
vt 0.614131 1.837205
vt 0.614131 -0.837046
vt 0.383509 -0.837046
vt 0.383509 1.837205
vt 0.382289 -0.837046
vt 0.382289 1.837205
vt 0.613520 0.394508
vt 0.498210 0.394508
vt 0.505370 0.408803
vt 0.614131 0.405208
vt 0.498210 0.605492
vt 0.612294 0.605492
vt 0.612911 0.594793
vt 0.505370 0.591196
vt 0.613520 0.381343
vt 0.614131 0.392042
vt 0.612294 0.618657
vt 0.612911 0.607958
vt 0.618657 1.837014
vt 0.607958 1.837205
vt 0.594793 -0.837046
vt 0.381343 1.837014
vt 0.405208 -0.837046
vt 0.392042 1.837205
vt 0.382900 0.394508
vt 0.382289 0.405208
vt 0.384126 0.605492
vt 0.383509 0.594793
vt 0.382900 0.381343
vt 0.382289 0.392042
vt 0.384126 0.618657
vt 0.383509 0.607958
s 0
f 764/1120/735 761/1121/735 765/1122/735 768/1123/735
f 763/1124/736 764/1125/736 768/1126/736 767/1127/736
f 761/1125/737 762/1128/737 766/1129/737 765/1126/737
f 770/1130/738 772/1131/738 768/1126/738 764/1125/738
f 761/1125/739 765/1126/739 771/1132/739 769/1133/739
f 776/1134/740 780/1135/740 777/1136/740 773/1137/740
f 775/1138/741 779/1139/741 780/1140/741 776/1141/741
f 773/1142/742 777/1143/742 778/1144/742 774/1145/742
f 782/1146/743 776/1141/743 780/1140/743 784/1147/743
f 773/1142/744 781/1148/744 783/1149/744 777/1143/744
f 762/1150/745 761/1151/745 773/1152/745 774/1153/745
f 764/1154/746 763/1155/746 775/1156/746 776/1157/746
f 761/1151/747 764/1154/747 776/1157/747 773/1152/747
f 765/1151/748 766/1158/748 778/1159/748 777/1152/748
f 767/1160/749 768/1154/749 780/1157/749 779/1161/749
f 768/1154/750 765/1151/750 777/1152/750 780/1157/750
f 763/1120/751 767/1162/751 779/1163/751 775/1164/751
f 766/1165/752 762/1121/752 774/1166/752 778/1167/752
f 761/1151/745 769/1168/745 781/1169/745 773/1152/745
f 770/1170/746 764/1154/746 776/1157/746 782/1171/746
f 771/1172/753 765/1151/753 777/1152/753 783/1173/753
f 768/1154/754 772/1174/754 784/1175/754 780/1157/754
f 772/1162/755 770/1120/755 782/1164/755 784/1163/755
f 769/1121/756 771/1165/756 783/1167/756 781/1166/756
o Cube.013
v -7.085365 10.159272 0.059542
v -7.085365 10.165394 0.065663
v -7.091486 10.165394 0.059542
v -7.085365 10.161065 0.063870
v -7.088900 10.161860 0.063076
v -7.089694 10.165394 0.063870
v -7.089694 10.161065 0.059542
v -7.085365 10.615792 0.065663
v -7.085365 10.621913 0.059542
v -7.091486 10.615792 0.059542
v -7.085365 10.620120 0.063870
v -7.088900 10.619326 0.063076
v -7.089694 10.620120 0.059542
v -7.089694 10.615792 0.063870
v -7.085365 10.159272 -0.218425
v -7.091486 10.165394 -0.218425
v -7.085365 10.165394 -0.224546
v -7.089694 10.161065 -0.218425
v -7.088900 10.161860 -0.221959
v -7.089694 10.165394 -0.222753
v -7.085365 10.161065 -0.222753
v -7.085365 10.621913 -0.218425
v -7.085365 10.615792 -0.224546
v -7.091486 10.615792 -0.218425
v -7.085365 10.620120 -0.222753
v -7.088900 10.619326 -0.221959
v -7.089694 10.615792 -0.222753
v -7.089694 10.620120 -0.218425
v -6.807399 10.159272 0.059542
v -6.801278 10.165394 0.059542
v -6.807399 10.165394 0.065663
v -6.803070 10.161065 0.059542
v -6.803864 10.161860 0.063076
v -6.803070 10.165394 0.063870
v -6.807399 10.161065 0.063870
v -6.807399 10.621913 0.059542
v -6.807399 10.615792 0.065663
v -6.801278 10.615792 0.059542
v -6.807399 10.620120 0.063870
v -6.803864 10.619326 0.063076
v -6.803070 10.615792 0.063870
v -6.803070 10.620120 0.059542
v -6.807399 10.159272 -0.218425
v -6.807399 10.165394 -0.224546
v -6.801278 10.165394 -0.218425
v -6.807399 10.161065 -0.222753
v -6.803864 10.161860 -0.221959
v -6.803070 10.165394 -0.222753
v -6.803070 10.161065 -0.218425
v -6.807399 10.621913 -0.218425
v -6.801278 10.615792 -0.218425
v -6.807399 10.615792 -0.224546
v -6.803070 10.620120 -0.218425
v -6.803864 10.619326 -0.221959
v -6.803070 10.615792 -0.222753
v -6.807399 10.620120 -0.222753
vn -0.1794 -0.9673 0.1794
vn -0.1794 -0.1794 0.9673
vn -0.9673 -0.1794 0.1794
vn -0.1726 -0.6965 0.6965
vn -0.5773 -0.5773 0.5774
vn -0.6965 -0.1726 0.6965
vn -0.6965 -0.6965 0.1726
vn -0.1794 0.1794 0.9673
vn -0.1794 0.9673 0.1794
vn -0.9673 0.1794 0.1794
vn -0.1726 0.6965 0.6965
vn -0.5773 0.5773 0.5774
vn -0.6965 0.6965 0.1726
vn -0.6965 0.1726 0.6965
vn -0.1794 -0.9673 -0.1794
vn -0.9673 -0.1794 -0.1794
vn -0.1794 -0.1794 -0.9673
vn -0.6965 -0.6965 -0.1726
vn -0.5773 -0.5773 -0.5774
vn -0.6965 -0.1726 -0.6965
vn -0.1726 -0.6965 -0.6965
vn -0.1794 0.9673 -0.1794
vn -0.1794 0.1794 -0.9673
vn -0.9673 0.1794 -0.1794
vn -0.1726 0.6965 -0.6965
vn -0.5773 0.5773 -0.5774
vn -0.6965 0.1726 -0.6965
vn -0.6965 0.6965 -0.1726
vn 0.1794 -0.9673 0.1794
vn 0.9673 -0.1794 0.1794
vn 0.1794 -0.1794 0.9673
vn 0.6965 -0.6965 0.1726
vn 0.5773 -0.5773 0.5774
vn 0.6965 -0.1726 0.6965
vn 0.1726 -0.6965 0.6965
vn 0.1794 0.9673 0.1794
vn 0.1794 0.1794 0.9673
vn 0.9673 0.1794 0.1794
vn 0.1726 0.6965 0.6965
vn 0.5773 0.5773 0.5774
vn 0.6965 0.1726 0.6965
vn 0.6965 0.6965 0.1726
vn 0.1794 -0.9673 -0.1794
vn 0.1794 -0.1794 -0.9673
vn 0.9673 -0.1794 -0.1794
vn 0.1726 -0.6965 -0.6965
vn 0.5773 -0.5773 -0.5774
vn 0.6965 -0.1726 -0.6965
vn 0.6965 -0.6965 -0.1726
vn 0.1794 0.9673 -0.1794
vn 0.9673 0.1794 -0.1794
vn 0.1794 0.1794 -0.9673
vn 0.6965 0.6965 -0.1726
vn 0.5773 0.5773 -0.5774
vn 0.6965 0.1726 -0.6965
vn 0.1726 0.6965 -0.6965
vt 0.638983 0.274801
vt 0.638983 0.725199
vt 0.361017 0.725199
vt 0.361017 0.274801
vt 0.638984 0.274801
vt 0.638984 0.725199
vt 0.361016 0.725199
vt 0.361016 0.274801
vt 0.638983 0.638984
vt 0.361017 0.638984
vt 0.361017 0.361016
vt 0.638983 0.361016
vt 0.361017 0.356688
vt 0.357483 0.357482
vt 0.356688 0.361016
vt 0.356688 0.274801
vt 0.357483 0.271267
vt 0.361017 0.270472
vt 0.361016 0.270472
vt 0.357482 0.271267
vt 0.356688 0.274801
vt 0.361017 0.729528
vt 0.357483 0.728733
vt 0.356688 0.725199
vt 0.356688 0.725199
vt 0.357482 0.728733
vt 0.361016 0.729528
vt 0.356688 0.638984
vt 0.357483 0.642518
vt 0.361017 0.643312
vt 0.643312 0.274801
vt 0.642518 0.271267
vt 0.638984 0.270472
vt 0.638984 0.729528
vt 0.642518 0.728733
vt 0.643312 0.725199
vt 0.643312 0.361016
vt 0.642517 0.357482
vt 0.638983 0.356688
vt 0.638983 0.270472
vt 0.642517 0.271267
vt 0.643312 0.274801
vt 0.643312 0.725199
vt 0.642517 0.728733
vt 0.638983 0.729528
vt 0.638983 0.643312
vt 0.642517 0.642518
vt 0.643312 0.638984
s 1
f 815/1176/787 821/1177/793 792/1178/764 786/1179/758
f 829/1180/801 835/1181/807 822/1182/794 814/1183/786
f 834/1184/806 806/1185/778 793/1186/765 820/1187/792
f 787/1183/759 794/1182/766 808/1181/780 800/1180/772
f 801/1179/773 807/1178/779 836/1177/808 828/1176/800
f 785/1186/757 788/1188/760 789/1189/761 791/1190/763
f 786/1179/758 790/1191/762 789/1192/761 788/1193/760
f 787/1183/759 791/1194/763 789/1195/761 790/1196/762
f 792/1178/764 795/1197/767 796/1198/768 798/1199/770
f 793/1186/765 797/1190/769 796/1189/768 795/1188/767
f 794/1182/766 798/1200/770 796/1201/768 797/1202/769
f 799/1185/771 802/1203/774 803/1204/775 805/1205/777
f 800/1180/772 804/1206/776 803/1207/775 802/1208/774
f 801/1179/773 805/1193/777 803/1192/775 804/1191/776
f 806/1185/778 809/1205/781 810/1204/782 812/1203/784
f 807/1178/779 811/1199/783 810/1198/782 809/1197/781
f 808/1181/780 812/1209/784 810/1210/782 811/1211/783
f 813/1187/785 816/1212/788 817/1213/789 819/1214/791
f 814/1183/786 818/1196/790 817/1195/789 816/1194/788
f 815/1176/787 819/1215/791 817/1216/789 818/1217/790
f 820/1187/792 823/1214/795 824/1213/796 826/1212/798
f 821/1177/793 825/1218/797 824/1219/796 823/1220/795
f 822/1182/794 826/1202/798 824/1201/796 825/1200/797
f 827/1184/799 830/1221/802 831/1222/803 833/1223/805
f 828/1176/800 832/1217/804 831/1216/803 830/1215/802
f 829/1180/801 833/1208/805 831/1207/803 832/1206/804
f 834/1184/806 837/1223/809 838/1222/810 840/1221/812
f 835/1181/807 839/1211/811 838/1210/810 837/1209/809
f 836/1177/808 840/1220/812 838/1219/810 839/1218/811
f 799/1185/771 785/1186/757 791/1190/763 802/1203/774
f 802/1208/774 791/1194/763 787/1183/759 800/1180/772
f 786/1179/758 792/1178/764 798/1199/770 790/1191/762
f 790/1196/762 798/1200/770 794/1182/766 787/1183/759
f 793/1186/765 806/1185/778 812/1203/784 797/1190/769
f 797/1202/769 812/1209/784 808/1181/780 794/1182/766
f 807/1178/779 801/1179/773 804/1191/776 811/1199/783
f 811/1211/783 804/1206/776 800/1180/772 808/1181/780
f 827/1184/799 799/1185/771 805/1205/777 830/1221/802
f 830/1215/802 805/1193/777 801/1179/773 828/1176/800
f 806/1185/778 834/1184/806 840/1221/812 809/1205/781
f 809/1197/781 840/1220/812 836/1177/808 807/1178/779
f 835/1181/807 829/1180/801 832/1206/804 839/1211/811
f 839/1218/811 832/1217/804 828/1176/800 836/1177/808
f 813/1187/785 827/1184/799 833/1223/805 816/1212/788
f 816/1194/788 833/1208/805 829/1180/801 814/1183/786
f 834/1184/806 820/1187/792 826/1212/798 837/1223/809
f 837/1209/809 826/1202/798 822/1182/794 835/1181/807
f 821/1177/793 815/1176/787 818/1217/790 825/1218/797
f 825/1200/797 818/1196/790 814/1183/786 822/1182/794
f 785/1186/757 813/1187/785 819/1214/791 788/1188/760
f 788/1193/760 819/1215/791 815/1176/787 786/1179/758
f 820/1187/792 793/1186/765 795/1188/767 823/1214/795
f 823/1220/795 795/1197/767 792/1178/764 821/1177/793
f 799/1185/771 827/1184/799 813/1187/785 785/1186/757
o Cube.014
v -7.085365 10.159272 -4.190347
v -7.085365 10.165394 -4.184226
v -7.091486 10.165394 -4.190347
v -7.085365 10.161065 -4.186019
v -7.088900 10.161860 -4.186813
v -7.089694 10.165394 -4.186019
v -7.089694 10.161065 -4.190347
v -7.085365 10.615792 -4.184226
v -7.085365 10.621913 -4.190347
v -7.091486 10.615792 -4.190347
v -7.085365 10.620120 -4.186019
v -7.088900 10.619326 -4.186813
v -7.089694 10.620120 -4.190347
v -7.089694 10.615792 -4.186019
v -7.085365 10.159272 -4.468315
v -7.091486 10.165394 -4.468315
v -7.085365 10.165394 -4.474435
v -7.089694 10.161065 -4.468315
v -7.088900 10.161860 -4.471848
v -7.089694 10.165394 -4.472643
v -7.085365 10.161065 -4.472643
v -7.085365 10.621913 -4.468315
v -7.085365 10.615792 -4.474435
v -7.091486 10.615792 -4.468315
v -7.085365 10.620120 -4.472643
v -7.088900 10.619326 -4.471848
v -7.089694 10.615792 -4.472643
v -7.089694 10.620120 -4.468315
v -6.807399 10.159272 -4.190347
v -6.801278 10.165394 -4.190347
v -6.807399 10.165394 -4.184226
v -6.803070 10.161065 -4.190347
v -6.803864 10.161860 -4.186813
v -6.803070 10.165394 -4.186019
v -6.807399 10.161065 -4.186019
v -6.807399 10.621913 -4.190347
v -6.807399 10.615792 -4.184226
v -6.801278 10.615792 -4.190347
v -6.807399 10.620120 -4.186019
v -6.803864 10.619326 -4.186813
v -6.803070 10.615792 -4.186019
v -6.803070 10.620120 -4.190347
v -6.807399 10.159272 -4.468315
v -6.807399 10.165394 -4.474435
v -6.801278 10.165394 -4.468315
v -6.807399 10.161065 -4.472643
v -6.803864 10.161860 -4.471848
v -6.803070 10.165394 -4.472643
v -6.803070 10.161065 -4.468315
v -6.807399 10.621913 -4.468315
v -6.801278 10.615792 -4.468315
v -6.807399 10.615792 -4.474435
v -6.803070 10.620120 -4.468315
v -6.803864 10.619326 -4.471848
v -6.803070 10.615792 -4.472643
v -6.807399 10.620120 -4.472643
vn -0.1794 -0.9673 0.1794
vn -0.1794 -0.1794 0.9673
vn -0.9673 -0.1794 0.1794
vn -0.1726 -0.6965 0.6965
vn -0.5773 -0.5773 0.5774
vn -0.6965 -0.1726 0.6965
vn -0.6965 -0.6965 0.1726
vn -0.1794 0.1794 0.9673
vn -0.1794 0.9673 0.1794
vn -0.9673 0.1794 0.1794
vn -0.1726 0.6965 0.6965
vn -0.5773 0.5773 0.5774
vn -0.6965 0.6965 0.1726
vn -0.6965 0.1726 0.6965
vn -0.1794 -0.9673 -0.1794
vn -0.9673 -0.1794 -0.1794
vn -0.1794 -0.1794 -0.9673
vn -0.6965 -0.6965 -0.1726
vn -0.5773 -0.5773 -0.5774
vn -0.6965 -0.1726 -0.6965
vn -0.1726 -0.6965 -0.6965
vn -0.1794 0.9673 -0.1794
vn -0.1794 0.1794 -0.9673
vn -0.9673 0.1794 -0.1794
vn -0.1726 0.6965 -0.6965
vn -0.5773 0.5773 -0.5774
vn -0.6965 0.1726 -0.6965
vn -0.6965 0.6965 -0.1726
vn 0.1794 -0.9673 0.1794
vn 0.9673 -0.1794 0.1794
vn 0.1794 -0.1794 0.9673
vn 0.6965 -0.6965 0.1726
vn 0.5773 -0.5773 0.5774
vn 0.6965 -0.1726 0.6965
vn 0.1726 -0.6965 0.6965
vn 0.1794 0.9673 0.1794
vn 0.1794 0.1794 0.9673
vn 0.9673 0.1794 0.1794
vn 0.1726 0.6965 0.6965
vn 0.5773 0.5773 0.5774
vn 0.6965 0.1726 0.6965
vn 0.6965 0.6965 0.1726
vn 0.1794 -0.9673 -0.1794
vn 0.1794 -0.1794 -0.9673
vn 0.9673 -0.1794 -0.1794
vn 0.1726 -0.6965 -0.6965
vn 0.5773 -0.5773 -0.5774
vn 0.6965 -0.1726 -0.6965
vn 0.6965 -0.6965 -0.1726
vn 0.1794 0.9673 -0.1794
vn 0.9673 0.1794 -0.1794
vn 0.1794 0.1794 -0.9673
vn 0.6965 0.6965 -0.1726
vn 0.5773 0.5773 -0.5774
vn 0.6965 0.1726 -0.6965
vn 0.1726 0.6965 -0.6965
vt 0.638983 0.274801
vt 0.638983 0.725199
vt 0.361017 0.725199
vt 0.361017 0.274801
vt 0.638984 0.274801
vt 0.638984 0.725199
vt 0.361016 0.725199
vt 0.361016 0.274801
vt 0.638983 0.638984
vt 0.361017 0.638984
vt 0.361017 0.361016
vt 0.638983 0.361016
vt 0.361017 0.356688
vt 0.357483 0.357482
vt 0.356688 0.361016
vt 0.356688 0.274801
vt 0.357483 0.271267
vt 0.361017 0.270472
vt 0.361016 0.270472
vt 0.357482 0.271267
vt 0.356688 0.274801
vt 0.361017 0.729528
vt 0.357483 0.728733
vt 0.356688 0.725199
vt 0.356688 0.725199
vt 0.357482 0.728733
vt 0.361016 0.729528
vt 0.356688 0.638984
vt 0.357483 0.642518
vt 0.361017 0.643312
vt 0.643312 0.274801
vt 0.642518 0.271267
vt 0.638984 0.270472
vt 0.638984 0.729528
vt 0.642518 0.728733
vt 0.643312 0.725199
vt 0.643312 0.361016
vt 0.642517 0.357482
vt 0.638983 0.356688
vt 0.638983 0.270472
vt 0.642517 0.271267
vt 0.643312 0.274801
vt 0.643312 0.725199
vt 0.642517 0.728733
vt 0.638983 0.729528
vt 0.638983 0.643312
vt 0.642517 0.642518
vt 0.643312 0.638984
s 1
f 871/1224/843 877/1225/849 848/1226/820 842/1227/814
f 885/1228/857 891/1229/863 878/1230/850 870/1231/842
f 890/1232/862 862/1233/834 849/1234/821 876/1235/848
f 843/1231/815 850/1230/822 864/1229/836 856/1228/828
f 857/1227/829 863/1226/835 892/1225/864 884/1224/856
f 841/1234/813 844/1236/816 845/1237/817 847/1238/819
f 842/1227/814 846/1239/818 845/1240/817 844/1241/816
f 843/1231/815 847/1242/819 845/1243/817 846/1244/818
f 848/1226/820 851/1245/823 852/1246/824 854/1247/826
f 849/1234/821 853/1238/825 852/1237/824 851/1236/823
f 850/1230/822 854/1248/826 852/1249/824 853/1250/825
f 855/1233/827 858/1251/830 859/1252/831 861/1253/833
f 856/1228/828 860/1254/832 859/1255/831 858/1256/830
f 857/1227/829 861/1241/833 859/1240/831 860/1239/832
f 862/1233/834 865/1253/837 866/1252/838 868/1251/840
f 863/1226/835 867/1247/839 866/1246/838 865/1245/837
f 864/1229/836 868/1257/840 866/1258/838 867/1259/839
f 869/1235/841 872/1260/844 873/1261/845 875/1262/847
f 870/1231/842 874/1244/846 873/1243/845 872/1242/844
f 871/1224/843 875/1263/847 873/1264/845 874/1265/846
f 876/1235/848 879/1262/851 880/1261/852 882/1260/854
f 877/1225/849 881/1266/853 880/1267/852 879/1268/851
f 878/1230/850 882/1250/854 880/1249/852 881/1248/853
f 883/1232/855 886/1269/858 887/1270/859 889/1271/861
f 884/1224/856 888/1265/860 887/1264/859 886/1263/858
f 885/1228/857 889/1256/861 887/1255/859 888/1254/860
f 890/1232/862 893/1271/865 894/1270/866 896/1269/868
f 891/1229/863 895/1259/867 894/1258/866 893/1257/865
f 892/1225/864 896/1268/868 894/1267/866 895/1266/867
f 855/1233/827 841/1234/813 847/1238/819 858/1251/830
f 858/1256/830 847/1242/819 843/1231/815 856/1228/828
f 842/1227/814 848/1226/820 854/1247/826 846/1239/818
f 846/1244/818 854/1248/826 850/1230/822 843/1231/815
f 849/1234/821 862/1233/834 868/1251/840 853/1238/825
f 853/1250/825 868/1257/840 864/1229/836 850/1230/822
f 863/1226/835 857/1227/829 860/1239/832 867/1247/839
f 867/1259/839 860/1254/832 856/1228/828 864/1229/836
f 883/1232/855 855/1233/827 861/1253/833 886/1269/858
f 886/1263/858 861/1241/833 857/1227/829 884/1224/856
f 862/1233/834 890/1232/862 896/1269/868 865/1253/837
f 865/1245/837 896/1268/868 892/1225/864 863/1226/835
f 891/1229/863 885/1228/857 888/1254/860 895/1259/867
f 895/1266/867 888/1265/860 884/1224/856 892/1225/864
f 869/1235/841 883/1232/855 889/1271/861 872/1260/844
f 872/1242/844 889/1256/861 885/1228/857 870/1231/842
f 890/1232/862 876/1235/848 882/1260/854 893/1271/865
f 893/1257/865 882/1250/854 878/1230/850 891/1229/863
f 877/1225/849 871/1224/843 874/1265/846 881/1266/853
f 881/1248/853 874/1244/846 870/1231/842 878/1230/850
f 841/1234/813 869/1235/841 875/1262/847 844/1236/816
f 844/1241/816 875/1263/847 871/1224/843 842/1227/814
f 876/1235/848 849/1234/821 851/1236/823 879/1262/851
f 879/1268/851 851/1245/823 848/1226/820 877/1225/849
f 855/1233/827 883/1232/855 869/1235/841 841/1234/813
o Plane.033
v -4.565118 10.415854 -0.087256
v -4.565118 10.308264 -0.087256
v -4.761977 10.309408 -0.087256
v -4.761977 10.415854 -0.087256
v -4.565118 10.415854 -4.440935
v -4.552835 10.308264 -4.440935
v -4.774261 10.309408 -4.440935
v -4.761977 10.415854 -4.440935
v -4.565118 10.523444 -0.087256
v -4.761977 10.522300 -0.087256
v -4.552835 10.523444 -4.440935
v -4.774261 10.522300 -4.440935
v -4.578457 10.409174 -0.087672
v -4.575102 10.307694 -0.087567
v -4.751993 10.308832 -0.087567
v -4.748638 10.409173 -0.087672
v -4.578457 10.409174 -4.441351
v -4.562818 10.307694 -4.441247
v -4.764277 10.308832 -4.441247
v -4.748638 10.409173 -4.441351
v -4.575102 10.524014 -0.087567
v -4.751993 10.522876 -0.087567
v -4.562818 10.524014 -4.441247
v -4.764277 10.522876 -4.441247
vn -0.0000 1.0000 -0.0000
vn -0.9983 0.0576 0.0014
vn 0.9984 0.0570 0.0014
vn -0.9983 -0.0576 0.0014
vn 0.9984 -0.0570 0.0014
vn -0.0000 -1.0000 -0.0000
vn 0.9955 -0.0942 -0.0014
vn -0.9956 -0.0932 -0.0014
vn 0.9965 0.0832 -0.0014
vn -0.9966 0.0824 -0.0014
vn -0.0312 -0.0000 0.9995
vn 0.0312 -0.0000 0.9995
vn -0.0000 -0.0621 0.9981
vn 0.0301 0.0035 -0.9995
vn -0.0300 0.0036 -0.9995
vn -0.0000 0.0621 -0.9981
vn -0.0576 -0.9983 0.0002
vn 0.0570 -0.9984 0.0002
vn 0.0321 -0.0036 -0.9995
vn -0.0321 -0.0036 -0.9995
vn -0.0576 0.9983 0.0002
vn 0.0570 0.9984 0.0002
vt 0.605492 -0.837237
vt 0.394508 -0.837237
vt 0.394508 1.837014
vt 0.605492 1.837014
vt 0.612294 -0.837237
vt 0.498210 -0.837237
vt 0.498210 1.837014
vt 0.612294 1.837014
vt 0.613520 -0.837237
vt 0.613520 1.837014
vt 0.384126 -0.837237
vt 0.384126 1.837014
vt 0.382900 1.837014
vt 0.382900 -0.837237
vt 0.591196 -0.836982
vt 0.591196 1.837269
vt 0.408803 1.837269
vt 0.408803 -0.836982
vt 0.612911 -0.837046
vt 0.612911 1.837205
vt 0.505370 1.837269
vt 0.505370 -0.836982
vt 0.505370 -0.836982
vt 0.505370 1.837269
vt 0.614131 1.837205
vt 0.614131 -0.837046
vt 0.383509 -0.837046
vt 0.383509 1.837205
vt 0.382289 -0.837046
vt 0.382289 1.837205
vt 0.613520 0.394508
vt 0.498210 0.394508
vt 0.505370 0.408803
vt 0.614131 0.405208
vt 0.498210 0.605492
vt 0.612294 0.605492
vt 0.612911 0.594793
vt 0.505370 0.591196
vt 0.613520 0.381343
vt 0.614131 0.392042
vt 0.612294 0.618657
vt 0.612911 0.607958
vt 0.618657 1.837014
vt 0.607958 1.837205
vt 0.594793 -0.837046
vt 0.381343 1.837014
vt 0.405208 -0.837046
vt 0.392042 1.837205
vt 0.382900 0.394508
vt 0.382289 0.405208
vt 0.384126 0.605492
vt 0.383509 0.594793
vt 0.382900 0.381343
vt 0.382289 0.392042
vt 0.384126 0.618657
vt 0.383509 0.607958
s 0
f 900/1272/869 897/1273/869 901/1274/869 904/1275/869
f 899/1276/870 900/1277/870 904/1278/870 903/1279/870
f 897/1277/871 898/1280/871 902/1281/871 901/1278/871
f 906/1282/872 908/1283/872 904/1278/872 900/1277/872
f 897/1277/873 901/1278/873 907/1284/873 905/1285/873
f 912/1286/874 916/1287/874 913/1288/874 909/1289/874
f 911/1290/875 915/1291/875 916/1292/875 912/1293/875
f 909/1294/876 913/1295/876 914/1296/876 910/1297/876
f 918/1298/877 912/1293/877 916/1292/877 920/1299/877
f 909/1294/878 917/1300/878 919/1301/878 913/1295/878
f 898/1302/879 897/1303/879 909/1304/879 910/1305/879
f 900/1306/880 899/1307/880 911/1308/880 912/1309/880
f 897/1303/881 900/1306/881 912/1309/881 909/1304/881
f 901/1303/882 902/1310/882 914/1311/882 913/1304/882
f 903/1312/883 904/1306/883 916/1309/883 915/1313/883
f 904/1306/884 901/1303/884 913/1304/884 916/1309/884
f 899/1272/885 903/1314/885 915/1315/885 911/1316/885
f 902/1317/886 898/1273/886 910/1318/886 914/1319/886
f 897/1303/879 905/1320/879 917/1321/879 909/1304/879
f 906/1322/880 900/1306/880 912/1309/880 918/1323/880
f 907/1324/887 901/1303/887 913/1304/887 919/1325/887
f 904/1306/888 908/1326/888 920/1327/888 916/1309/888
f 908/1314/889 906/1272/889 918/1316/889 920/1315/889
f 905/1273/890 907/1317/890 919/1319/890 917/1318/890
o Plane.064
v -4.570318 7.858682 -4.230736
v -4.568832 7.966137 -4.235909
v -4.569767 7.955541 -4.432483
v -4.571238 7.849229 -4.427365
v -7.065257 7.893665 -4.220754
v -7.063714 8.001711 -4.213657
v -7.064764 7.989934 -4.434771
v -7.066176 7.884212 -4.417383
v -4.571805 7.751226 -4.225564
v -4.572708 7.742917 -4.422247
v -7.066686 7.786800 -4.203311
v -7.067704 7.777310 -4.424535
v -4.570527 7.864717 -4.244380
v -4.569049 7.966229 -4.245908
v -4.569891 7.956598 -4.422539
v -4.571321 7.856545 -4.414363
v -7.065465 7.899700 -4.234397
v -7.063931 8.001802 -4.223656
v -7.064888 7.990992 -4.424826
v -7.066260 7.891529 -4.404380
v -4.572037 7.750180 -4.235507
v -4.572847 7.742823 -4.412248
v -7.066919 7.785754 -4.213255
v -7.067844 7.777217 -4.414535
vn -0.0138 -0.9987 0.0481
vn -0.0030 -0.1055 -0.9944
vn 0.0063 -0.0090 0.9999
vn -0.0014 0.0096 -1.0000
vn 0.0079 0.1048 0.9945
vn 0.0138 0.9987 -0.0481
vn 0.0035 0.1420 0.9899
vn -0.0058 0.0453 -0.9990
vn 0.0011 -0.0352 0.9994
vn -0.0082 -0.1301 -0.9915
vn 0.9997 -0.0149 -0.0218
vn 0.9998 -0.0132 0.0138
vn 0.9998 0.0216 -0.0057
vn -0.9997 0.0128 0.0213
vn -0.9999 0.0112 -0.0131
vn -0.9998 -0.0216 0.0057
vn 0.0138 0.9943 -0.1055
vn 0.0143 0.9999 0.0089
vn -0.9996 0.0169 0.0223
vn -0.9998 0.0152 -0.0145
vn -0.0138 -0.9999 -0.0095
vn -0.0132 -0.9944 0.1049
vt 0.605492 -0.837237
vt 0.394508 -0.837237
vt 0.394508 1.837014
vt 0.605492 1.837014
vt 0.612294 -0.837237
vt 0.498210 -0.837237
vt 0.498210 1.837014
vt 0.612294 1.837014
vt 0.613520 -0.837237
vt 0.613520 1.837014
vt 0.384126 -0.837237
vt 0.384126 1.837014
vt 0.382900 1.837014
vt 0.382900 -0.837237
vt 0.591196 -0.836982
vt 0.591196 1.837269
vt 0.408803 1.837269
vt 0.408803 -0.836982
vt 0.612911 -0.837046
vt 0.612911 1.837205
vt 0.505370 1.837269
vt 0.505370 -0.836982
vt 0.505370 -0.836982
vt 0.505370 1.837269
vt 0.614131 1.837205
vt 0.614131 -0.837046
vt 0.383509 -0.837046
vt 0.383509 1.837205
vt 0.382289 -0.837046
vt 0.382289 1.837205
vt 0.613520 0.394508
vt 0.498210 0.394508
vt 0.505370 0.408803
vt 0.614131 0.405208
vt 0.498210 0.605492
vt 0.612294 0.605492
vt 0.612911 0.594793
vt 0.505370 0.591196
vt 0.613520 0.381343
vt 0.614131 0.392042
vt 0.612294 0.618657
vt 0.612911 0.607958
vt 0.618657 1.837014
vt 0.607958 1.837205
vt 0.594793 -0.837046
vt 0.381343 1.837014
vt 0.405208 -0.837046
vt 0.392042 1.837205
vt 0.382900 0.394508
vt 0.382289 0.405208
vt 0.384126 0.605492
vt 0.383509 0.594793
vt 0.382900 0.381343
vt 0.382289 0.392042
vt 0.384126 0.618657
vt 0.383509 0.607958
s 0
f 924/1328/891 921/1329/891 925/1330/891 928/1331/891
f 923/1332/892 924/1333/892 928/1334/892 927/1335/892
f 921/1333/893 922/1336/893 926/1337/893 925/1334/893
f 930/1338/894 932/1339/894 928/1334/894 924/1333/894
f 921/1333/895 925/1334/895 931/1340/895 929/1341/895
f 936/1342/896 940/1343/896 937/1344/896 933/1345/896
f 935/1346/897 939/1347/897 940/1348/897 936/1349/897
f 933/1350/898 937/1351/898 938/1352/898 934/1353/898
f 942/1354/899 936/1349/899 940/1348/899 944/1355/899
f 933/1350/900 941/1356/900 943/1357/900 937/1351/900
f 922/1358/901 921/1359/901 933/1360/901 934/1361/901
f 924/1362/902 923/1363/902 935/1364/902 936/1365/902
f 921/1359/903 924/1362/903 936/1365/903 933/1360/903
f 925/1359/904 926/1366/904 938/1367/904 937/1360/904
f 927/1368/905 928/1362/905 940/1365/905 939/1369/905
f 928/1362/906 925/1359/906 937/1360/906 940/1365/906
f 923/1328/907 927/1370/907 939/1371/907 935/1372/907
f 926/1373/908 922/1329/908 934/1374/908 938/1375/908
f 921/1359/901 929/1376/901 941/1377/901 933/1360/901
f 930/1378/902 924/1362/902 936/1365/902 942/1379/902
f 931/1380/909 925/1359/909 937/1360/909 943/1381/909
f 928/1362/910 932/1382/910 944/1383/910 940/1365/910
f 932/1370/911 930/1328/911 942/1372/911 944/1371/911
f 929/1329/912 931/1373/912 943/1375/912 941/1374/912
o Plane.065
v -7.066032 7.909302 0.000000
v -7.066032 7.801712 0.000000
v -7.066032 7.802857 -0.196858
v -7.066032 7.909302 -0.196858
v -4.570828 7.909302 0.000000
v -4.570828 7.801713 0.012284
v -4.570828 7.802857 -0.209142
v -4.570828 7.909302 -0.196858
v -7.066032 8.016892 0.000000
v -7.066032 8.015748 -0.196858
v -4.570828 8.016892 0.012284
v -4.570828 8.015748 -0.209142
v -7.065794 7.902622 -0.013339
v -7.065854 7.801142 -0.009984
v -7.065854 7.802280 -0.186875
v -7.065794 7.902622 -0.183520
v -4.570590 7.902622 -0.013339
v -4.570650 7.801142 0.002300
v -4.570650 7.802281 -0.199159
v -4.570590 7.902622 -0.183520
v -7.065854 8.017462 -0.009984
v -7.065854 8.016324 -0.186875
v -4.570650 8.017462 0.002300
v -4.570650 8.016324 -0.199159
vn -0.0000 1.0000 -0.0000
vn -0.0025 0.0576 -0.9983
vn -0.0025 0.0570 0.9984
vn -0.0025 -0.0576 -0.9983
vn -0.0025 -0.0570 0.9984
vn -0.0000 -1.0000 -0.0000
vn 0.0025 -0.0942 0.9955
vn 0.0025 -0.0932 -0.9956
vn 0.0025 0.0832 0.9965
vn 0.0025 0.0824 -0.9966
vn -0.9998 -0.0000 -0.0179
vn -0.9998 -0.0000 0.0179
vn -0.9994 -0.0356 -0.0000
vn 0.9998 0.0020 0.0172
vn 0.9998 0.0020 -0.0172
vn 0.9994 0.0356 -0.0000
vn -0.0003 -0.9983 -0.0576
vn -0.0003 -0.9984 0.0570
vn 0.9998 -0.0020 0.0184
vn 0.9998 -0.0021 -0.0184
vn -0.0003 0.9983 -0.0576
vn -0.0003 0.9984 0.0570
vt 0.605492 -0.837237
vt 0.394508 -0.837237
vt 0.394508 1.837014
vt 0.605492 1.837014
vt 0.612294 -0.837237
vt 0.498210 -0.837237
vt 0.498210 1.837014
vt 0.612294 1.837014
vt 0.613520 -0.837237
vt 0.613520 1.837014
vt 0.384126 -0.837237
vt 0.384126 1.837014
vt 0.382900 1.837014
vt 0.382900 -0.837237
vt 0.591196 -0.836982
vt 0.591196 1.837269
vt 0.408803 1.837269
vt 0.408803 -0.836982
vt 0.612911 -0.837046
vt 0.612911 1.837205
vt 0.505370 1.837269
vt 0.505370 -0.836982
vt 0.505370 -0.836982
vt 0.505370 1.837269
vt 0.614131 1.837205
vt 0.614131 -0.837046
vt 0.383509 -0.837046
vt 0.383509 1.837205
vt 0.382289 -0.837046
vt 0.382289 1.837205
vt 0.613520 0.394508
vt 0.498210 0.394508
vt 0.505370 0.408803
vt 0.614131 0.405208
vt 0.498210 0.605492
vt 0.612294 0.605492
vt 0.612911 0.594793
vt 0.505370 0.591196
vt 0.613520 0.381343
vt 0.614131 0.392042
vt 0.612294 0.618657
vt 0.612911 0.607958
vt 0.618657 1.837014
vt 0.607958 1.837205
vt 0.594793 -0.837046
vt 0.381343 1.837014
vt 0.405208 -0.837046
vt 0.392042 1.837205
vt 0.382900 0.394508
vt 0.382289 0.405208
vt 0.384126 0.605492
vt 0.383509 0.594793
vt 0.382900 0.381343
vt 0.382289 0.392042
vt 0.384126 0.618657
vt 0.383509 0.607958
s 0
f 948/1384/913 945/1385/913 949/1386/913 952/1387/913
f 947/1388/914 948/1389/914 952/1390/914 951/1391/914
f 945/1389/915 946/1392/915 950/1393/915 949/1390/915
f 954/1394/916 956/1395/916 952/1390/916 948/1389/916
f 945/1389/917 949/1390/917 955/1396/917 953/1397/917
f 960/1398/918 964/1399/918 961/1400/918 957/1401/918
f 959/1402/919 963/1403/919 964/1404/919 960/1405/919
f 957/1406/920 961/1407/920 962/1408/920 958/1409/920
f 966/1410/921 960/1405/921 964/1404/921 968/1411/921
f 957/1406/922 965/1412/922 967/1413/922 961/1407/922
f 946/1414/923 945/1415/923 957/1416/923 958/1417/923
f 948/1418/924 947/1419/924 959/1420/924 960/1421/924
f 945/1415/925 948/1418/925 960/1421/925 957/1416/925
f 949/1415/926 950/1422/926 962/1423/926 961/1416/926
f 951/1424/927 952/1418/927 964/1421/927 963/1425/927
f 952/1418/928 949/1415/928 961/1416/928 964/1421/928
f 947/1384/929 951/1426/929 963/1427/929 959/1428/929
f 950/1429/930 946/1385/930 958/1430/930 962/1431/930
f 945/1415/923 953/1432/923 965/1433/923 957/1416/923
f 954/1434/924 948/1418/924 960/1421/924 966/1435/924
f 955/1436/931 949/1415/931 961/1416/931 967/1437/931
f 952/1418/932 956/1438/932 968/1439/932 964/1421/932
f 956/1426/933 954/1384/933 966/1428/933 968/1427/933
f 953/1385/934 955/1429/934 967/1431/934 965/1430/934
o Plane.066
v -4.570318 5.217248 -4.230736
v -4.568832 5.324704 -4.235909
v -4.569767 5.314108 -4.432483
v -4.571238 5.207796 -4.427365
v -7.065257 5.252232 -4.220754
v -7.063714 5.360277 -4.213657
v -7.064764 5.348501 -4.434771
v -7.066176 5.242779 -4.417383
v -4.571805 5.109793 -4.225564
v -4.572708 5.101483 -4.422247
v -7.066686 5.145367 -4.203311
v -7.067704 5.135877 -4.424535
v -4.570527 5.223283 -4.244380
v -4.569049 5.324796 -4.245908
v -4.569891 5.315165 -4.422539
v -4.571321 5.215112 -4.414363
v -7.065465 5.258267 -4.234397
v -7.063931 5.360370 -4.223656
v -7.064888 5.349559 -4.424826
v -7.066260 5.250095 -4.404380
v -4.572037 5.108747 -4.235507
v -4.572847 5.101390 -4.412248
v -7.066919 5.144320 -4.213255
v -7.067844 5.135784 -4.414535
vn -0.0138 -0.9987 0.0481
vn -0.0030 -0.1055 -0.9944
vn 0.0063 -0.0090 0.9999
vn -0.0014 0.0096 -1.0000
vn 0.0079 0.1048 0.9945
vn 0.0138 0.9987 -0.0481
vn 0.0035 0.1420 0.9899
vn -0.0058 0.0453 -0.9990
vn 0.0011 -0.0352 0.9994
vn -0.0082 -0.1301 -0.9915
vn 0.9997 -0.0149 -0.0218
vn 0.9998 -0.0132 0.0138
vn 0.9998 0.0216 -0.0057
vn -0.9997 0.0128 0.0213
vn -0.9999 0.0112 -0.0131
vn -0.9998 -0.0216 0.0057
vn 0.0138 0.9943 -0.1055
vn 0.0143 0.9999 0.0089
vn -0.9996 0.0169 0.0223
vn -0.9998 0.0152 -0.0145
vn -0.0138 -0.9999 -0.0095
vn -0.0132 -0.9944 0.1049
vt 0.605492 -0.837237
vt 0.394508 -0.837237
vt 0.394508 1.837014
vt 0.605492 1.837014
vt 0.612294 -0.837237
vt 0.498210 -0.837237
vt 0.498210 1.837014
vt 0.612294 1.837014
vt 0.613520 -0.837237
vt 0.613520 1.837014
vt 0.384126 -0.837237
vt 0.384126 1.837014
vt 0.382900 1.837014
vt 0.382900 -0.837237
vt 0.591196 -0.836982
vt 0.591196 1.837269
vt 0.408803 1.837269
vt 0.408803 -0.836982
vt 0.612911 -0.837046
vt 0.612911 1.837205
vt 0.505370 1.837269
vt 0.505370 -0.836982
vt 0.505370 -0.836982
vt 0.505370 1.837269
vt 0.614131 1.837205
vt 0.614131 -0.837046
vt 0.383509 -0.837046
vt 0.383509 1.837205
vt 0.382289 -0.837046
vt 0.382289 1.837205
vt 0.613520 0.394508
vt 0.498210 0.394508
vt 0.505370 0.408803
vt 0.614131 0.405208
vt 0.498210 0.605492
vt 0.612294 0.605492
vt 0.612911 0.594793
vt 0.505370 0.591196
vt 0.613520 0.381343
vt 0.614131 0.392042
vt 0.612294 0.618657
vt 0.612911 0.607958
vt 0.618657 1.837014
vt 0.607958 1.837205
vt 0.594793 -0.837046
vt 0.381343 1.837014
vt 0.405208 -0.837046
vt 0.392042 1.837205
vt 0.382900 0.394508
vt 0.382289 0.405208
vt 0.384126 0.605492
vt 0.383509 0.594793
vt 0.382900 0.381343
vt 0.382289 0.392042
vt 0.384126 0.618657
vt 0.383509 0.607958
s 0
f 972/1440/935 969/1441/935 973/1442/935 976/1443/935
f 971/1444/936 972/1445/936 976/1446/936 975/1447/936
f 969/1445/937 970/1448/937 974/1449/937 973/1446/937
f 978/1450/938 980/1451/938 976/1446/938 972/1445/938
f 969/1445/939 973/1446/939 979/1452/939 977/1453/939
f 984/1454/940 988/1455/940 985/1456/940 981/1457/940
f 983/1458/941 987/1459/941 988/1460/941 984/1461/941
f 981/1462/942 985/1463/942 986/1464/942 982/1465/942
f 990/1466/943 984/1461/943 988/1460/943 992/1467/943
f 981/1462/944 989/1468/944 991/1469/944 985/1463/944
f 970/1470/945 969/1471/945 981/1472/945 982/1473/945
f 972/1474/946 971/1475/946 983/1476/946 984/1477/946
f 969/1471/947 972/1474/947 984/1477/947 981/1472/947
f 973/1471/948 974/1478/948 986/1479/948 985/1472/948
f 975/1480/949 976/1474/949 988/1477/949 987/1481/949
f 976/1474/950 973/1471/950 985/1472/950 988/1477/950
f 971/1440/951 975/1482/951 987/1483/951 983/1484/951
f 974/1485/952 970/1441/952 982/1486/952 986/1487/952
f 969/1471/945 977/1488/945 989/1489/945 981/1472/945
f 978/1490/946 972/1474/946 984/1477/946 990/1491/946
f 979/1492/953 973/1471/953 985/1472/953 991/1493/953
f 976/1474/954 980/1494/954 992/1495/954 988/1477/954
f 980/1482/955 978/1440/955 990/1484/955 992/1483/955
f 977/1441/956 979/1485/956 991/1487/956 989/1486/956
o Plane.067
v -7.066032 5.267869 0.000000
v -7.066032 5.160279 0.000000
v -7.066032 5.161424 -0.196858
v -7.066032 5.267869 -0.196858
v -4.570828 5.267869 0.000000
v -4.570828 5.160279 0.012284
v -4.570828 5.161424 -0.209142
v -4.570828 5.267869 -0.196858
v -7.066032 5.375459 0.000000
v -7.066032 5.374314 -0.196858
v -4.570828 5.375459 0.012284
v -4.570828 5.374314 -0.209142
v -7.065794 5.261189 -0.013339
v -7.065854 5.159709 -0.009984
v -7.065854 5.160848 -0.186875
v -7.065794 5.261189 -0.183520
v -4.570590 5.261189 -0.013339
v -4.570650 5.159709 0.002300
v -4.570650 5.160848 -0.199159
v -4.570590 5.261189 -0.183520
v -7.065854 5.376029 -0.009984
v -7.065854 5.374890 -0.186875
v -4.570650 5.376029 0.002300
v -4.570650 5.374890 -0.199159
vn -0.0000 1.0000 -0.0000
vn -0.0025 0.0576 -0.9983
vn -0.0025 0.0570 0.9984
vn -0.0025 -0.0576 -0.9983
vn -0.0025 -0.0570 0.9984
vn -0.0000 -1.0000 -0.0000
vn 0.0025 -0.0942 0.9955
vn 0.0025 -0.0932 -0.9956
vn 0.0025 0.0832 0.9965
vn 0.0025 0.0824 -0.9966
vn -0.9998 -0.0000 -0.0179
vn -0.9998 -0.0000 0.0179
vn -0.9994 -0.0356 -0.0000
vn 0.9998 0.0020 0.0172
vn 0.9998 0.0020 -0.0172
vn 0.9994 0.0356 -0.0000
vn -0.0003 -0.9983 -0.0576
vn -0.0003 -0.9984 0.0570
vn 0.9998 -0.0020 0.0184
vn 0.9998 -0.0021 -0.0184
vn -0.0003 0.9983 -0.0576
vn -0.0003 0.9984 0.0570
vt 0.605492 -0.837237
vt 0.394508 -0.837237
vt 0.394508 1.837014
vt 0.605492 1.837014
vt 0.612294 -0.837237
vt 0.498210 -0.837237
vt 0.498210 1.837014
vt 0.612294 1.837014
vt 0.613520 -0.837237
vt 0.613520 1.837014
vt 0.384126 -0.837237
vt 0.384126 1.837014
vt 0.382900 1.837014
vt 0.382900 -0.837237
vt 0.591196 -0.836982
vt 0.591196 1.837269
vt 0.408803 1.837269
vt 0.408803 -0.836982
vt 0.612911 -0.837046
vt 0.612911 1.837205
vt 0.505370 1.837269
vt 0.505370 -0.836982
vt 0.505370 -0.836982
vt 0.505370 1.837269
vt 0.614131 1.837205
vt 0.614131 -0.837046
vt 0.383509 -0.837046
vt 0.383509 1.837205
vt 0.382289 -0.837046
vt 0.382289 1.837205
vt 0.613520 0.394508
vt 0.498210 0.394508
vt 0.505370 0.408803
vt 0.614131 0.405208
vt 0.498210 0.605492
vt 0.612294 0.605492
vt 0.612911 0.594793
vt 0.505370 0.591196
vt 0.613520 0.381343
vt 0.614131 0.392042
vt 0.612294 0.618657
vt 0.612911 0.607958
vt 0.618657 1.837014
vt 0.607958 1.837205
vt 0.594793 -0.837046
vt 0.381343 1.837014
vt 0.405208 -0.837046
vt 0.392042 1.837205
vt 0.382900 0.394508
vt 0.382289 0.405208
vt 0.384126 0.605492
vt 0.383509 0.594793
vt 0.382900 0.381343
vt 0.382289 0.392042
vt 0.384126 0.618657
vt 0.383509 0.607958
s 0
f 996/1496/957 993/1497/957 997/1498/957 1000/1499/957
f 995/1500/958 996/1501/958 1000/1502/958 999/1503/958
f 993/1501/959 994/1504/959 998/1505/959 997/1502/959
f 1002/1506/960 1004/1507/960 1000/1502/960 996/1501/960
f 993/1501/961 997/1502/961 1003/1508/961 1001/1509/961
f 1008/1510/962 1012/1511/962 1009/1512/962 1005/1513/962
f 1007/1514/963 1011/1515/963 1012/1516/963 1008/1517/963
f 1005/1518/964 1009/1519/964 1010/1520/964 1006/1521/964
f 1014/1522/965 1008/1517/965 1012/1516/965 1016/1523/965
f 1005/1518/966 1013/1524/966 1015/1525/966 1009/1519/966
f 994/1526/967 993/1527/967 1005/1528/967 1006/1529/967
f 996/1530/968 995/1531/968 1007/1532/968 1008/1533/968
f 993/1527/969 996/1530/969 1008/1533/969 1005/1528/969
f 997/1527/970 998/1534/970 1010/1535/970 1009/1528/970
f 999/1536/971 1000/1530/971 1012/1533/971 1011/1537/971
f 1000/1530/972 997/1527/972 1009/1528/972 1012/1533/972
f 995/1496/973 999/1538/973 1011/1539/973 1007/1540/973
f 998/1541/974 994/1497/974 1006/1542/974 1010/1543/974
f 993/1527/967 1001/1544/967 1013/1545/967 1005/1528/967
f 1002/1546/968 996/1530/968 1008/1533/968 1014/1547/968
f 1003/1548/975 997/1527/975 1009/1528/975 1015/1549/975
f 1000/1530/976 1004/1550/976 1016/1551/976 1012/1533/976
f 1004/1538/977 1002/1496/977 1014/1540/977 1016/1539/977
f 1001/1497/978 1003/1541/978 1015/1543/978 1013/1542/978
o Plane.068
v -6.856410 7.929663 -0.087256
v -6.856410 7.822073 -0.087256
v -7.053268 7.823218 -0.087256
v -7.053268 7.929663 -0.087256
v -6.856410 7.929663 -4.440935
v -6.844126 7.822073 -4.440935
v -7.065552 7.823218 -4.440935
v -7.053268 7.929663 -4.440935
v -6.856410 8.037253 -0.087256
v -7.053268 8.036109 -0.087256
v -6.844126 8.037253 -4.440935
v -7.065552 8.036109 -4.440935
v -6.869748 7.922983 -0.087672
v -6.866393 7.821503 -0.087567
v -7.043284 7.822642 -0.087567
v -7.039929 7.922983 -0.087672
v -6.869748 7.922983 -4.441351
v -6.854109 7.821503 -4.441247
v -7.055569 7.822642 -4.441247
v -7.039929 7.922983 -4.441351
v -6.866393 8.037823 -0.087567
v -7.043284 8.036685 -0.087567
v -6.854109 8.037823 -4.441247
v -7.055569 8.036685 -4.441247
vn -0.0000 1.0000 -0.0000
vn -0.9983 0.0576 0.0014
vn 0.9984 0.0570 0.0014
vn -0.9983 -0.0576 0.0014
vn 0.9984 -0.0570 0.0014
vn -0.0000 -1.0000 -0.0000
vn 0.9955 -0.0942 -0.0014
vn -0.9956 -0.0932 -0.0014
vn 0.9965 0.0832 -0.0014
vn -0.9966 0.0824 -0.0014
vn -0.0312 -0.0000 0.9995
vn 0.0312 -0.0000 0.9995
vn -0.0000 -0.0621 0.9981
vn 0.0301 0.0035 -0.9995
vn -0.0300 0.0036 -0.9995
vn -0.0000 0.0621 -0.9981
vn -0.0576 -0.9983 0.0002
vn 0.0570 -0.9984 0.0002
vn 0.0321 -0.0036 -0.9995
vn -0.0321 -0.0036 -0.9995
vn -0.0576 0.9983 0.0002
vn 0.0570 0.9984 0.0002
vt 0.605492 -0.837237
vt 0.394508 -0.837237
vt 0.394508 1.837014
vt 0.605492 1.837014
vt 0.612294 -0.837237
vt 0.498210 -0.837237
vt 0.498210 1.837014
vt 0.612294 1.837014
vt 0.613520 -0.837237
vt 0.613520 1.837014
vt 0.384126 -0.837237
vt 0.384126 1.837014
vt 0.382900 1.837014
vt 0.382900 -0.837237
vt 0.591196 -0.836982
vt 0.591196 1.837269
vt 0.408803 1.837269
vt 0.408803 -0.836982
vt 0.612911 -0.837046
vt 0.612911 1.837205
vt 0.505370 1.837269
vt 0.505370 -0.836982
vt 0.505370 -0.836982
vt 0.505370 1.837269
vt 0.614131 1.837205
vt 0.614131 -0.837046
vt 0.383509 -0.837046
vt 0.383509 1.837205
vt 0.382289 -0.837046
vt 0.382289 1.837205
vt 0.613520 0.394508
vt 0.498210 0.394508
vt 0.505370 0.408803
vt 0.614131 0.405208
vt 0.498210 0.605492
vt 0.612294 0.605492
vt 0.612911 0.594793
vt 0.505370 0.591196
vt 0.613520 0.381343
vt 0.614131 0.392042
vt 0.612294 0.618657
vt 0.612911 0.607958
vt 0.618657 1.837014
vt 0.607958 1.837205
vt 0.594793 -0.837046
vt 0.381343 1.837014
vt 0.405208 -0.837046
vt 0.392042 1.837205
vt 0.382900 0.394508
vt 0.382289 0.405208
vt 0.384126 0.605492
vt 0.383509 0.594793
vt 0.382900 0.381343
vt 0.382289 0.392042
vt 0.384126 0.618657
vt 0.383509 0.607958
s 0
f 1020/1552/979 1017/1553/979 1021/1554/979 1024/1555/979
f 1019/1556/980 1020/1557/980 1024/1558/980 1023/1559/980
f 1017/1557/981 1018/1560/981 1022/1561/981 1021/1558/981
f 1026/1562/982 1028/1563/982 1024/1558/982 1020/1557/982
f 1017/1557/983 1021/1558/983 1027/1564/983 1025/1565/983
f 1032/1566/984 1036/1567/984 1033/1568/984 1029/1569/984
f 1031/1570/985 1035/1571/985 1036/1572/985 1032/1573/985
f 1029/1574/986 1033/1575/986 1034/1576/986 1030/1577/986
f 1038/1578/987 1032/1573/987 1036/1572/987 1040/1579/987
f 1029/1574/988 1037/1580/988 1039/1581/988 1033/1575/988
f 1018/1582/989 1017/1583/989 1029/1584/989 1030/1585/989
f 1020/1586/990 1019/1587/990 1031/1588/990 1032/1589/990
f 1017/1583/991 1020/1586/991 1032/1589/991 1029/1584/991
f 1021/1583/992 1022/1590/992 1034/1591/992 1033/1584/992
f 1023/1592/993 1024/1586/993 1036/1589/993 1035/1593/993
f 1024/1586/994 1021/1583/994 1033/1584/994 1036/1589/994
f 1019/1552/995 1023/1594/995 1035/1595/995 1031/1596/995
f 1022/1597/996 1018/1553/996 1030/1598/996 1034/1599/996
f 1017/1583/989 1025/1600/989 1037/1601/989 1029/1584/989
f 1026/1602/990 1020/1586/990 1032/1589/990 1038/1603/990
f 1027/1604/997 1021/1583/997 1033/1584/997 1039/1605/997
f 1024/1586/998 1028/1606/998 1040/1607/998 1036/1589/998
f 1028/1594/999 1026/1552/999 1038/1596/999 1040/1595/999
f 1025/1553/1000 1027/1597/1000 1039/1599/1000 1037/1598/1000
o Cube.031
v -7.085365 7.673081 0.059542
v -7.085365 7.679203 0.065663
v -7.091486 7.679203 0.059542
v -7.085365 7.674874 0.063870
v -7.088900 7.675669 0.063076
v -7.089694 7.679203 0.063870
v -7.089694 7.674874 0.059542
v -7.085365 8.129601 0.065663
v -7.085365 8.135722 0.059542
v -7.091486 8.129601 0.059542
v -7.085365 8.133929 0.063870
v -7.088900 8.133135 0.063076
v -7.089694 8.133929 0.059542
v -7.089694 8.129601 0.063870
v -7.085365 7.673081 -0.218425
v -7.091486 7.679203 -0.218425
v -7.085365 7.679203 -0.224546
v -7.089694 7.674874 -0.218425
v -7.088900 7.675669 -0.221959
v -7.089694 7.679203 -0.222753
v -7.085365 7.674874 -0.222753
v -7.085365 8.135722 -0.218425
v -7.085365 8.129601 -0.224546
v -7.091486 8.129601 -0.218425
v -7.085365 8.133929 -0.222753
v -7.088900 8.133135 -0.221959
v -7.089694 8.129601 -0.222753
v -7.089694 8.133929 -0.218425
v -6.807399 7.673081 0.059542
v -6.801278 7.679203 0.059542
v -6.807399 7.679203 0.065663
v -6.803070 7.674874 0.059542
v -6.803864 7.675669 0.063076
v -6.803070 7.679203 0.063870
v -6.807399 7.674874 0.063870
v -6.807399 8.135722 0.059542
v -6.807399 8.129601 0.065663
v -6.801278 8.129601 0.059542
v -6.807399 8.133929 0.063870
v -6.803864 8.133135 0.063076
v -6.803070 8.129601 0.063870
v -6.803070 8.133929 0.059542
v -6.807399 7.673081 -0.218425
v -6.807399 7.679203 -0.224546
v -6.801278 7.679203 -0.218425
v -6.807399 7.674874 -0.222753
v -6.803864 7.675669 -0.221959
v -6.803070 7.679203 -0.222753
v -6.803070 7.674874 -0.218425
v -6.807399 8.135722 -0.218425
v -6.801278 8.129601 -0.218425
v -6.807399 8.129601 -0.224546
v -6.803070 8.133929 -0.218425
v -6.803864 8.133135 -0.221959
v -6.803070 8.129601 -0.222753
v -6.807399 8.133929 -0.222753
vn -0.1794 -0.9673 0.1794
vn -0.1794 -0.1794 0.9673
vn -0.9673 -0.1794 0.1794
vn -0.1726 -0.6965 0.6965
vn -0.5773 -0.5773 0.5774
vn -0.6965 -0.1726 0.6965
vn -0.6965 -0.6965 0.1726
vn -0.1794 0.1794 0.9673
vn -0.1794 0.9673 0.1794
vn -0.9673 0.1794 0.1794
vn -0.1726 0.6965 0.6965
vn -0.5773 0.5773 0.5774
vn -0.6965 0.6965 0.1726
vn -0.6965 0.1726 0.6965
vn -0.1794 -0.9673 -0.1794
vn -0.9673 -0.1794 -0.1794
vn -0.1794 -0.1794 -0.9673
vn -0.6965 -0.6965 -0.1726
vn -0.5773 -0.5773 -0.5774
vn -0.6965 -0.1726 -0.6965
vn -0.1726 -0.6965 -0.6965
vn -0.1794 0.9673 -0.1794
vn -0.1794 0.1794 -0.9673
vn -0.9673 0.1794 -0.1794
vn -0.1726 0.6965 -0.6965
vn -0.5773 0.5773 -0.5774
vn -0.6965 0.1726 -0.6965
vn -0.6965 0.6965 -0.1726
vn 0.1794 -0.9673 0.1794
vn 0.9673 -0.1794 0.1794
vn 0.1794 -0.1794 0.9673
vn 0.6965 -0.6965 0.1726
vn 0.5773 -0.5773 0.5774
vn 0.6965 -0.1726 0.6965
vn 0.1726 -0.6965 0.6965
vn 0.1794 0.9673 0.1794
vn 0.1794 0.1794 0.9673
vn 0.9673 0.1794 0.1794
vn 0.1726 0.6965 0.6965
vn 0.5773 0.5773 0.5774
vn 0.6965 0.1726 0.6965
vn 0.6965 0.6965 0.1726
vn 0.1794 -0.9673 -0.1794
vn 0.1794 -0.1794 -0.9673
vn 0.9673 -0.1794 -0.1794
vn 0.1726 -0.6965 -0.6965
vn 0.5773 -0.5773 -0.5774
vn 0.6965 -0.1726 -0.6965
vn 0.6965 -0.6965 -0.1726
vn 0.1794 0.9673 -0.1794
vn 0.9673 0.1794 -0.1794
vn 0.1794 0.1794 -0.9673
vn 0.6965 0.6965 -0.1726
vn 0.5773 0.5773 -0.5774
vn 0.6965 0.1726 -0.6965
vn 0.1726 0.6965 -0.6965
vt 0.638983 0.274801
vt 0.638983 0.725199
vt 0.361017 0.725199
vt 0.361017 0.274801
vt 0.638984 0.274801
vt 0.638984 0.725199
vt 0.361016 0.725199
vt 0.361016 0.274801
vt 0.638983 0.638984
vt 0.361017 0.638984
vt 0.361017 0.361016
vt 0.638983 0.361016
vt 0.361017 0.356688
vt 0.357483 0.357482
vt 0.356688 0.361016
vt 0.356688 0.274801
vt 0.357483 0.271267
vt 0.361017 0.270472
vt 0.361016 0.270472
vt 0.357482 0.271267
vt 0.356688 0.274801
vt 0.361017 0.729528
vt 0.357483 0.728733
vt 0.356688 0.725199
vt 0.356688 0.725199
vt 0.357482 0.728733
vt 0.361016 0.729528
vt 0.356688 0.638984
vt 0.357483 0.642518
vt 0.361017 0.643312
vt 0.643312 0.274801
vt 0.642518 0.271267
vt 0.638984 0.270472
vt 0.638984 0.729528
vt 0.642518 0.728733
vt 0.643312 0.725199
vt 0.643312 0.361016
vt 0.642517 0.357482
vt 0.638983 0.356688
vt 0.638983 0.270472
vt 0.642517 0.271267
vt 0.643312 0.274801
vt 0.643312 0.725199
vt 0.642517 0.728733
vt 0.638983 0.729528
vt 0.638983 0.643312
vt 0.642517 0.642518
vt 0.643312 0.638984
s 1
f 1071/1608/1031 1077/1609/1037 1048/1610/1008 1042/1611/1002
f 1085/1612/1045 1091/1613/1051 1078/1614/1038 1070/1615/1030
f 1090/1616/1050 1062/1617/1022 1049/1618/1009 1076/1619/1036
f 1043/1615/1003 1050/1614/1010 1064/1613/1024 1056/1612/1016
f 1057/1611/1017 1063/1610/1023 1092/1609/1052 1084/1608/1044
f 1041/1618/1001 1044/1620/1004 1045/1621/1005 1047/1622/1007
f 1042/1611/1002 1046/1623/1006 1045/1624/1005 1044/1625/1004
f 1043/1615/1003 1047/1626/1007 1045/1627/1005 1046/1628/1006
f 1048/1610/1008 1051/1629/1011 1052/1630/1012 1054/1631/1014
f 1049/1618/1009 1053/1622/1013 1052/1621/1012 1051/1620/1011
f 1050/1614/1010 1054/1632/1014 1052/1633/1012 1053/1634/1013
f 1055/1617/1015 1058/1635/1018 1059/1636/1019 1061/1637/1021
f 1056/1612/1016 1060/1638/1020 1059/1639/1019 1058/1640/1018
f 1057/1611/1017 1061/1625/1021 1059/1624/1019 1060/1623/1020
f 1062/1617/1022 1065/1637/1025 1066/1636/1026 1068/1635/1028
f 1063/1610/1023 1067/1631/1027 1066/1630/1026 1065/1629/1025
f 1064/1613/1024 1068/1641/1028 1066/1642/1026 1067/1643/1027
f 1069/1619/1029 1072/1644/1032 1073/1645/1033 1075/1646/1035
f 1070/1615/1030 1074/1628/1034 1073/1627/1033 1072/1626/1032
f 1071/1608/1031 1075/1647/1035 1073/1648/1033 1074/1649/1034
f 1076/1619/1036 1079/1646/1039 1080/1645/1040 1082/1644/1042
f 1077/1609/1037 1081/1650/1041 1080/1651/1040 1079/1652/1039
f 1078/1614/1038 1082/1634/1042 1080/1633/1040 1081/1632/1041
f 1083/1616/1043 1086/1653/1046 1087/1654/1047 1089/1655/1049
f 1084/1608/1044 1088/1649/1048 1087/1648/1047 1086/1647/1046
f 1085/1612/1045 1089/1640/1049 1087/1639/1047 1088/1638/1048
f 1090/1616/1050 1093/1655/1053 1094/1654/1054 1096/1653/1056
f 1091/1613/1051 1095/1643/1055 1094/1642/1054 1093/1641/1053
f 1092/1609/1052 1096/1652/1056 1094/1651/1054 1095/1650/1055
f 1055/1617/1015 1041/1618/1001 1047/1622/1007 1058/1635/1018
f 1058/1640/1018 1047/1626/1007 1043/1615/1003 1056/1612/1016
f 1042/1611/1002 1048/1610/1008 1054/1631/1014 1046/1623/1006
f 1046/1628/1006 1054/1632/1014 1050/1614/1010 1043/1615/1003
f 1049/1618/1009 1062/1617/1022 1068/1635/1028 1053/1622/1013
f 1053/1634/1013 1068/1641/1028 1064/1613/1024 1050/1614/1010
f 1063/1610/1023 1057/1611/1017 1060/1623/1020 1067/1631/1027
f 1067/1643/1027 1060/1638/1020 1056/1612/1016 1064/1613/1024
f 1083/1616/1043 1055/1617/1015 1061/1637/1021 1086/1653/1046
f 1086/1647/1046 1061/1625/1021 1057/1611/1017 1084/1608/1044
f 1062/1617/1022 1090/1616/1050 1096/1653/1056 1065/1637/1025
f 1065/1629/1025 1096/1652/1056 1092/1609/1052 1063/1610/1023
f 1091/1613/1051 1085/1612/1045 1088/1638/1048 1095/1643/1055
f 1095/1650/1055 1088/1649/1048 1084/1608/1044 1092/1609/1052
f 1069/1619/1029 1083/1616/1043 1089/1655/1049 1072/1644/1032
f 1072/1626/1032 1089/1640/1049 1085/1612/1045 1070/1615/1030
f 1090/1616/1050 1076/1619/1036 1082/1644/1042 1093/1655/1053
f 1093/1641/1053 1082/1634/1042 1078/1614/1038 1091/1613/1051
f 1077/1609/1037 1071/1608/1031 1074/1649/1034 1081/1650/1041
f 1081/1632/1041 1074/1628/1034 1070/1615/1030 1078/1614/1038
f 1041/1618/1001 1069/1619/1029 1075/1646/1035 1044/1620/1004
f 1044/1625/1004 1075/1647/1035 1071/1608/1031 1042/1611/1002
f 1076/1619/1036 1049/1618/1009 1051/1620/1011 1079/1646/1039
f 1079/1652/1039 1051/1629/1011 1048/1610/1008 1077/1609/1037
f 1055/1617/1015 1083/1616/1043 1069/1619/1029 1041/1618/1001
o Cube.032
v -7.085365 7.673081 -4.190347
v -7.085365 7.679203 -4.184226
v -7.091486 7.679203 -4.190347
v -7.085365 7.674874 -4.186019
v -7.088900 7.675669 -4.186813
v -7.089694 7.679203 -4.186019
v -7.089694 7.674874 -4.190347
v -7.085365 8.129601 -4.184226
v -7.085365 8.135722 -4.190347
v -7.091486 8.129601 -4.190347
v -7.085365 8.133929 -4.186019
v -7.088900 8.133135 -4.186813
v -7.089694 8.133929 -4.190347
v -7.089694 8.129601 -4.186019
v -7.085365 7.673081 -4.468315
v -7.091486 7.679203 -4.468315
v -7.085365 7.679203 -4.474435
v -7.089694 7.674874 -4.468315
v -7.088900 7.675669 -4.471848
v -7.089694 7.679203 -4.472643
v -7.085365 7.674874 -4.472643
v -7.085365 8.135722 -4.468315
v -7.085365 8.129601 -4.474435
v -7.091486 8.129601 -4.468315
v -7.085365 8.133929 -4.472643
v -7.088900 8.133135 -4.471848
v -7.089694 8.129601 -4.472643
v -7.089694 8.133929 -4.468315
v -6.807399 7.673081 -4.190347
v -6.801278 7.679203 -4.190347
v -6.807399 7.679203 -4.184226
v -6.803070 7.674874 -4.190347
v -6.803864 7.675669 -4.186813
v -6.803070 7.679203 -4.186019
v -6.807399 7.674874 -4.186019
v -6.807399 8.135722 -4.190347
v -6.807399 8.129601 -4.184226
v -6.801278 8.129601 -4.190347
v -6.807399 8.133929 -4.186019
v -6.803864 8.133135 -4.186813
v -6.803070 8.129601 -4.186019
v -6.803070 8.133929 -4.190347
v -6.807399 7.673081 -4.468315
v -6.807399 7.679203 -4.474435
v -6.801278 7.679203 -4.468315
v -6.807399 7.674874 -4.472643
v -6.803864 7.675669 -4.471848
v -6.803070 7.679203 -4.472643
v -6.803070 7.674874 -4.468315
v -6.807399 8.135722 -4.468315
v -6.801278 8.129601 -4.468315
v -6.807399 8.129601 -4.474435
v -6.803070 8.133929 -4.468315
v -6.803864 8.133135 -4.471848
v -6.803070 8.129601 -4.472643
v -6.807399 8.133929 -4.472643
vn -0.1794 -0.9673 0.1794
vn -0.1794 -0.1794 0.9673
vn -0.9673 -0.1794 0.1794
vn -0.1726 -0.6965 0.6965
vn -0.5773 -0.5773 0.5774
vn -0.6965 -0.1726 0.6965
vn -0.6965 -0.6965 0.1726
vn -0.1794 0.1794 0.9673
vn -0.1794 0.9673 0.1794
vn -0.9673 0.1794 0.1794
vn -0.1726 0.6965 0.6965
vn -0.5773 0.5773 0.5774
vn -0.6965 0.6965 0.1726
vn -0.6965 0.1726 0.6965
vn -0.1794 -0.9673 -0.1794
vn -0.9673 -0.1794 -0.1794
vn -0.1794 -0.1794 -0.9673
vn -0.6965 -0.6965 -0.1726
vn -0.5773 -0.5773 -0.5774
vn -0.6965 -0.1726 -0.6965
vn -0.1726 -0.6965 -0.6965
vn -0.1794 0.9673 -0.1794
vn -0.1794 0.1794 -0.9673
vn -0.9673 0.1794 -0.1794
vn -0.1726 0.6965 -0.6965
vn -0.5773 0.5773 -0.5774
vn -0.6965 0.1726 -0.6965
vn -0.6965 0.6965 -0.1726
vn 0.1794 -0.9673 0.1794
vn 0.9673 -0.1794 0.1794
vn 0.1794 -0.1794 0.9673
vn 0.6965 -0.6965 0.1726
vn 0.5773 -0.5773 0.5774
vn 0.6965 -0.1726 0.6965
vn 0.1726 -0.6965 0.6965
vn 0.1794 0.9673 0.1794
vn 0.1794 0.1794 0.9673
vn 0.9673 0.1794 0.1794
vn 0.1726 0.6965 0.6965
vn 0.5773 0.5773 0.5774
vn 0.6965 0.1726 0.6965
vn 0.6965 0.6965 0.1726
vn 0.1794 -0.9673 -0.1794
vn 0.1794 -0.1794 -0.9673
vn 0.9673 -0.1794 -0.1794
vn 0.1726 -0.6965 -0.6965
vn 0.5773 -0.5773 -0.5774
vn 0.6965 -0.1726 -0.6965
vn 0.6965 -0.6965 -0.1726
vn 0.1794 0.9673 -0.1794
vn 0.9673 0.1794 -0.1794
vn 0.1794 0.1794 -0.9673
vn 0.6965 0.6965 -0.1726
vn 0.5773 0.5773 -0.5774
vn 0.6965 0.1726 -0.6965
vn 0.1726 0.6965 -0.6965
vt 0.638983 0.274801
vt 0.638983 0.725199
vt 0.361017 0.725199
vt 0.361017 0.274801
vt 0.638984 0.274801
vt 0.638984 0.725199
vt 0.361016 0.725199
vt 0.361016 0.274801
vt 0.638983 0.638984
vt 0.361017 0.638984
vt 0.361017 0.361016
vt 0.638983 0.361016
vt 0.361017 0.356688
vt 0.357483 0.357482
vt 0.356688 0.361016
vt 0.356688 0.274801
vt 0.357483 0.271267
vt 0.361017 0.270472
vt 0.361016 0.270472
vt 0.357482 0.271267
vt 0.356688 0.274801
vt 0.361017 0.729528
vt 0.357483 0.728733
vt 0.356688 0.725199
vt 0.356688 0.725199
vt 0.357482 0.728733
vt 0.361016 0.729528
vt 0.356688 0.638984
vt 0.357483 0.642518
vt 0.361017 0.643312
vt 0.643312 0.274801
vt 0.642518 0.271267
vt 0.638984 0.270472
vt 0.638984 0.729528
vt 0.642518 0.728733
vt 0.643312 0.725199
vt 0.643312 0.361016
vt 0.642517 0.357482
vt 0.638983 0.356688
vt 0.638983 0.270472
vt 0.642517 0.271267
vt 0.643312 0.274801
vt 0.643312 0.725199
vt 0.642517 0.728733
vt 0.638983 0.729528
vt 0.638983 0.643312
vt 0.642517 0.642518
vt 0.643312 0.638984
s 1
f 1127/1656/1087 1133/1657/1093 1104/1658/1064 1098/1659/1058
f 1141/1660/1101 1147/1661/1107 1134/1662/1094 1126/1663/1086
f 1146/1664/1106 1118/1665/1078 1105/1666/1065 1132/1667/1092
f 1099/1663/1059 1106/1662/1066 1120/1661/1080 1112/1660/1072
f 1113/1659/1073 1119/1658/1079 1148/1657/1108 1140/1656/1100
f 1097/1666/1057 1100/1668/1060 1101/1669/1061 1103/1670/1063
f 1098/1659/1058 1102/1671/1062 1101/1672/1061 1100/1673/1060
f 1099/1663/1059 1103/1674/1063 1101/1675/1061 1102/1676/1062
f 1104/1658/1064 1107/1677/1067 1108/1678/1068 1110/1679/1070
f 1105/1666/1065 1109/1670/1069 1108/1669/1068 1107/1668/1067
f 1106/1662/1066 1110/1680/1070 1108/1681/1068 1109/1682/1069
f 1111/1665/1071 1114/1683/1074 1115/1684/1075 1117/1685/1077
f 1112/1660/1072 1116/1686/1076 1115/1687/1075 1114/1688/1074
f 1113/1659/1073 1117/1673/1077 1115/1672/1075 1116/1671/1076
f 1118/1665/1078 1121/1685/1081 1122/1684/1082 1124/1683/1084
f 1119/1658/1079 1123/1679/1083 1122/1678/1082 1121/1677/1081
f 1120/1661/1080 1124/1689/1084 1122/1690/1082 1123/1691/1083
f 1125/1667/1085 1128/1692/1088 1129/1693/1089 1131/1694/1091
f 1126/1663/1086 1130/1676/1090 1129/1675/1089 1128/1674/1088
f 1127/1656/1087 1131/1695/1091 1129/1696/1089 1130/1697/1090
f 1132/1667/1092 1135/1694/1095 1136/1693/1096 1138/1692/1098
f 1133/1657/1093 1137/1698/1097 1136/1699/1096 1135/1700/1095
f 1134/1662/1094 1138/1682/1098 1136/1681/1096 1137/1680/1097
f 1139/1664/1099 1142/1701/1102 1143/1702/1103 1145/1703/1105
f 1140/1656/1100 1144/1697/1104 1143/1696/1103 1142/1695/1102
f 1141/1660/1101 1145/1688/1105 1143/1687/1103 1144/1686/1104
f 1146/1664/1106 1149/1703/1109 1150/1702/1110 1152/1701/1112
f 1147/1661/1107 1151/1691/1111 1150/1690/1110 1149/1689/1109
f 1148/1657/1108 1152/1700/1112 1150/1699/1110 1151/1698/1111
f 1111/1665/1071 1097/1666/1057 1103/1670/1063 1114/1683/1074
f 1114/1688/1074 1103/1674/1063 1099/1663/1059 1112/1660/1072
f 1098/1659/1058 1104/1658/1064 1110/1679/1070 1102/1671/1062
f 1102/1676/1062 1110/1680/1070 1106/1662/1066 1099/1663/1059
f 1105/1666/1065 1118/1665/1078 1124/1683/1084 1109/1670/1069
f 1109/1682/1069 1124/1689/1084 1120/1661/1080 1106/1662/1066
f 1119/1658/1079 1113/1659/1073 1116/1671/1076 1123/1679/1083
f 1123/1691/1083 1116/1686/1076 1112/1660/1072 1120/1661/1080
f 1139/1664/1099 1111/1665/1071 1117/1685/1077 1142/1701/1102
f 1142/1695/1102 1117/1673/1077 1113/1659/1073 1140/1656/1100
f 1118/1665/1078 1146/1664/1106 1152/1701/1112 1121/1685/1081
f 1121/1677/1081 1152/1700/1112 1148/1657/1108 1119/1658/1079
f 1147/1661/1107 1141/1660/1101 1144/1686/1104 1151/1691/1111
f 1151/1698/1111 1144/1697/1104 1140/1656/1100 1148/1657/1108
f 1125/1667/1085 1139/1664/1099 1145/1703/1105 1128/1692/1088
f 1128/1674/1088 1145/1688/1105 1141/1660/1101 1126/1663/1086
f 1146/1664/1106 1132/1667/1092 1138/1692/1098 1149/1703/1109
f 1149/1689/1109 1138/1682/1098 1134/1662/1094 1147/1661/1107
f 1133/1657/1093 1127/1656/1087 1130/1697/1090 1137/1698/1097
f 1137/1680/1097 1130/1676/1090 1126/1663/1086 1134/1662/1094
f 1097/1666/1057 1125/1667/1085 1131/1694/1091 1100/1668/1060
f 1100/1673/1060 1131/1695/1091 1127/1656/1087 1098/1659/1058
f 1132/1667/1092 1105/1666/1065 1107/1668/1067 1135/1694/1095
f 1135/1700/1095 1107/1677/1067 1104/1658/1064 1133/1657/1093
f 1111/1665/1071 1139/1664/1099 1125/1667/1085 1097/1666/1057
