# Blender 4.4.0
# www.blender.org
mtllib Grade.mtl
o Grid
v 15.828287 1.783784 -0.031779
v 16.185101 1.783784 -0.031779
v 16.541914 1.783784 -0.031779
v 16.898727 1.783784 -0.031779
v 17.255541 1.783784 -0.031779
v 17.612354 1.783784 -0.031779
v 17.969168 1.783784 -0.031779
v 18.325981 1.783784 -0.031779
v 18.682795 1.783784 -0.031779
v 19.039608 1.783784 -0.031779
v 19.396421 1.783784 -0.031779
v 15.828287 1.427027 -0.025423
v 16.185101 1.427027 -0.025423
v 16.541914 1.427027 -0.025423
v 16.898727 1.427027 -0.025423
v 17.255541 1.427027 -0.025423
v 17.612354 1.427027 -0.025423
v 17.969168 1.427027 -0.025423
v 18.325981 1.427027 -0.025423
v 18.682795 1.427027 -0.025423
v 19.039608 1.427027 -0.025423
v 19.396421 1.427027 -0.025423
v 15.828287 1.070270 -0.019067
v 16.185101 1.070270 -0.019067
v 16.541914 1.070270 -0.019067
v 16.898727 1.070270 -0.019067
v 17.255541 1.070270 -0.019067
v 17.612354 1.070270 -0.019067
v 17.969168 1.070270 -0.019067
v 18.325981 1.070270 -0.019067
v 18.682795 1.070270 -0.019067
v 19.039608 1.070270 -0.019067
v 19.396421 1.070270 -0.019067
v 15.828287 0.713513 -0.012711
v 16.185101 0.713513 -0.012711
v 16.541914 0.713513 -0.012711
v 16.898727 0.713513 -0.012711
v 17.255541 0.713513 -0.012711
v 17.612354 0.713513 -0.012711
v 17.969168 0.713513 -0.012711
v 18.325981 0.713513 -0.012711
v 18.682795 0.713513 -0.012711
v 19.039608 0.713513 -0.012711
v 19.396421 0.713513 -0.012711
v 15.828287 0.356757 -0.006356
v 16.185101 0.356757 -0.006356
v 16.541914 0.356757 -0.006356
v 16.898727 0.356757 -0.006356
v 17.255541 0.356757 -0.006356
v 17.612354 0.356757 -0.006356
v 17.969168 0.356757 -0.006356
v 18.325981 0.356757 -0.006356
v 18.682795 0.356757 -0.006356
v 19.039608 0.356757 -0.006356
v 19.396421 0.356757 -0.006356
v 15.828287 0.000000 0.000000
v 16.185101 0.000000 0.000000
v 16.541914 0.000000 0.000000
v 16.898727 0.000000 0.000000
v 17.255541 0.000000 0.000000
v 17.612354 0.000000 0.000000
v 17.969168 0.000000 0.000000
v 18.325981 0.000000 0.000000
v 18.682795 0.000000 0.000000
v 19.039608 0.000000 0.000000
v 19.396421 0.000000 0.000000
v 15.828287 -0.356757 0.006356
v 16.185101 -0.356757 0.006356
v 16.541914 -0.356757 0.006356
v 16.898727 -0.356757 0.006356
v 17.255541 -0.356757 0.006356
v 17.612354 -0.356757 0.006356
v 17.969168 -0.356757 0.006356
v 18.325981 -0.356757 0.006356
v 18.682795 -0.356757 0.006356
v 19.039608 -0.356757 0.006356
v 19.396421 -0.356757 0.006356
v 15.828287 -0.713513 0.012711
v 16.185101 -0.713513 0.012711
v 16.541914 -0.713513 0.012711
v 16.898727 -0.713513 0.012711
v 17.255541 -0.713513 0.012711
v 17.612354 -0.713513 0.012711
v 17.969168 -0.713513 0.012711
v 18.325981 -0.713513 0.012711
v 18.682795 -0.713513 0.012711
v 19.039608 -0.713513 0.012711
v 19.396421 -0.713513 0.012711
v 15.828287 -1.070270 0.019067
v 16.185101 -1.070270 0.019067
v 16.541914 -1.070270 0.019067
v 16.898727 -1.070270 0.019067
v 17.255541 -1.070270 0.019067
v 17.612354 -1.070270 0.019067
v 17.969168 -1.070270 0.019067
v 18.325981 -1.070270 0.019067
v 18.682795 -1.070270 0.019067
v 19.039608 -1.070270 0.019067
v 19.396421 -1.070270 0.019067
v 15.828287 -1.427027 0.025423
v 16.185101 -1.427027 0.025423
v 16.541914 -1.427027 0.025423
v 16.898727 -1.427027 0.025423
v 17.255541 -1.427027 0.025423
v 17.612354 -1.427027 0.025423
v 17.969168 -1.427027 0.025423
v 18.325981 -1.427027 0.025423
v 18.682795 -1.427027 0.025423
v 19.039608 -1.427027 0.025423
v 19.396421 -1.427027 0.025423
v 15.828287 -1.783784 0.031779
v 16.185101 -1.783784 0.031779
v 16.541914 -1.783784 0.031779
v 16.898727 -1.783784 0.031779
v 17.255541 -1.783784 0.031779
v 17.612354 -1.783784 0.031779
v 17.969168 -1.783784 0.031779
v 18.325981 -1.783784 0.031779
v 18.682795 -1.783784 0.031779
v 19.039608 -1.783784 0.031779
v 19.396421 -1.783784 0.031779
v 15.828287 1.605405 -0.028601
v 16.006695 1.783784 -0.031779
v 16.185101 1.605405 -0.028601
v 16.006695 1.427027 -0.025423
v 16.363508 1.783784 -0.031779
v 16.541914 1.605405 -0.028601
v 16.363508 1.427027 -0.025423
v 16.720322 1.783784 -0.031779
v 16.898727 1.605405 -0.028601
v 16.720322 1.427027 -0.025423
v 17.077135 1.783784 -0.031779
v 17.255541 1.605405 -0.028601
v 17.077135 1.427027 -0.025423
v 17.433949 1.783784 -0.031779
v 17.612354 1.605405 -0.028601
v 17.433949 1.427027 -0.025423
v 17.790760 1.783784 -0.031779
v 17.969168 1.605405 -0.028601
v 17.790760 1.427027 -0.025423
v 18.147573 1.783784 -0.031779
v 18.325981 1.605405 -0.028601
v 18.147573 1.427027 -0.025423
v 18.504387 1.783784 -0.031779
v 18.682795 1.605405 -0.028601
v 18.504387 1.427027 -0.025423
v 18.861200 1.783784 -0.031779
v 19.039608 1.605405 -0.028601
v 18.861200 1.427027 -0.025423
v 19.218014 1.783784 -0.031779
v 19.396421 1.605405 -0.028601
v 19.218014 1.427027 -0.025423
v 15.828287 1.248649 -0.022245
v 16.185101 1.248649 -0.022245
v 16.006695 1.070270 -0.019067
v 16.541914 1.248649 -0.022245
v 16.363508 1.070270 -0.019067
v 16.898727 1.248649 -0.022245
v 16.720322 1.070270 -0.019067
v 17.255541 1.248649 -0.022245
v 17.077135 1.070270 -0.019067
v 17.612354 1.248649 -0.022245
v 17.433949 1.070270 -0.019067
v 17.969168 1.248649 -0.022245
v 17.790760 1.070270 -0.019067
v 18.325981 1.248649 -0.022245
v 18.147573 1.070270 -0.019067
v 18.682795 1.248649 -0.022245
v 18.504387 1.070270 -0.019067
v 19.039608 1.248649 -0.022245
v 18.861200 1.070270 -0.019067
v 19.396421 1.248649 -0.022245
v 19.218014 1.070270 -0.019067
v 15.828287 0.891892 -0.015889
v 16.185101 0.891892 -0.015889
v 16.006695 0.713513 -0.012711
v 16.541914 0.891892 -0.015889
v 16.363508 0.713513 -0.012711
v 16.898727 0.891892 -0.015889
v 16.720322 0.713513 -0.012711
v 17.255541 0.891892 -0.015889
v 17.077135 0.713513 -0.012711
v 17.612354 0.891892 -0.015889
v 17.433949 0.713513 -0.012711
v 17.969168 0.891892 -0.015889
v 17.790760 0.713513 -0.012711
v 18.325981 0.891892 -0.015889
v 18.147573 0.713513 -0.012711
v 18.682795 0.891892 -0.015889
v 18.504387 0.713513 -0.012711
v 19.039608 0.891892 -0.015889
v 18.861200 0.713513 -0.012711
v 19.396421 0.891892 -0.015889
v 19.218014 0.713513 -0.012711
v 15.828287 0.535135 -0.009534
v 16.185101 0.535135 -0.009534
v 16.006695 0.356757 -0.006356
v 16.541914 0.535135 -0.009534
v 16.363508 0.356757 -0.006356
v 16.898727 0.535135 -0.009534
v 16.720322 0.356757 -0.006356
v 17.255541 0.535135 -0.009534
v 17.077135 0.356757 -0.006356
v 17.612354 0.535135 -0.009534
v 17.433949 0.356757 -0.006356
v 17.969168 0.535135 -0.009534
v 17.790760 0.356757 -0.006356
v 18.325981 0.535135 -0.009534
v 18.147573 0.356757 -0.006356
v 18.682795 0.535135 -0.009534
v 18.504387 0.356757 -0.006356
v 19.039608 0.535135 -0.009534
v 18.861200 0.356757 -0.006356
v 19.396421 0.535135 -0.009534
v 19.218014 0.356757 -0.006356
v 15.828287 0.178378 -0.003178
v 16.185101 0.178378 -0.003178
v 16.006695 0.000000 0.000000
v 16.541914 0.178378 -0.003178
v 16.363508 0.000000 0.000000
v 16.898727 0.178378 -0.003178
v 16.720322 0.000000 0.000000
v 17.255541 0.178378 -0.003178
v 17.077135 0.000000 0.000000
v 17.612354 0.178378 -0.003178
v 17.433949 0.000000 0.000000
v 17.969168 0.178378 -0.003178
v 17.790760 0.000000 0.000000
v 18.325981 0.178378 -0.003178
v 18.147573 0.000000 0.000000
v 18.682795 0.178378 -0.003178
v 18.504387 0.000000 0.000000
v 19.039608 0.178378 -0.003178
v 18.861200 0.000000 0.000000
v 19.396421 0.178378 -0.003178
v 19.218014 0.000000 0.000000
v 15.828287 -0.178378 0.003178
v 16.185101 -0.178378 0.003178
v 16.006695 -0.356757 0.006356
v 16.541914 -0.178378 0.003178
v 16.363508 -0.356757 0.006356
v 16.898727 -0.178378 0.003178
v 16.720322 -0.356757 0.006356
v 17.255541 -0.178378 0.003178
v 17.077135 -0.356757 0.006356
v 17.612354 -0.178378 0.003178
v 17.433949 -0.356757 0.006356
v 17.969168 -0.178378 0.003178
v 17.790760 -0.356757 0.006356
v 18.325981 -0.178378 0.003178
v 18.147573 -0.356757 0.006356
v 18.682795 -0.178378 0.003178
v 18.504387 -0.356757 0.006356
v 19.039608 -0.178378 0.003178
v 18.861200 -0.356757 0.006356
v 19.396421 -0.178378 0.003178
v 19.218014 -0.356757 0.006356
v 15.828287 -0.535135 0.009534
v 16.185101 -0.535135 0.009534
v 16.006695 -0.713513 0.012711
v 16.541914 -0.535135 0.009534
v 16.363508 -0.713513 0.012711
v 16.898727 -0.535135 0.009534
v 16.720322 -0.713513 0.012711
v 17.255541 -0.535135 0.009534
v 17.077135 -0.713513 0.012711
v 17.612354 -0.535135 0.009534
v 17.433949 -0.713513 0.012711
v 17.969168 -0.535135 0.009534
v 17.790760 -0.713513 0.012711
v 18.325981 -0.535135 0.009534
v 18.147573 -0.713513 0.012711
v 18.682795 -0.535135 0.009534
v 18.504387 -0.713513 0.012711
v 19.039608 -0.535135 0.009534
v 18.861200 -0.713513 0.012711
v 19.396421 -0.535135 0.009534
v 19.218014 -0.713513 0.012711
v 15.828287 -0.891892 0.015889
v 16.185101 -0.891892 0.015889
v 16.006695 -1.070270 0.019067
v 16.541914 -0.891892 0.015889
v 16.363508 -1.070270 0.019067
v 16.898727 -0.891892 0.015889
v 16.720322 -1.070270 0.019067
v 17.255541 -0.891892 0.015889
v 17.077135 -1.070270 0.019067
v 17.612354 -0.891892 0.015889
v 17.433949 -1.070270 0.019067
v 17.969168 -0.891892 0.015889
v 17.790760 -1.070270 0.019067
v 18.325981 -0.891892 0.015889
v 18.147573 -1.070270 0.019067
v 18.682795 -0.891892 0.015889
v 18.504387 -1.070270 0.019067
v 19.039608 -0.891892 0.015889
v 18.861200 -1.070270 0.019067
v 19.396421 -0.891892 0.015889
v 19.218014 -1.070270 0.019067
v 15.828287 -1.248649 0.022245
v 16.185101 -1.248649 0.022245
v 16.006695 -1.427027 0.025423
v 16.541914 -1.248649 0.022245
v 16.363508 -1.427027 0.025423
v 16.898727 -1.248649 0.022245
v 16.720322 -1.427027 0.025423
v 17.255541 -1.248649 0.022245
v 17.077135 -1.427027 0.025423
v 17.612354 -1.248649 0.022245
v 17.433949 -1.427027 0.025423
v 17.969168 -1.248649 0.022245
v 17.790760 -1.427027 0.025423
v 18.325981 -1.248649 0.022245
v 18.147573 -1.427027 0.025423
v 18.682795 -1.248649 0.022245
v 18.504387 -1.427027 0.025423
v 19.039608 -1.248649 0.022245
v 18.861200 -1.427027 0.025423
v 19.396421 -1.248649 0.022245
v 19.218014 -1.427027 0.025423
v 15.828287 -1.605405 0.028601
v 16.185101 -1.605405 0.028601
v 16.006695 -1.783784 0.031779
v 16.541914 -1.605405 0.028601
v 16.363508 -1.783784 0.031779
v 16.898727 -1.605405 0.028601
v 16.720322 -1.783784 0.031779
v 17.255541 -1.605405 0.028601
v 17.077135 -1.783784 0.031779
v 17.612354 -1.605405 0.028601
v 17.433949 -1.783784 0.031779
v 17.969168 -1.605405 0.028601
v 17.790760 -1.783784 0.031779
v 18.325981 -1.605405 0.028601
v 18.147573 -1.783784 0.031779
v 18.682795 -1.605405 0.028601
v 18.504387 -1.783784 0.031779
v 19.039608 -1.605405 0.028601
v 18.861200 -1.783784 0.031779
v 19.396421 -1.605405 0.028601
v 19.218014 -1.783784 0.031779
v 19.218014 -1.605405 0.028601
v 18.861200 -1.605405 0.028601
v 18.504387 -1.605405 0.028601
v 18.147573 -1.605405 0.028601
v 17.790760 -1.605405 0.028601
v 17.433949 -1.605405 0.028601
v 17.077135 -1.605405 0.028601
v 16.720322 -1.605405 0.028601
v 16.363508 -1.605405 0.028601
v 16.006695 -1.605405 0.028601
v 19.218014 -1.248649 0.022245
v 18.861200 -1.248649 0.022245
v 18.504387 -1.248649 0.022245
v 18.147573 -1.248649 0.022245
v 17.790760 -1.248649 0.022245
v 17.433949 -1.248649 0.022245
v 17.077135 -1.248649 0.022245
v 16.720322 -1.248649 0.022245
v 16.363508 -1.248649 0.022245
v 16.006695 -1.248649 0.022245
v 19.218014 -0.891892 0.015889
v 18.861200 -0.891892 0.015889
v 18.504387 -0.891892 0.015889
v 18.147573 -0.891892 0.015889
v 17.790760 -0.891892 0.015889
v 17.433949 -0.891892 0.015889
v 17.077135 -0.891892 0.015889
v 16.720322 -0.891892 0.015889
v 16.363508 -0.891892 0.015889
v 16.006695 -0.891892 0.015889
v 19.218014 -0.535135 0.009534
v 18.861200 -0.535135 0.009534
v 18.504387 -0.535135 0.009534
v 18.147573 -0.535135 0.009534
v 17.790760 -0.535135 0.009534
v 17.433949 -0.535135 0.009534
v 17.077135 -0.535135 0.009534
v 16.720322 -0.535135 0.009534
v 16.363508 -0.535135 0.009534
v 16.006695 -0.535135 0.009534
v 19.218014 -0.178378 0.003178
v 18.861200 -0.178378 0.003178
v 18.504387 -0.178378 0.003178
v 18.147573 -0.178378 0.003178
v 17.790760 -0.178378 0.003178
v 17.433949 -0.178378 0.003178
v 17.077135 -0.178378 0.003178
v 16.720322 -0.178378 0.003178
v 16.363508 -0.178378 0.003178
v 16.006695 -0.178378 0.003178
v 19.218014 0.178378 -0.003178
v 18.861200 0.178378 -0.003178
v 18.504387 0.178378 -0.003178
v 18.147573 0.178378 -0.003178
v 17.790760 0.178378 -0.003178
v 17.433949 0.178378 -0.003178
v 17.077135 0.178378 -0.003178
v 16.720322 0.178378 -0.003178
v 16.363508 0.178378 -0.003178
v 16.006695 0.178378 -0.003178
v 19.218014 0.535135 -0.009534
v 18.861200 0.535135 -0.009534
v 18.504387 0.535135 -0.009534
v 18.147573 0.535135 -0.009534
v 17.790760 0.535135 -0.009534
v 17.433949 0.535135 -0.009534
v 17.077135 0.535135 -0.009534
v 16.720322 0.535135 -0.009534
v 16.363508 0.535135 -0.009534
v 16.006695 0.535135 -0.009534
v 19.218014 0.891892 -0.015889
v 18.861200 0.891892 -0.015889
v 18.504387 0.891892 -0.015889
v 18.147573 0.891892 -0.015889
v 17.790760 0.891892 -0.015889
v 17.433949 0.891892 -0.015889
v 17.077135 0.891892 -0.015889
v 16.720322 0.891892 -0.015889
v 16.363508 0.891892 -0.015889
v 16.006695 0.891892 -0.015889
v 19.218014 1.248649 -0.022245
v 18.861200 1.248649 -0.022245
v 18.504387 1.248649 -0.022245
v 18.147573 1.248649 -0.022245
v 17.790760 1.248649 -0.022245
v 17.433949 1.248649 -0.022245
v 17.077135 1.248649 -0.022245
v 16.720322 1.248649 -0.022245
v 16.363508 1.248649 -0.022245
v 16.006695 1.248649 -0.022245
v 19.218014 1.605405 -0.028601
v 18.861200 1.605405 -0.028601
v 18.504387 1.605405 -0.028601
v 18.147573 1.605405 -0.028601
v 17.790760 1.605405 -0.028601
v 17.433949 1.605405 -0.028601
v 17.077135 1.605405 -0.028601
v 16.720322 1.605405 -0.028601
v 16.363508 1.605405 -0.028601
v 16.006695 1.605405 -0.028601
v 16.095898 1.516216 -0.027012
v 16.452711 1.516216 -0.027012
v 16.809525 1.516216 -0.027012
v 17.166338 1.516216 -0.027012
v 17.523151 1.516216 -0.027012
v 17.879965 1.516216 -0.027012
v 18.236778 1.516216 -0.027012
v 18.593592 1.516216 -0.027012
v 18.950405 1.516216 -0.027012
v 19.307219 1.516216 -0.027012
v 16.095898 1.159459 -0.020656
v 16.452711 1.159460 -0.020656
v 16.809525 1.159460 -0.020656
v 17.166338 1.159459 -0.020656
v 17.523151 1.159459 -0.020656
v 17.879965 1.159460 -0.020656
v 18.236778 1.159459 -0.020656
v 18.593592 1.159460 -0.020656
v 18.950405 1.159460 -0.020656
v 19.307219 1.159459 -0.020656
v 16.095898 0.802703 -0.014300
v 16.452711 0.802703 -0.014300
v 16.809525 0.802703 -0.014300
v 17.166338 0.802703 -0.014300
v 17.523151 0.802703 -0.014300
v 17.879965 0.802703 -0.014300
v 18.236778 0.802703 -0.014300
v 18.593592 0.802703 -0.014300
v 18.950405 0.802703 -0.014300
v 19.307219 0.802703 -0.014300
v 16.095898 0.445946 -0.007945
v 16.452711 0.445946 -0.007945
v 16.809525 0.445946 -0.007945
v 17.166338 0.445946 -0.007945
v 17.523151 0.445946 -0.007945
v 17.879965 0.445946 -0.007945
v 18.236778 0.445946 -0.007945
v 18.593592 0.445946 -0.007945
v 18.950405 0.445946 -0.007945
v 19.307219 0.445946 -0.007945
v 16.095898 0.089189 -0.001589
v 16.452711 0.089189 -0.001589
v 16.809525 0.089189 -0.001589
v 17.166338 0.089189 -0.001589
v 17.523151 0.089189 -0.001589
v 17.879965 0.089189 -0.001589
v 18.236778 0.089189 -0.001589
v 18.593592 0.089189 -0.001589
v 18.950405 0.089189 -0.001589
v 19.307219 0.089189 -0.001589
v 16.095898 -0.267568 0.004767
v 16.452711 -0.267568 0.004767
v 16.809525 -0.267568 0.004767
v 17.166338 -0.267568 0.004767
v 17.523151 -0.267568 0.004767
v 17.879965 -0.267568 0.004767
v 18.236778 -0.267568 0.004767
v 18.593592 -0.267568 0.004767
v 18.950405 -0.267568 0.004767
v 19.307219 -0.267568 0.004767
v 16.095898 -0.624324 0.011122
v 16.452711 -0.624324 0.011122
v 16.809525 -0.624324 0.011122
v 17.166338 -0.624324 0.011122
v 17.523151 -0.624324 0.011122
v 17.879965 -0.624324 0.011122
v 18.236778 -0.624324 0.011122
v 18.593592 -0.624324 0.011122
v 18.950405 -0.624324 0.011122
v 19.307219 -0.624324 0.011122
v 16.095898 -0.981081 0.017478
v 16.452711 -0.981081 0.017478
v 16.809525 -0.981081 0.017478
v 17.166338 -0.981081 0.017478
v 17.523151 -0.981081 0.017478
v 17.879965 -0.981081 0.017478
v 18.236778 -0.981081 0.017478
v 18.593592 -0.981081 0.017478
v 18.950405 -0.981081 0.017478
v 19.307219 -0.981081 0.017478
v 16.095898 -1.337838 0.023834
v 16.452711 -1.337838 0.023834
v 16.809525 -1.337838 0.023834
v 17.166338 -1.337838 0.023834
v 17.523151 -1.337838 0.023834
v 17.879965 -1.337838 0.023834
v 18.236778 -1.337838 0.023834
v 18.593592 -1.337838 0.023834
v 18.950405 -1.337838 0.023834
v 19.307219 -1.337838 0.023834
v 16.095898 -1.694595 0.030190
v 16.452711 -1.694595 0.030190
v 16.809525 -1.694595 0.030190
v 17.166338 -1.694595 0.030190
v 17.523151 -1.694595 0.030190
v 17.879965 -1.694595 0.030190
v 18.236778 -1.694595 0.030190
v 18.593592 -1.694595 0.030190
v 18.950405 -1.694595 0.030190
v 19.307219 -1.694595 0.030190
v 19.128811 -1.694595 0.030190
v 19.128811 -1.516216 0.027012
v 19.307219 -1.516216 0.027012
v 18.771997 -1.694595 0.030190
v 18.771997 -1.516216 0.027012
v 18.950405 -1.516216 0.027012
v 18.415184 -1.694595 0.030190
v 18.415184 -1.516216 0.027012
v 18.593592 -1.516216 0.027012
v 18.058371 -1.694595 0.030190
v 18.058371 -1.516216 0.027012
v 18.236778 -1.516216 0.027012
v 17.701557 -1.694595 0.030190
v 17.701557 -1.516216 0.027012
v 17.879965 -1.516216 0.027012
v 17.344744 -1.694595 0.030190
v 17.344744 -1.516216 0.027012
v 17.523151 -1.516216 0.027012
v 16.987930 -1.694595 0.030190
v 16.987930 -1.516216 0.027012
v 17.166338 -1.516216 0.027012
v 16.631117 -1.694595 0.030190
v 16.631117 -1.516216 0.027012
v 16.809525 -1.516216 0.027012
v 16.274303 -1.694595 0.030190
v 16.274303 -1.516216 0.027012
v 16.452711 -1.516216 0.027012
v 15.917491 -1.694595 0.030190
v 15.917491 -1.516216 0.027012
v 16.095898 -1.516216 0.027012
v 19.128811 -1.337838 0.023834
v 19.128811 -1.159459 0.020656
v 19.307219 -1.159459 0.020656
v 18.771997 -1.337838 0.023834
v 18.771997 -1.159460 0.020656
v 18.950405 -1.159460 0.020656
v 18.415184 -1.337838 0.023834
v 18.415184 -1.159460 0.020656
v 18.593592 -1.159460 0.020656
v 18.058371 -1.337838 0.023834
v 18.058371 -1.159459 0.020656
v 18.236778 -1.159459 0.020656
v 17.701557 -1.337838 0.023834
v 17.701557 -1.159460 0.020656
v 17.879965 -1.159460 0.020656
v 17.344744 -1.337838 0.023834
v 17.344744 -1.159459 0.020656
v 17.523151 -1.159459 0.020656
v 16.987930 -1.337838 0.023834
v 16.987930 -1.159459 0.020656
v 17.166338 -1.159459 0.020656
v 16.631117 -1.337838 0.023834
v 16.631117 -1.159460 0.020656
v 16.809525 -1.159460 0.020656
v 16.274303 -1.337838 0.023834
v 16.274303 -1.159459 0.020656
v 16.452711 -1.159460 0.020656
v 15.917491 -1.337838 0.023834
v 15.917491 -1.159460 0.020656
v 16.095898 -1.159459 0.020656
v 19.128811 -0.981081 0.017478
v 19.128811 -0.802703 0.014300
v 19.307219 -0.802703 0.014300
v 18.771997 -0.981081 0.017478
v 18.771997 -0.802703 0.014300
v 18.950405 -0.802703 0.014300
v 18.415184 -0.981081 0.017478
v 18.415184 -0.802703 0.014300
v 18.593592 -0.802703 0.014300
v 18.058371 -0.981081 0.017478
v 18.058371 -0.802703 0.014300
v 18.236778 -0.802703 0.014300
v 17.701557 -0.981081 0.017478
v 17.701557 -0.802703 0.014300
v 17.879965 -0.802703 0.014300
v 17.344744 -0.981081 0.017478
v 17.344744 -0.802703 0.014300
v 17.523151 -0.802703 0.014300
v 16.987930 -0.981081 0.017478
v 16.987930 -0.802703 0.014300
v 17.166338 -0.802703 0.014300
v 16.631117 -0.981081 0.017478
v 16.631117 -0.802703 0.014300
v 16.809525 -0.802703 0.014300
v 16.274303 -0.981081 0.017478
v 16.274303 -0.802703 0.014300
v 16.452711 -0.802703 0.014300
v 15.917491 -0.981081 0.017478
v 15.917491 -0.802703 0.014300
v 16.095898 -0.802703 0.014300
v 19.128811 -0.624324 0.011122
v 19.128811 -0.445946 0.007945
v 19.307219 -0.445946 0.007945
v 18.771997 -0.624324 0.011122
v 18.771997 -0.445946 0.007945
v 18.950405 -0.445946 0.007945
v 18.415184 -0.624324 0.011122
v 18.415184 -0.445946 0.007945
v 18.593592 -0.445946 0.007945
v 18.058371 -0.624324 0.011122
v 18.058371 -0.445946 0.007945
v 18.236778 -0.445946 0.007945
v 17.701557 -0.624324 0.011122
v 17.701557 -0.445946 0.007945
v 17.879965 -0.445946 0.007945
v 17.344744 -0.624324 0.011122
v 17.344744 -0.445946 0.007945
v 17.523151 -0.445946 0.007945
v 16.987930 -0.624324 0.011122
v 16.987930 -0.445946 0.007945
v 17.166338 -0.445946 0.007945
v 16.631117 -0.624324 0.011122
v 16.631117 -0.445946 0.007945
v 16.809525 -0.445946 0.007945
v 16.274303 -0.624324 0.011122
v 16.274303 -0.445946 0.007945
v 16.452711 -0.445946 0.007945
v 15.917491 -0.624324 0.011122
v 15.917491 -0.445946 0.007945
v 16.095898 -0.445946 0.007945
v 19.128811 -0.267568 0.004767
v 19.128811 -0.089189 0.001589
v 19.307219 -0.089189 0.001589
v 18.771997 -0.267568 0.004767
v 18.771997 -0.089189 0.001589
v 18.950405 -0.089189 0.001589
v 18.415184 -0.267568 0.004767
v 18.415184 -0.089189 0.001589
v 18.593592 -0.089189 0.001589
v 18.058371 -0.267568 0.004767
v 18.058371 -0.089189 0.001589
v 18.236778 -0.089189 0.001589
v 17.701557 -0.267568 0.004767
v 17.701557 -0.089189 0.001589
v 17.879965 -0.089189 0.001589
v 17.344744 -0.267568 0.004767
v 17.344744 -0.089189 0.001589
v 17.523151 -0.089189 0.001589
v 16.987930 -0.267568 0.004767
v 16.987930 -0.089189 0.001589
v 17.166338 -0.089189 0.001589
v 16.631117 -0.267568 0.004767
v 16.631117 -0.089189 0.001589
v 16.809525 -0.089189 0.001589
v 16.274303 -0.267568 0.004767
v 16.274303 -0.089189 0.001589
v 16.452711 -0.089189 0.001589
v 15.917491 -0.267568 0.004767
v 15.917491 -0.089189 0.001589
v 16.095898 -0.089189 0.001589
v 19.128811 0.089189 -0.001589
v 19.128811 0.267568 -0.004767
v 19.307219 0.267568 -0.004767
v 18.771997 0.089189 -0.001589
v 18.771997 0.267568 -0.004767
v 18.950405 0.267568 -0.004767
v 18.415184 0.089189 -0.001589
v 18.415184 0.267568 -0.004767
v 18.593592 0.267568 -0.004767
v 18.058371 0.089189 -0.001589
v 18.058371 0.267568 -0.004767
v 18.236778 0.267568 -0.004767
v 17.701557 0.089189 -0.001589
v 17.701557 0.267568 -0.004767
v 17.879965 0.267568 -0.004767
v 17.344744 0.089189 -0.001589
v 17.344744 0.267568 -0.004767
v 17.523151 0.267568 -0.004767
v 16.987930 0.089189 -0.001589
v 16.987930 0.267568 -0.004767
v 17.166338 0.267568 -0.004767
v 16.631117 0.089189 -0.001589
v 16.631117 0.267568 -0.004767
v 16.809525 0.267568 -0.004767
v 16.274303 0.089189 -0.001589
v 16.274303 0.267568 -0.004767
v 16.452711 0.267568 -0.004767
v 15.917491 0.089189 -0.001589
v 15.917491 0.267568 -0.004767
v 16.095898 0.267568 -0.004767
v 19.128811 0.445946 -0.007945
v 19.128811 0.624324 -0.011122
v 19.307219 0.624324 -0.011122
v 18.771997 0.445946 -0.007945
v 18.771997 0.624324 -0.011122
v 18.950405 0.624324 -0.011122
v 18.415184 0.445946 -0.007945
v 18.415184 0.624324 -0.011122
v 18.593592 0.624324 -0.011122
v 18.058371 0.445946 -0.007945
v 18.058371 0.624324 -0.011122
v 18.236778 0.624324 -0.011122
v 17.701557 0.445946 -0.007945
v 17.701557 0.624324 -0.011122
v 17.879965 0.624324 -0.011122
v 17.344744 0.445946 -0.007945
v 17.344744 0.624324 -0.011122
v 17.523151 0.624324 -0.011122
v 16.987930 0.445946 -0.007945
v 16.987930 0.624324 -0.011122
v 17.166338 0.624324 -0.011122
v 16.631117 0.445946 -0.007945
v 16.631117 0.624324 -0.011122
v 16.809525 0.624324 -0.011122
v 16.274303 0.445946 -0.007945
v 16.274303 0.624324 -0.011122
v 16.452711 0.624324 -0.011122
v 15.917491 0.445946 -0.007945
v 15.917491 0.624324 -0.011122
v 16.095898 0.624324 -0.011122
v 19.128811 0.802703 -0.014300
v 19.128811 0.981081 -0.017478
v 19.307219 0.981081 -0.017478
v 18.771997 0.802703 -0.014300
v 18.771997 0.981081 -0.017478
v 18.950405 0.981081 -0.017478
v 18.415184 0.802703 -0.014300
v 18.415184 0.981081 -0.017478
v 18.593592 0.981081 -0.017478
v 18.058371 0.802703 -0.014300
v 18.058371 0.981081 -0.017478
v 18.236778 0.981081 -0.017478
v 17.701557 0.802703 -0.014300
v 17.701557 0.981081 -0.017478
v 17.879965 0.981081 -0.017478
v 17.344744 0.802703 -0.014300
v 17.344744 0.981081 -0.017478
v 17.523151 0.981081 -0.017478
v 16.987930 0.802703 -0.014300
v 16.987930 0.981081 -0.017478
v 17.166338 0.981081 -0.017478
v 16.631117 0.802703 -0.014300
v 16.631117 0.981081 -0.017478
v 16.809525 0.981081 -0.017478
v 16.274303 0.802703 -0.014300
v 16.274303 0.981081 -0.017478
v 16.452711 0.981081 -0.017478
v 15.917491 0.802703 -0.014300
v 15.917491 0.981081 -0.017478
v 16.095898 0.981081 -0.017478
v 19.128811 1.159459 -0.020656
v 19.128811 1.337838 -0.023834
v 19.307219 1.337838 -0.023834
v 18.771997 1.159460 -0.020656
v 18.771997 1.337838 -0.023834
v 18.950405 1.337838 -0.023834
v 18.415184 1.159460 -0.020656
v 18.415184 1.337838 -0.023834
v 18.593592 1.337838 -0.023834
v 18.058371 1.159459 -0.020656
v 18.058371 1.337838 -0.023834
v 18.236778 1.337838 -0.023834
v 17.701557 1.159460 -0.020656
v 17.701557 1.337838 -0.023834
v 17.879965 1.337838 -0.023834
v 17.344744 1.159459 -0.020656
v 17.344744 1.337838 -0.023834
v 17.523151 1.337838 -0.023834
v 16.987930 1.159459 -0.020656
v 16.987930 1.337838 -0.023834
v 17.166338 1.337838 -0.023834
v 16.631117 1.159460 -0.020656
v 16.631117 1.337838 -0.023834
v 16.809525 1.337838 -0.023834
v 16.274303 1.159459 -0.020656
v 16.274303 1.337838 -0.023834
v 16.452711 1.337838 -0.023834
v 15.917491 1.159460 -0.020656
v 15.917491 1.337838 -0.023834
v 16.095898 1.337838 -0.023834
v 19.128811 1.516216 -0.027012
v 19.128811 1.694594 -0.030190
v 19.307219 1.694594 -0.030190
v 18.771997 1.516216 -0.027012
v 18.771997 1.694595 -0.030190
v 18.950405 1.694595 -0.030190
v 18.415184 1.516216 -0.027012
v 18.415184 1.694595 -0.030190
v 18.593592 1.694595 -0.030190
v 18.058371 1.516216 -0.027012
v 18.058371 1.694594 -0.030190
v 18.236778 1.694594 -0.030190
v 17.701557 1.516216 -0.027012
v 17.701557 1.694595 -0.030190
v 17.879965 1.694595 -0.030190
v 17.344744 1.516216 -0.027012
v 17.344744 1.694595 -0.030190
v 17.523151 1.694595 -0.030190
v 16.987930 1.516216 -0.027012
v 16.987930 1.694595 -0.030190
v 17.166338 1.694595 -0.030190
v 16.631117 1.516216 -0.027012
v 16.631117 1.694595 -0.030190
v 16.809525 1.694595 -0.030190
v 16.274303 1.516216 -0.027012
v 16.274303 1.694594 -0.030190
v 16.452711 1.694595 -0.030190
v 15.917491 1.516216 -0.027012
v 15.917491 1.694595 -0.030190
v 16.095898 1.694594 -0.030190
v 18.345900 1.605405 -0.028601
v 18.415184 1.674679 -0.029835
v 18.484468 1.605405 -0.028601
v 18.415184 1.536132 -0.027367
v 16.720322 -0.376673 0.006711
v 16.789606 -0.445946 0.007945
v 16.720322 -0.515219 0.009179
v 16.651037 -0.445946 0.007945
v 18.702713 0.000000 -0.000000
v 18.771997 0.069273 -0.001234
v 18.841282 -0.000000 0.000000
v 18.771997 -0.069273 0.001234
v 17.097054 1.605405 -0.028601
v 17.166338 1.674679 -0.029835
v 17.235622 1.605405 -0.028601
v 17.166338 1.536132 -0.027367
v 19.019690 -1.427027 0.025423
v 18.950405 -1.496300 0.026657
v 18.881121 -1.427027 0.025423
v 18.950405 -1.357754 0.024189
v 16.026613 1.605405 -0.028601
v 16.095898 1.674679 -0.029835
v 16.165182 1.605405 -0.028601
v 16.095898 1.536132 -0.027367
v 16.205019 -0.178378 0.003178
v 16.274303 -0.109105 0.001944
v 16.343588 -0.178378 0.003178
v 16.274303 -0.247652 0.004412
v 18.682795 1.625321 -0.028955
v 18.613510 1.694595 -0.030190
v 18.682795 1.763868 -0.031424
v 18.752079 1.694595 -0.030190
v 17.592436 -1.070270 0.019067
v 17.523151 -1.139544 0.020301
v 17.453867 -1.070270 0.019067
v 17.523151 -1.000997 0.017833
v 19.218014 1.407111 -0.025068
v 19.287298 1.337838 -0.023834
v 19.218014 1.268564 -0.022600
v 19.148729 1.337838 -0.023834
v 15.848207 1.248649 -0.022245
v 15.917491 1.317922 -0.023479
v 15.986775 1.248649 -0.022245
v 15.917491 1.179375 -0.021011
v 18.524307 1.248649 -0.022245
v 18.593592 1.317922 -0.023479
v 18.662876 1.248649 -0.022245
v 18.593592 1.179375 -0.021011
v 16.918646 1.248649 -0.022245
v 16.987930 1.317922 -0.023479
v 17.057215 1.248649 -0.022245
v 16.987930 1.179375 -0.021011
v 18.702713 0.178378 -0.003178
v 18.771997 0.247652 -0.004412
v 18.841282 0.178378 -0.003178
v 18.771997 0.109105 -0.001944
v 17.632273 1.248649 -0.022245
v 17.701557 1.317922 -0.023479
v 17.770842 1.248649 -0.022245
v 17.701557 1.179375 -0.021011
v 18.325981 -0.555051 0.009888
v 18.395266 -0.624324 0.011122
v 18.325981 -0.693598 0.012357
v 18.256697 -0.624324 0.011122
v 16.185101 1.625321 -0.028955
v 16.115816 1.694594 -0.030190
v 16.185101 1.763868 -0.031424
v 16.254385 1.694594 -0.030190
v 16.006695 -1.407111 0.025068
v 15.937409 -1.337838 0.023834
v 16.006695 -1.268564 0.022600
v 16.075979 -1.337838 0.023834
v 16.006695 1.763868 -0.031424
v 16.075979 1.694594 -0.030190
v 16.006695 1.625321 -0.028955
v 15.937409 1.694595 -0.030190
v 19.059526 1.248649 -0.022245
v 19.128811 1.317922 -0.023479
v 19.198095 1.248649 -0.022245
v 19.128811 1.179375 -0.021011
v 16.521996 0.356757 -0.006356
v 16.452711 0.287483 -0.005122
v 16.383427 0.356757 -0.006356
v 16.452711 0.426030 -0.007590
v 18.147573 1.407111 -0.025068
v 18.216858 1.337838 -0.023834
v 18.147573 1.268564 -0.022600
v 18.078289 1.337838 -0.023834
v 17.612354 0.158463 -0.002823
v 17.681639 0.089189 -0.001589
v 17.612354 0.019916 -0.000355
v 17.543070 0.089189 -0.001589
v 17.275459 0.891892 -0.015889
v 17.344744 0.961165 -0.017123
v 17.414028 0.891892 -0.015889
v 17.344744 0.822618 -0.014655
v 17.632273 0.891892 -0.015889
v 17.701557 0.961165 -0.017123
v 17.770842 0.891892 -0.015889
v 17.701557 0.822618 -0.014655
v 17.790760 -0.376673 0.006711
v 17.860046 -0.445946 0.007945
v 17.790760 -0.515219 0.009179
v 17.721478 -0.445946 0.007945
v 18.504387 1.050354 -0.018712
v 18.573671 0.981081 -0.017478
v 18.504387 0.911808 -0.016244
v 18.435102 0.981081 -0.017478
v 18.504387 -1.407111 0.025068
v 18.435102 -1.337838 0.023834
v 18.504387 -1.268564 0.022600
v 18.573671 -1.337838 0.023834
v 16.561832 -1.605405 0.028601
v 16.631117 -1.536132 0.027367
v 16.700401 -1.605405 0.028601
v 16.631117 -1.674679 0.029835
v 18.504387 0.733429 -0.013066
v 18.435102 0.802703 -0.014300
v 18.504387 0.871976 -0.015534
v 18.573671 0.802703 -0.014300
v 19.376503 -0.356757 0.006356
v 19.307219 -0.426030 0.007590
v 19.237934 -0.356757 0.006356
v 19.307219 -0.287483 0.005122
v 18.524307 0.891892 -0.015889
v 18.593592 0.961165 -0.017123
v 18.662876 0.891892 -0.015889
v 18.593592 0.822618 -0.014655
v 17.077135 0.376672 -0.006711
v 17.007851 0.445946 -0.007945
v 17.077135 0.515219 -0.009179
v 17.146420 0.445946 -0.007945
v 17.969168 0.871976 -0.015534
v 18.038452 0.802703 -0.014300
v 17.969168 0.733429 -0.013066
v 17.899883 0.802703 -0.014300
v 17.612354 -1.268564 0.022600
v 17.681639 -1.337838 0.023834
v 17.612354 -1.407111 0.025068
v 17.543070 -1.337838 0.023834
v 17.632273 0.535135 -0.009534
v 17.701557 0.604409 -0.010768
v 17.770842 0.535135 -0.009534
v 17.701557 0.465862 -0.008299
v 18.147573 0.693598 -0.012357
v 18.216858 0.624324 -0.011122
v 18.147573 0.555051 -0.009888
v 18.078289 0.624324 -0.011122
v 17.989086 0.535135 -0.009534
v 18.058371 0.604408 -0.010768
v 18.127655 0.535135 -0.009534
v 18.058371 0.465862 -0.008299
v 18.345900 0.356757 -0.006356
v 18.415184 0.426030 -0.007590
v 18.484468 0.356757 -0.006356
v 18.415184 0.287483 -0.005122
v 16.185101 1.585490 -0.028246
v 16.254385 1.516216 -0.027012
v 16.185101 1.446943 -0.025778
v 16.115816 1.516216 -0.027012
v 19.059526 -0.713513 0.012711
v 19.128811 -0.644240 0.011477
v 19.198095 -0.713513 0.012711
v 19.128811 -0.782787 0.013946
v 17.097054 0.178378 -0.003178
v 17.166338 0.247652 -0.004412
v 17.235622 0.178378 -0.003178
v 17.166338 0.109105 -0.001944
v 17.255541 -1.268564 0.022600
v 17.324825 -1.337838 0.023834
v 17.255541 -1.407111 0.025068
v 17.186256 -1.337838 0.023834
v 17.255541 0.158463 -0.002823
v 17.324825 0.089189 -0.001589
v 17.255541 0.019916 -0.000355
v 17.186256 0.089189 -0.001589
v 16.918646 -0.000000 0.000000
v 16.987930 0.069273 -0.001234
v 17.057215 -0.000000 0.000000
v 16.987930 -0.069273 0.001234
v 18.306063 -0.356757 0.006356
v 18.236778 -0.426030 0.007590
v 18.167494 -0.356757 0.006356
v 18.236778 -0.287483 0.005122
v 16.740240 0.178378 -0.003178
v 16.809525 0.247652 -0.004412
v 16.878809 0.178378 -0.003178
v 16.809525 0.109105 -0.001944
v 17.612354 -0.158463 0.002823
v 17.543070 -0.089189 0.001589
v 17.612354 -0.019916 0.000355
v 17.681639 -0.089189 0.001589
v 16.205019 0.178378 -0.003178
v 16.274303 0.247652 -0.004412
v 16.343588 0.178378 -0.003178
v 16.274303 0.109105 -0.001944
v 19.376503 1.427027 -0.025423
v 19.307219 1.357754 -0.024189
v 19.237934 1.427027 -0.025423
v 19.307219 1.496300 -0.026657
v 18.682795 0.911808 -0.016244
v 18.613510 0.981081 -0.017478
v 18.682795 1.050354 -0.018712
v 18.752079 0.981081 -0.017478
v 16.521996 -0.356757 0.006356
v 16.452711 -0.426030 0.007590
v 16.383427 -0.356757 0.006356
v 16.452711 -0.287483 0.005122
v 16.720322 -0.019916 0.000355
v 16.789606 -0.089189 0.001589
v 16.720322 -0.158463 0.002823
v 16.651037 -0.089189 0.001589
v 19.218014 0.336841 -0.006001
v 19.287298 0.267568 -0.004767
v 19.218014 0.198294 -0.003533
v 19.148729 0.267568 -0.004767
v 17.632273 -0.356757 0.006356
v 17.701557 -0.287483 0.005122
v 17.770842 -0.356757 0.006356
v 17.701557 -0.426030 0.007590
v 17.989086 -1.070270 0.019067
v 18.058371 -1.000997 0.017833
v 18.127655 -1.070270 0.019067
v 18.058371 -1.139544 0.020301
v 17.790760 -1.050354 0.018712
v 17.721476 -0.981081 0.017478
v 17.790760 -0.911808 0.016244
v 17.860046 -0.981081 0.017478
v 19.218014 0.733429 -0.013066
v 19.148729 0.802703 -0.014300
v 19.218014 0.871976 -0.015534
v 19.287298 0.802703 -0.014300
v 18.524307 1.605405 -0.028601
v 18.593592 1.674679 -0.029835
v 18.662876 1.605405 -0.028601
v 18.593592 1.536132 -0.027367
v 18.682795 0.198294 -0.003533
v 18.613510 0.267568 -0.004767
v 18.682795 0.336841 -0.006001
v 18.752079 0.267568 -0.004767
v 17.810680 -0.535135 0.009534
v 17.879965 -0.465862 0.008299
v 17.949249 -0.535135 0.009534
v 17.879965 -0.604409 0.010768
v 18.147573 -0.336841 0.006001
v 18.078289 -0.267568 0.004767
v 18.147573 -0.198294 0.003533
v 18.216858 -0.267568 0.004767
v 18.662876 0.356757 -0.006356
v 18.593592 0.287483 -0.005122
v 18.524307 0.356757 -0.006356
v 18.593592 0.426030 -0.007590
v 18.504387 -0.336841 0.006001
v 18.435102 -0.267568 0.004767
v 18.504387 -0.198294 0.003533
v 18.573671 -0.267568 0.004767
v 19.039608 1.625321 -0.028955
v 18.970324 1.694595 -0.030190
v 19.039608 1.763868 -0.031424
v 19.108892 1.694594 -0.030190
v 18.682795 0.555051 -0.009888
v 18.613510 0.624324 -0.011122
v 18.682795 0.693598 -0.012357
v 18.752079 0.624324 -0.011122
v 19.376503 -0.713513 0.012711
v 19.307219 -0.782787 0.013946
v 19.237934 -0.713513 0.012711
v 19.307219 -0.644240 0.011477
v 18.147573 -1.050354 0.018712
v 18.078289 -0.981081 0.017478
v 18.147573 -0.911808 0.016244
v 18.216858 -0.981081 0.017478
v 16.541914 0.515219 -0.009179
v 16.611198 0.445946 -0.007945
v 16.541914 0.376672 -0.006711
v 16.472630 0.445946 -0.007945
v 16.363508 -0.733429 0.013066
v 16.432793 -0.802703 0.014300
v 16.363508 -0.871976 0.015534
v 16.294224 -0.802703 0.014300
v 18.702713 0.535135 -0.009534
v 18.771997 0.604409 -0.010768
v 18.841282 0.535135 -0.009534
v 18.771997 0.465862 -0.008299
v 16.185101 0.555051 -0.009888
v 16.115816 0.624324 -0.011122
v 16.185101 0.693598 -0.012357
v 16.254385 0.624324 -0.011122
v 16.185101 0.515219 -0.009179
v 16.254385 0.445946 -0.007945
v 16.185101 0.376672 -0.006711
v 16.115816 0.445946 -0.007945
v 18.325981 0.198294 -0.003533
v 18.256697 0.267568 -0.004767
v 18.325981 0.336841 -0.006001
v 18.395266 0.267568 -0.004767
v 16.561832 -0.891892 0.015889
v 16.631117 -0.822618 0.014655
v 16.700401 -0.891892 0.015889
v 16.631117 -0.961165 0.017123
v 18.861200 0.733429 -0.013066
v 18.791916 0.802703 -0.014300
v 18.861200 0.871976 -0.015534
v 18.930485 0.802703 -0.014300
v 18.504387 -1.050354 0.018712
v 18.435102 -0.981081 0.017478
v 18.504387 -0.911808 0.016244
v 18.573671 -0.981081 0.017478
v 18.504387 1.090186 -0.019422
v 18.435102 1.159460 -0.020656
v 18.504387 1.228733 -0.021890
v 18.573671 1.159460 -0.020656
v 18.345900 1.248649 -0.022245
v 18.415184 1.317922 -0.023479
v 18.484468 1.248649 -0.022245
v 18.415184 1.179375 -0.021011
v 18.861200 -0.376673 0.006711
v 18.930485 -0.445946 0.007945
v 18.861200 -0.515219 0.009179
v 18.791916 -0.445946 0.007945
v 19.218014 -1.050354 0.018712
v 19.148729 -0.981081 0.017478
v 19.218014 -0.911808 0.016244
v 19.287298 -0.981081 0.017478
v 16.521996 -1.070270 0.019067
v 16.452711 -1.139544 0.020301
v 16.383427 -1.070270 0.019067
v 16.452711 -1.000997 0.017833
v 18.524307 -0.891892 0.015889
v 18.593592 -0.822618 0.014655
v 18.662876 -0.891892 0.015889
v 18.593592 -0.961165 0.017123
v 17.433949 -0.733429 0.013066
v 17.503233 -0.802703 0.014300
v 17.433949 -0.871976 0.015534
v 17.364664 -0.802703 0.014300
v 17.949249 1.070270 -0.019067
v 17.879965 1.000997 -0.017833
v 17.810680 1.070270 -0.019067
v 17.879965 1.139544 -0.020301
v 16.561832 1.605405 -0.028601
v 16.631117 1.674679 -0.029835
v 16.700401 1.605405 -0.028601
v 16.631117 1.536132 -0.027367
v 19.019690 -0.356757 0.006356
v 18.950405 -0.426030 0.007590
v 18.881121 -0.356757 0.006356
v 18.950405 -0.287483 0.005122
v 18.881121 1.605405 -0.028601
v 18.950405 1.674679 -0.029835
v 19.019690 1.605405 -0.028601
v 18.950405 1.536132 -0.027367
v 16.205019 -1.248649 0.022245
v 16.274303 -1.179375 0.021011
v 16.343588 -1.248649 0.022245
v 16.274303 -1.317922 0.023479
v 16.165182 1.070270 -0.019067
v 16.095898 1.000997 -0.017833
v 16.026613 1.070270 -0.019067
v 16.095898 1.139544 -0.020301
v 17.810680 1.248649 -0.022245
v 17.879965 1.317922 -0.023479
v 17.949249 1.248649 -0.022245
v 17.879965 1.179375 -0.021011
v 15.848207 -1.605405 0.028601
v 15.917491 -1.536132 0.027367
v 15.986775 -1.605405 0.028601
v 15.917491 -1.674679 0.029835
v 17.077135 -1.407111 0.025068
v 17.007851 -1.337838 0.023834
v 17.077135 -1.268564 0.022600
v 17.146420 -1.337838 0.023834
v 16.898727 0.515219 -0.009179
v 16.968012 0.445946 -0.007945
v 16.898727 0.376672 -0.006711
v 16.829443 0.445946 -0.007945
v 18.524307 -0.535135 0.009534
v 18.593592 -0.465862 0.008299
v 18.662876 -0.535135 0.009534
v 18.593592 -0.604409 0.010768
v 17.989086 -0.178378 0.003178
v 18.058371 -0.109105 0.001944
v 18.127655 -0.178378 0.003178
v 18.058371 -0.247652 0.004412
v 18.881121 -1.605405 0.028601
v 18.950405 -1.536132 0.027367
v 19.019690 -1.605405 0.028601
v 18.950405 -1.674679 0.029835
v 18.861200 -1.090186 0.019422
v 18.930485 -1.159460 0.020656
v 18.861200 -1.228733 0.021890
v 18.791916 -1.159460 0.020656
v 16.165182 1.427027 -0.025423
v 16.095898 1.357754 -0.024189
v 16.026613 1.427027 -0.025423
v 16.095898 1.496300 -0.026657
v 19.218014 -1.446943 0.025778
v 19.287298 -1.516216 0.027012
v 19.218014 -1.585490 0.028246
v 19.148729 -1.516216 0.027012
v 19.059526 -1.070270 0.019067
v 19.128811 -1.000997 0.017833
v 19.198095 -1.070270 0.019067
v 19.128811 -1.139544 0.020301
v 16.383427 -1.605405 0.028601
v 16.452711 -1.536132 0.027367
v 16.521996 -1.605405 0.028601
v 16.452711 -1.674679 0.029835
v 15.848207 -1.427027 0.025423
v 15.917491 -1.357754 0.024189
v 15.986775 -1.427027 0.025423
v 15.917491 -1.496300 0.026657
v 18.702713 -1.605405 0.028601
v 18.771997 -1.536132 0.027367
v 18.841282 -1.605405 0.028601
v 18.771997 -1.674679 0.029835
v 16.363508 1.050354 -0.018712
v 16.432793 0.981081 -0.017478
v 16.363508 0.911808 -0.016244
v 16.294224 0.981081 -0.017478
v 16.561832 -0.356757 0.006356
v 16.631117 -0.287483 0.005122
v 16.700401 -0.356757 0.006356
v 16.631117 -0.426030 0.007590
v 19.039608 -0.515219 0.009179
v 18.970324 -0.445946 0.007945
v 19.039608 -0.376673 0.006711
v 19.108892 -0.445946 0.007945
v 18.345900 -1.605405 0.028601
v 18.415184 -1.536132 0.027367
v 18.484468 -1.605405 0.028601
v 18.415184 -1.674679 0.029835
v 17.790760 -1.446943 0.025778
v 17.860046 -1.516216 0.027012
v 17.790760 -1.585490 0.028246
v 17.721478 -1.516216 0.027012
v 16.918646 -1.605405 0.028601
v 16.987930 -1.536132 0.027367
v 17.057215 -1.605405 0.028601
v 16.987930 -1.674679 0.029835
v 17.592436 -1.427027 0.025423
v 17.523151 -1.496300 0.026657
v 17.453867 -1.427027 0.025423
v 17.523151 -1.357754 0.024189
v 17.097054 -1.605405 0.028601
v 17.166338 -1.536132 0.027367
v 17.235622 -1.605405 0.028601
v 17.166338 -1.674679 0.029835
v 17.235622 -1.427027 0.025423
v 17.166338 -1.496300 0.026657
v 17.097054 -1.427027 0.025423
v 17.166338 -1.357754 0.024189
v 18.524307 -1.605405 0.028601
v 18.593592 -1.536132 0.027367
v 18.662876 -1.605405 0.028601
v 18.593592 -1.674679 0.029835
v 19.059526 -0.891892 0.015889
v 19.128811 -0.822618 0.014655
v 19.198095 -0.891892 0.015889
v 19.128811 -0.961165 0.017123
v 16.363508 -1.446943 0.025778
v 16.432793 -1.516216 0.027012
v 16.363508 -1.585490 0.028246
v 16.294224 -1.516216 0.027012
v 16.898727 -1.268564 0.022600
v 16.968012 -1.337838 0.023834
v 16.898727 -1.407111 0.025068
v 16.829443 -1.337838 0.023834
v 17.632273 -1.605405 0.028601
v 17.701557 -1.536132 0.027367
v 17.770842 -1.605405 0.028601
v 17.701557 -1.674679 0.029835
v 19.039608 -1.228733 0.021890
v 18.970324 -1.159460 0.020656
v 19.039608 -1.090186 0.019422
v 19.108892 -1.159459 0.020656
v 16.720322 -1.763868 0.031424
v 16.651037 -1.694595 0.030190
v 16.720322 -1.625321 0.028955
v 16.789606 -1.694595 0.030190
v 18.662876 -0.713513 0.012711
v 18.593592 -0.782787 0.013946
v 18.524307 -0.713513 0.012711
v 18.593592 -0.644240 0.011477
v 15.848207 -1.248649 0.022245
v 15.917491 -1.179375 0.021011
v 15.986775 -1.248649 0.022245
v 15.917491 -1.317922 0.023479
v 18.345900 -1.248649 0.022245
v 18.415184 -1.179375 0.021011
v 18.484468 -1.248649 0.022245
v 18.415184 -1.317922 0.023479
v 18.682795 -1.228733 0.021890
v 18.613510 -1.159460 0.020656
v 18.682795 -1.090186 0.019422
v 18.752079 -1.159460 0.020656
v 16.541914 -0.871976 0.015534
v 16.472630 -0.802703 0.014300
v 16.541914 -0.733429 0.013066
v 16.611198 -0.802703 0.014300
v 18.504387 -1.446943 0.025778
v 18.573671 -1.516216 0.027012
v 18.504387 -1.585490 0.028246
v 18.435102 -1.516216 0.027012
v 16.898727 -0.911808 0.016244
v 16.968012 -0.981081 0.017478
v 16.898727 -1.050354 0.018712
v 16.829443 -0.981081 0.017478
v 18.861200 -0.019916 0.000355
v 18.930485 -0.089189 0.001589
v 18.861200 -0.158463 0.002823
v 18.791916 -0.089189 0.001589
v 18.682795 -0.158463 0.002823
v 18.613510 -0.089189 0.001589
v 18.682795 -0.019916 0.000355
v 18.752079 -0.089189 0.001589
v 17.433949 -1.090186 0.019422
v 17.503233 -1.159459 0.020656
v 17.433949 -1.228733 0.021890
v 17.364664 -1.159459 0.020656
v 19.237934 1.605405 -0.028601
v 19.307219 1.674679 -0.029835
v 19.376503 1.605405 -0.028601
v 19.307219 1.536132 -0.027367
v 17.077135 -1.090186 0.019422
v 17.146420 -1.159459 0.020656
v 17.077135 -1.228733 0.021890
v 17.007851 -1.159459 0.020656
v 17.235622 -1.070270 0.019067
v 17.166338 -1.139544 0.020301
v 17.097054 -1.070270 0.019067
v 17.166338 -1.000997 0.017833
v 16.541914 0.911808 -0.016244
v 16.472630 0.981081 -0.017478
v 16.541914 1.050354 -0.018712
v 16.611198 0.981081 -0.017478
v 15.848207 -0.178378 0.003178
v 15.917491 -0.109105 0.001944
v 15.986775 -0.178378 0.003178
v 15.917491 -0.247652 0.004412
v 18.861200 1.763868 -0.031424
v 18.930485 1.694595 -0.030190
v 18.861200 1.625321 -0.028955
v 18.791916 1.694595 -0.030190
v 19.376503 -1.070270 0.019067
v 19.307219 -1.139544 0.020301
v 19.237934 -1.070270 0.019067
v 19.307219 -1.000997 0.017833
v 19.218014 -1.407111 0.025068
v 19.148729 -1.337838 0.023834
v 19.218014 -1.268564 0.022600
v 19.287298 -1.337838 0.023834
v 16.541914 1.228733 -0.021890
v 16.611198 1.159460 -0.020656
v 16.541914 1.090186 -0.019422
v 16.472630 1.159460 -0.020656
v 18.702713 -1.070270 0.019067
v 18.771997 -1.000997 0.017833
v 18.841282 -1.070270 0.019067
v 18.771997 -1.139544 0.020301
v 17.612354 1.625321 -0.028955
v 17.543070 1.694595 -0.030190
v 17.612354 1.763868 -0.031424
v 17.681639 1.694595 -0.030190
v 16.720322 -1.407111 0.025068
v 16.651037 -1.337838 0.023834
v 16.720322 -1.268564 0.022600
v 16.789606 -1.337838 0.023834
v 18.167494 -1.605405 0.028601
v 18.236778 -1.536132 0.027367
v 18.306063 -1.605405 0.028601
v 18.236778 -1.674679 0.029835
v 18.504387 -0.733429 0.013066
v 18.573671 -0.802703 0.014300
v 18.504387 -0.871976 0.015534
v 18.435102 -0.802703 0.014300
v 19.039608 -0.555051 0.009888
v 19.108892 -0.624324 0.011122
v 19.039608 -0.693598 0.012357
v 18.970324 -0.624324 0.011122
v 19.019690 1.070270 -0.019067
v 18.950405 1.000997 -0.017833
v 18.881121 1.070270 -0.019067
v 18.950405 1.139544 -0.020301
v 18.861200 1.050354 -0.018712
v 18.930485 0.981081 -0.017478
v 18.861200 0.911808 -0.016244
v 18.791916 0.981081 -0.017478
v 17.810680 -0.891892 0.015889
v 17.879965 -0.822618 0.014655
v 17.949249 -0.891892 0.015889
v 17.879965 -0.961165 0.017123
v 17.969168 1.228733 -0.021890
v 18.038452 1.159459 -0.020656
v 17.969168 1.090186 -0.019422
v 17.899883 1.159460 -0.020656
v 17.453867 -0.891892 0.015889
v 17.523151 -0.822618 0.014655
v 17.592436 -0.891892 0.015889
v 17.523151 -0.961165 0.017123
v 17.255541 0.198294 -0.003533
v 17.186256 0.267568 -0.004767
v 17.255541 0.336841 -0.006001
v 17.324825 0.267568 -0.004767
v 17.097054 -0.891892 0.015889
v 17.166338 -0.822618 0.014655
v 17.235622 -0.891892 0.015889
v 17.166338 -0.961165 0.017123
v 17.969168 0.555051 -0.009888
v 17.899883 0.624324 -0.011122
v 17.969168 0.693598 -0.012357
v 18.038452 0.624324 -0.011122
v 16.720322 -1.050354 0.018712
v 16.651037 -0.981081 0.017478
v 16.720322 -0.911808 0.016244
v 16.789606 -0.981081 0.017478
v 18.325981 -0.911808 0.016244
v 18.395266 -0.981081 0.017478
v 18.325981 -1.050354 0.018712
v 18.256697 -0.981081 0.017478
v 19.237934 -0.891892 0.015889
v 19.307219 -0.822618 0.014655
v 19.376503 -0.891892 0.015889
v 19.307219 -0.961165 0.017123
v 17.077135 1.090186 -0.019422
v 17.007851 1.159459 -0.020656
v 17.077135 1.228733 -0.021890
v 17.146420 1.159459 -0.020656
v 16.205019 -0.713513 0.012711
v 16.274303 -0.644240 0.011477
v 16.343588 -0.713513 0.012711
v 16.274303 -0.782787 0.013946
v 16.898727 -0.555051 0.009888
v 16.968012 -0.624324 0.011122
v 16.898727 -0.693598 0.012357
v 16.829443 -0.624324 0.011122
v 16.541914 0.555051 -0.009888
v 16.472630 0.624324 -0.011122
v 16.541914 0.693598 -0.012357
v 16.611198 0.624324 -0.011122
v 16.918646 -0.891892 0.015889
v 16.987930 -0.822618 0.014655
v 17.057215 -0.891892 0.015889
v 16.987930 -0.961165 0.017123
v 18.147573 0.733429 -0.013066
v 18.078289 0.802703 -0.014300
v 18.147573 0.871976 -0.015534
v 18.216858 0.802703 -0.014300
v 19.059526 0.178378 -0.003178
v 19.128811 0.247652 -0.004412
v 19.198095 0.178378 -0.003178
v 19.128811 0.109105 -0.001944
v 18.147573 1.050354 -0.018712
v 18.216858 0.981081 -0.017478
v 18.147573 0.911808 -0.016244
v 18.078289 0.981081 -0.017478
v 16.918646 -0.713513 0.012711
v 16.987930 -0.644240 0.011477
v 17.057215 -0.713513 0.012711
v 16.987930 -0.782787 0.013946
v 18.147573 -0.376673 0.006711
v 18.216858 -0.445946 0.007945
v 18.147573 -0.515219 0.009179
v 18.078289 -0.445946 0.007945
v 16.541914 -0.555051 0.009888
v 16.611198 -0.624324 0.011122
v 16.541914 -0.693598 0.012357
v 16.472630 -0.624324 0.011122
v 18.147573 1.090186 -0.019422
v 18.078289 1.159459 -0.020656
v 18.147573 1.228733 -0.021890
v 18.216858 1.159459 -0.020656
v 18.345900 1.427027 -0.025423
v 18.415184 1.496300 -0.026657
v 18.484468 1.427027 -0.025423
v 18.415184 1.357754 -0.024189
v 16.918646 -0.535135 0.009534
v 16.987930 -0.465862 0.008299
v 17.057215 -0.535135 0.009534
v 16.987930 -0.604409 0.010768
v 17.612354 -0.198294 0.003533
v 17.681639 -0.267568 0.004767
v 17.612354 -0.336841 0.006001
v 17.543070 -0.267568 0.004767
v 19.019690 0.356757 -0.006356
v 18.950405 0.287483 -0.005122
v 18.881121 0.356757 -0.006356
v 18.950405 0.426030 -0.007590
v 18.345900 -0.356757 0.006356
v 18.415184 -0.287483 0.005122
v 18.484468 -0.356757 0.006356
v 18.415184 -0.426030 0.007590
v 16.918646 -1.070270 0.019067
v 16.987930 -1.000997 0.017833
v 17.057215 -1.070270 0.019067
v 16.987930 -1.139544 0.020301
v 16.898727 1.228733 -0.021890
v 16.968012 1.159459 -0.020656
v 16.898727 1.090186 -0.019422
v 16.829443 1.159460 -0.020656
v 16.918646 1.427027 -0.025423
v 16.987930 1.496300 -0.026657
v 17.057215 1.427027 -0.025423
v 16.987930 1.357754 -0.024189
v 17.255541 1.585490 -0.028246
v 17.324825 1.516216 -0.027012
v 17.255541 1.446943 -0.025778
v 17.186256 1.516216 -0.027012
v 18.147573 -1.090186 0.019422
v 18.216858 -1.159459 0.020656
v 18.147573 -1.228733 0.021890
v 18.078289 -1.159459 0.020656
v 18.702713 -0.356757 0.006356
v 18.771997 -0.287483 0.005122
v 18.841282 -0.356757 0.006356
v 18.771997 -0.426030 0.007590
v 17.989086 1.070270 -0.019067
v 18.058371 1.139544 -0.020301
v 18.127655 1.070270 -0.019067
v 18.058371 1.000997 -0.017833
v 16.006695 -1.763868 0.031424
v 15.937409 -1.694595 0.030190
v 16.006695 -1.625321 0.028955
v 16.075979 -1.694595 0.030190
v 16.541914 -0.911808 0.016244
v 16.611198 -0.981081 0.017478
v 16.541914 -1.050354 0.018712
v 16.472630 -0.981081 0.017478
v 17.275459 -1.248649 0.022245
v 17.344744 -1.179375 0.021011
v 17.414028 -1.248649 0.022245
v 17.344744 -1.317922 0.023479
v 19.019690 -0.000000 0.000000
v 18.950405 -0.069273 0.001234
v 18.881121 0.000000 -0.000000
v 18.950405 0.069273 -0.001234
v 17.255541 0.871976 -0.015534
v 17.324825 0.802703 -0.014300
v 17.255541 0.733429 -0.013066
v 17.186256 0.802703 -0.014300
v 18.167494 -0.178378 0.003178
v 18.236778 -0.109105 0.001944
v 18.306063 -0.178378 0.003178
v 18.236778 -0.247652 0.004412
v 18.325981 0.158463 -0.002823
v 18.395266 0.089189 -0.001589
v 18.325981 0.019916 -0.000355
v 18.256697 0.089189 -0.001589
v 17.790760 -0.019916 0.000355
v 17.860046 -0.089189 0.001589
v 17.790760 -0.158463 0.002823
v 17.721476 -0.089189 0.001589
v 17.255541 -0.198294 0.003533
v 17.324825 -0.267568 0.004767
v 17.255541 -0.336841 0.006001
v 17.186256 -0.267568 0.004767
v 17.433949 -0.019916 0.000355
v 17.503233 -0.089189 0.001589
v 17.433949 -0.158463 0.002823
v 17.364664 -0.089189 0.001589
v 16.561832 -0.000000 0.000000
v 16.631117 0.069273 -0.001234
v 16.700401 -0.000000 0.000000
v 16.631117 -0.069273 0.001234
v 17.632273 0.356757 -0.006356
v 17.701557 0.426030 -0.007590
v 17.770842 0.356757 -0.006356
v 17.701557 0.287483 -0.005122
v 17.612354 0.555051 -0.009888
v 17.543070 0.624324 -0.011122
v 17.612354 0.693598 -0.012357
v 17.681639 0.624324 -0.011122
v 17.632273 -0.178378 0.003178
v 17.701557 -0.109105 0.001944
v 17.770842 -0.178378 0.003178
v 17.701557 -0.247652 0.004412
v 17.255541 1.625321 -0.028955
v 17.186256 1.694595 -0.030190
v 17.255541 1.763868 -0.031424
v 17.324825 1.694595 -0.030190
v 16.205019 0.891892 -0.015889
v 16.274303 0.961165 -0.017123
v 16.343588 0.891892 -0.015889
v 16.274303 0.822618 -0.014655
v 16.363508 1.446943 -0.025778
v 16.294224 1.516216 -0.027012
v 16.363508 1.585490 -0.028246
v 16.432793 1.516216 -0.027012
v 18.662876 1.070270 -0.019067
v 18.593592 1.000997 -0.017833
v 18.524307 1.070270 -0.019067
v 18.593592 1.139544 -0.020301
v 16.383427 0.178378 -0.003178
v 16.452711 0.247652 -0.004412
v 16.521996 0.178378 -0.003178
v 16.452711 0.109105 -0.001944
v 19.237934 0.178378 -0.003178
v 19.307219 0.247652 -0.004412
v 19.376503 0.178378 -0.003178
v 19.307219 0.109105 -0.001944
v 17.275459 -1.427027 0.025423
v 17.344744 -1.357754 0.024189
v 17.414028 -1.427027 0.025423
v 17.344744 -1.496300 0.026657
v 17.255541 1.228733 -0.021890
v 17.324825 1.159459 -0.020656
v 17.255541 1.090186 -0.019422
v 17.186256 1.159459 -0.020656
v 15.848207 0.535135 -0.009534
v 15.917491 0.604409 -0.010768
v 15.986775 0.535135 -0.009534
v 15.917491 0.465862 -0.008299
v 17.790760 0.336841 -0.006001
v 17.860046 0.267568 -0.004767
v 17.790760 0.198294 -0.003533
v 17.721476 0.267568 -0.004767
v 18.345900 0.535135 -0.009534
v 18.415184 0.604409 -0.010768
v 18.484468 0.535135 -0.009534
v 18.415184 0.465862 -0.008299
v 18.325981 -0.158463 0.002823
v 18.256697 -0.089189 0.001589
v 18.325981 -0.019916 0.000355
v 18.395266 -0.089189 0.001589
v 18.504387 0.336841 -0.006001
v 18.573671 0.267568 -0.004767
v 18.504387 0.198294 -0.003533
v 18.435102 0.267568 -0.004767
v 16.561832 0.178378 -0.003178
v 16.631117 0.247652 -0.004412
v 16.700401 0.178378 -0.003178
v 16.631117 0.109105 -0.001944
v 17.077135 -0.019916 0.000355
v 17.146420 -0.089189 0.001589
v 17.077135 -0.158463 0.002823
v 17.007851 -0.089189 0.001589
v 16.918646 0.178378 -0.003178
v 16.987930 0.247652 -0.004412
v 17.057215 0.178378 -0.003178
v 16.987930 0.109105 -0.001944
v 18.662876 -0.000000 0.000000
v 18.593592 -0.069273 0.001234
v 18.524307 -0.000000 0.000000
v 18.593592 0.069273 -0.001234
v 17.077135 0.019916 -0.000355
v 17.007851 0.089189 -0.001589
v 17.077135 0.158463 -0.002823
v 17.146420 0.089189 -0.001589
v 17.275459 0.356757 -0.006356
v 17.344744 0.426030 -0.007590
v 17.414028 0.356757 -0.006356
v 17.344744 0.287483 -0.005122
v 17.097054 0.535135 -0.009534
v 17.166338 0.604409 -0.010768
v 17.235622 0.535135 -0.009534
v 17.166338 0.465862 -0.008299
v 17.275459 -0.535135 0.009534
v 17.344744 -0.465862 0.008299
v 17.414028 -0.535135 0.009534
v 17.344744 -0.604409 0.010768
v 16.026613 0.178378 -0.003178
v 16.095898 0.247652 -0.004412
v 16.165182 0.178378 -0.003178
v 16.095898 0.109105 -0.001944
v 16.205019 -0.535135 0.009534
v 16.274303 -0.465862 0.008299
v 16.343588 -0.535135 0.009534
v 16.274303 -0.604409 0.010768
v 16.363508 0.376672 -0.006711
v 16.294224 0.445946 -0.007945
v 16.363508 0.515219 -0.009179
v 16.432793 0.445946 -0.007945
v 16.383427 -0.891892 0.015889
v 16.452711 -0.822618 0.014655
v 16.521996 -0.891892 0.015889
v 16.452711 -0.961165 0.017123
v 19.237934 0.535135 -0.009534
v 19.307219 0.604408 -0.010768
v 19.376503 0.535135 -0.009534
v 19.307219 0.465862 -0.008299
v 16.185101 -0.555051 0.009888
v 16.254385 -0.624324 0.011122
v 16.185101 -0.693598 0.012357
v 16.115816 -0.624324 0.011122
v 18.881121 -0.891892 0.015889
v 18.950405 -0.822618 0.014655
v 19.019690 -0.891892 0.015889
v 18.950405 -0.961165 0.017123
v 18.662876 0.713513 -0.012711
v 18.593592 0.644240 -0.011477
v 18.524307 0.713513 -0.012711
v 18.593592 0.782787 -0.013946
v 16.205019 0.535135 -0.009534
v 16.274303 0.604408 -0.010768
v 16.343588 0.535135 -0.009534
v 16.274303 0.465862 -0.008299
v 16.165182 0.713513 -0.012711
v 16.095898 0.644240 -0.011477
v 16.026613 0.713513 -0.012711
v 16.095898 0.782787 -0.013946
v 18.524307 0.535135 -0.009534
v 18.593592 0.604409 -0.010768
v 18.662876 0.535135 -0.009534
v 18.593592 0.465862 -0.008299
v 18.306063 1.070270 -0.019067
v 18.236778 1.000997 -0.017833
v 18.167494 1.070270 -0.019067
v 18.236778 1.139544 -0.020301
v 16.561832 0.535135 -0.009534
v 16.631117 0.604409 -0.010768
v 16.700401 0.535135 -0.009534
v 16.631117 0.465862 -0.008299
v 18.325981 -0.198294 0.003533
v 18.395266 -0.267568 0.004767
v 18.325981 -0.336841 0.006001
v 18.256697 -0.267568 0.004767
v 16.918646 0.535135 -0.009534
v 16.987930 0.604409 -0.010768
v 17.057215 0.535135 -0.009534
v 16.987930 0.465862 -0.008299
v 16.165182 0.356757 -0.006356
v 16.095898 0.287483 -0.005122
v 16.026613 0.356757 -0.006356
v 16.095898 0.426030 -0.007590
v 17.077135 0.693598 -0.012357
v 17.146420 0.624324 -0.011122
v 17.077135 0.555051 -0.009888
v 17.007851 0.624324 -0.011122
v 17.077135 -1.763868 0.031424
v 17.007851 -1.694595 0.030190
v 17.077135 -1.625321 0.028955
v 17.146420 -1.694595 0.030190
v 16.720322 0.693598 -0.012357
v 16.789606 0.624324 -0.011122
v 16.720322 0.555051 -0.009888
v 16.651037 0.624324 -0.011122
v 18.306063 -1.070270 0.019067
v 18.236778 -1.139544 0.020301
v 18.167494 -1.070270 0.019067
v 18.236778 -1.000997 0.017833
v 16.026613 0.535135 -0.009534
v 16.095898 0.604408 -0.010768
v 16.165182 0.535135 -0.009534
v 16.095898 0.465862 -0.008299
v 19.218014 -0.019916 0.000355
v 19.287298 -0.089189 0.001589
v 19.218014 -0.158463 0.002823
v 19.148729 -0.089189 0.001589
v 16.383427 0.535135 -0.009534
v 16.452711 0.604409 -0.010768
v 16.521996 0.535135 -0.009534
v 16.452711 0.465862 -0.008299
v 19.376503 -1.427027 0.025423
v 19.307219 -1.496300 0.026657
v 19.237934 -1.427027 0.025423
v 19.307219 -1.357754 0.024189
v 16.898727 0.871976 -0.015534
v 16.968012 0.802703 -0.014300
v 16.898727 0.733429 -0.013066
v 16.829443 0.802703 -0.014300
v 16.205019 -0.000000 0.000000
v 16.274303 0.069273 -0.001234
v 16.343588 0.000000 -0.000000
v 16.274303 -0.069273 0.001234
v 17.077135 -1.050354 0.018712
v 17.007851 -0.981081 0.017478
v 17.077135 -0.911808 0.016244
v 17.146420 -0.981081 0.017478
v 19.019690 -1.070270 0.019067
v 18.950405 -1.139544 0.020301
v 18.881121 -1.070270 0.019067
v 18.950405 -1.000997 0.017833
v 17.077135 0.733429 -0.013066
v 17.007851 0.802703 -0.014300
v 17.077135 0.871976 -0.015534
v 17.146420 0.802703 -0.014300
v 18.345900 -1.070270 0.019067
v 18.415184 -1.000997 0.017833
v 18.484468 -1.070270 0.019067
v 18.415184 -1.139544 0.020301
v 17.632273 -1.427027 0.025423
v 17.701557 -1.357754 0.024189
v 17.770842 -1.427027 0.025423
v 17.701557 -1.496300 0.026657
v 16.026613 1.248649 -0.022245
v 16.095898 1.317922 -0.023479
v 16.165182 1.248649 -0.022245
v 16.095898 1.179375 -0.021011
v 17.077135 1.050354 -0.018712
v 17.146420 0.981081 -0.017478
v 17.077135 0.911808 -0.016244
v 17.007851 0.981081 -0.017478
v 18.306063 -0.713513 0.012711
v 18.236778 -0.782787 0.013946
v 18.167494 -0.713513 0.012711
v 18.236778 -0.644240 0.011477
v 17.969168 0.158463 -0.002823
v 18.038452 0.089189 -0.001589
v 17.969168 0.019916 -0.000355
v 17.899883 0.089189 -0.001589
v 17.275459 -0.891892 0.015889
v 17.344744 -0.822618 0.014655
v 17.414028 -0.891892 0.015889
v 17.344744 -0.961165 0.017123
v 17.097054 0.891892 -0.015889
v 17.166338 0.961165 -0.017123
v 17.235622 0.891892 -0.015889
v 17.166338 0.822618 -0.014655
v 17.969168 1.268564 -0.022600
v 17.899883 1.337838 -0.023834
v 17.969168 1.407111 -0.025068
v 18.038452 1.337838 -0.023834
v 16.720322 1.050354 -0.018712
v 16.789606 0.981081 -0.017478
v 16.720322 0.911808 -0.016244
v 16.651037 0.981081 -0.017478
v 19.218014 -1.090186 0.019422
v 19.287298 -1.159459 0.020656
v 19.218014 -1.228733 0.021890
v 19.148729 -1.159459 0.020656
v 16.205019 1.070270 -0.019067
v 16.274303 1.139544 -0.020301
v 16.343588 1.070270 -0.019067
v 16.274303 1.000997 -0.017833
v 19.376503 1.070270 -0.019067
v 19.307219 1.000997 -0.017833
v 19.237934 1.070270 -0.019067
v 19.307219 1.139544 -0.020301
v 18.702713 -0.891892 0.015889
v 18.771997 -0.822618 0.014655
v 18.841282 -0.891892 0.015889
v 18.771997 -0.961165 0.017123
v 16.363508 1.763868 -0.031424
v 16.432793 1.694595 -0.030190
v 16.363508 1.625321 -0.028955
v 16.294224 1.694594 -0.030190
v 16.205019 1.427027 -0.025423
v 16.274303 1.496300 -0.026657
v 16.343588 1.427027 -0.025423
v 16.274303 1.357754 -0.024189
v 19.059526 0.713513 -0.012711
v 19.128811 0.782787 -0.013946
v 19.198095 0.713513 -0.012711
v 19.128811 0.644240 -0.011477
v 16.185101 -0.911808 0.016244
v 16.254385 -0.981081 0.017478
v 16.185101 -1.050354 0.018712
v 16.115816 -0.981081 0.017478
v 15.848207 1.427027 -0.025423
v 15.917491 1.496300 -0.026657
v 15.986775 1.427027 -0.025423
v 15.917491 1.357754 -0.024189
v 16.740240 1.248649 -0.022245
v 16.809525 1.317922 -0.023479
v 16.878809 1.248649 -0.022245
v 16.809525 1.179375 -0.021011
v 17.949249 -0.356757 0.006356
v 17.879965 -0.426030 0.007590
v 17.810680 -0.356757 0.006356
v 17.879965 -0.287483 0.005122
v 16.878809 0.713513 -0.012711
v 16.809525 0.644240 -0.011477
v 16.740240 0.713513 -0.012711
v 16.809525 0.782787 -0.013946
v 19.039608 -1.585490 0.028246
v 18.970324 -1.516216 0.027012
v 19.039608 -1.446943 0.025778
v 19.108892 -1.516216 0.027012
v 17.810680 -1.605405 0.028601
v 17.879965 -1.536132 0.027367
v 17.949249 -1.605405 0.028601
v 17.879965 -1.674679 0.029835
v 17.810680 -0.178378 0.003178
v 17.879965 -0.109105 0.001944
v 17.949249 -0.178378 0.003178
v 17.879965 -0.247652 0.004412
v 17.433949 -1.050354 0.018712
v 17.364664 -0.981081 0.017478
v 17.433949 -0.911808 0.016244
v 17.503233 -0.981081 0.017478
v 18.147573 1.446943 -0.025778
v 18.078289 1.516216 -0.027012
v 18.147573 1.585490 -0.028246
v 18.216858 1.516216 -0.027012
v 17.453867 1.248649 -0.022245
v 17.523151 1.317922 -0.023479
v 17.592436 1.248649 -0.022245
v 17.523151 1.179375 -0.021011
v 16.541914 0.198294 -0.003533
v 16.472630 0.267568 -0.004767
v 16.541914 0.336841 -0.006001
v 16.611198 0.267568 -0.004767
v 16.205019 -1.070270 0.019067
v 16.274303 -1.000997 0.017833
v 16.343588 -1.070270 0.019067
v 16.274303 -1.139544 0.020301
v 18.662876 1.427027 -0.025423
v 18.593592 1.357754 -0.024189
v 18.524307 1.427027 -0.025423
v 18.593592 1.496300 -0.026657
v 17.989086 1.605405 -0.028601
v 18.058371 1.674679 -0.029835
v 18.127655 1.605405 -0.028601
v 18.058371 1.536132 -0.027367
v 16.185101 -1.585490 0.028246
v 16.115816 -1.516216 0.027012
v 16.185101 -1.446943 0.025778
v 16.254385 -1.516216 0.027012
v 16.383427 1.605405 -0.028601
v 16.452711 1.674679 -0.029835
v 16.521996 1.605405 -0.028601
v 16.452711 1.536132 -0.027367
v 17.969168 0.911808 -0.016244
v 17.899883 0.981081 -0.017478
v 17.969168 1.050354 -0.018712
v 18.038452 0.981081 -0.017478
v 16.205019 1.248649 -0.022245
v 16.274303 1.317922 -0.023479
v 16.343588 1.248649 -0.022245
v 16.274303 1.179375 -0.021011
v 19.073612 1.769701 -0.031528
v 19.184011 1.769701 -0.031528
v 19.128811 1.714510 -0.030544
v 19.252018 1.769701 -0.031528
v 19.362417 1.769701 -0.031528
v 19.307219 1.714510 -0.030544
v 18.504387 -0.693598 0.012357
v 18.435102 -0.624324 0.011122
v 18.504387 -0.555051 0.009888
v 18.573671 -0.624324 0.011122
v 18.716799 1.769701 -0.031528
v 18.827198 1.769701 -0.031528
v 18.771997 1.714510 -0.030544
v 18.895205 1.769701 -0.031528
v 19.005604 1.769701 -0.031528
v 18.950405 1.714510 -0.030544
v 18.504387 -0.376673 0.006711
v 18.573671 -0.445946 0.007945
v 18.504387 -0.515219 0.009179
v 18.435102 -0.445946 0.007945
v 18.359985 1.769701 -0.031528
v 18.470385 1.769701 -0.031528
v 18.415184 1.714510 -0.030544
v 18.538391 1.769701 -0.031528
v 18.648790 1.769701 -0.031528
v 18.593592 1.714510 -0.030544
v 18.167494 1.605405 -0.028601
v 18.236778 1.674679 -0.029835
v 18.306063 1.605405 -0.028601
v 18.236778 1.536132 -0.027367
v 18.003172 1.769701 -0.031528
v 18.113571 1.769701 -0.031528
v 18.058371 1.714510 -0.030544
v 18.181578 1.769701 -0.031528
v 18.291977 1.769701 -0.031528
v 18.236778 1.714510 -0.030544
v 17.810680 1.605405 -0.028601
v 17.879965 1.674679 -0.029835
v 17.949249 1.605405 -0.028601
v 17.879965 1.536132 -0.027367
v 17.646358 1.769701 -0.031528
v 17.756758 1.769701 -0.031528
v 17.701557 1.714510 -0.030544
v 17.824764 1.769701 -0.031528
v 17.935163 1.769701 -0.031528
v 17.879965 1.714510 -0.030544
v 17.453867 -1.605405 0.028601
v 17.523151 -1.536132 0.027367
v 17.592436 -1.605405 0.028601
v 17.523151 -1.674679 0.029835
v 17.289545 1.769701 -0.031528
v 17.399944 1.769701 -0.031528
v 17.344744 1.714510 -0.030544
v 17.467951 1.769701 -0.031528
v 17.578350 1.769701 -0.031528
v 17.523151 1.714510 -0.030544
v 17.453867 1.605405 -0.028601
v 17.523151 1.674679 -0.029835
v 17.592436 1.605405 -0.028601
v 17.523151 1.536132 -0.027367
v 16.932732 1.769701 -0.031528
v 17.043131 1.769701 -0.031528
v 16.987930 1.714510 -0.030544
v 17.111137 1.769701 -0.031528
v 17.221537 1.769701 -0.031528
v 17.166338 1.714510 -0.030544
v 19.237934 -0.178378 0.003178
v 19.307219 -0.109105 0.001944
v 19.376503 -0.178378 0.003178
v 19.307219 -0.247652 0.004412
v 16.575918 1.769701 -0.031528
v 16.686317 1.769701 -0.031528
v 16.631117 1.714510 -0.030544
v 16.754324 1.769701 -0.031528
v 16.864723 1.769701 -0.031528
v 16.809525 1.714510 -0.030544
v 16.363508 -0.336841 0.006001
v 16.294224 -0.267568 0.004767
v 16.363508 -0.198294 0.003533
v 16.432793 -0.267568 0.004767
v 16.219105 1.769701 -0.031528
v 16.329504 1.769701 -0.031528
v 16.274303 1.714510 -0.030544
v 16.397511 1.769701 -0.031528
v 16.507910 1.769701 -0.031528
v 16.452711 1.714510 -0.030544
v 16.740240 1.605405 -0.028601
v 16.809525 1.674679 -0.029835
v 16.878809 1.605405 -0.028601
v 16.809525 1.536132 -0.027367
v 15.862291 1.769701 -0.031528
v 15.972691 1.769701 -0.031528
v 15.917491 1.714510 -0.030544
v 16.040697 1.769701 -0.031528
v 16.151096 1.769701 -0.031528
v 16.095898 1.714510 -0.030544
v 17.790760 1.050354 -0.018712
v 17.860046 0.981081 -0.017478
v 17.790760 0.911808 -0.016244
v 17.721476 0.981081 -0.017478
v 16.363508 -0.693598 0.012357
v 16.294224 -0.624324 0.011122
v 16.363508 -0.555051 0.009888
v 16.432793 -0.624324 0.011122
v 19.059526 -0.178378 0.003178
v 19.128811 -0.109105 0.001944
v 19.198095 -0.178378 0.003178
v 19.128811 -0.247652 0.004412
v 17.790760 1.446943 -0.025778
v 17.721478 1.516216 -0.027012
v 17.790760 1.585490 -0.028246
v 17.860046 1.516216 -0.027012
v 19.039608 0.911808 -0.016244
v 18.970324 0.981081 -0.017478
v 19.039608 1.050354 -0.018712
v 19.108892 0.981081 -0.017478
v 19.039608 -0.198294 0.003533
v 19.108892 -0.267568 0.004767
v 19.039608 -0.336841 0.006001
v 18.970324 -0.267568 0.004767
v 17.235622 0.356757 -0.006356
v 17.166338 0.287483 -0.005122
v 17.097054 0.356757 -0.006356
v 17.166338 0.426030 -0.007590
v 17.790760 -1.763868 0.031424
v 17.721478 -1.694595 0.030190
v 17.790760 -1.625321 0.028955
v 17.860046 -1.694595 0.030190
v 16.185101 -0.515219 0.009179
v 16.115816 -0.445946 0.007945
v 16.185101 -0.376673 0.006711
v 16.254385 -0.445946 0.007945
v 17.592436 0.356757 -0.006356
v 17.523151 0.287483 -0.005122
v 17.453867 0.356757 -0.006356
v 17.523151 0.426030 -0.007590
v 16.720322 -1.446943 0.025778
v 16.789606 -1.516216 0.027012
v 16.720322 -1.585490 0.028246
v 16.651037 -1.516216 0.027012
v 17.255541 1.268564 -0.022600
v 17.186256 1.337838 -0.023834
v 17.255541 1.407111 -0.025068
v 17.324825 1.337838 -0.023834
v 16.918646 0.713513 -0.012711
v 16.987930 0.782787 -0.013946
v 17.057215 0.713513 -0.012711
v 16.987930 0.644240 -0.011477
v 18.345900 -0.891892 0.015889
v 18.415184 -0.822618 0.014655
v 18.484468 -0.891892 0.015889
v 18.415184 -0.961165 0.017123
v 17.612354 -1.585490 0.028246
v 17.543070 -1.516216 0.027012
v 17.612354 -1.446943 0.025778
v 17.681639 -1.516216 0.027012
v 17.433949 -1.446943 0.025778
v 17.503233 -1.516216 0.027012
v 17.433949 -1.585490 0.028246
v 17.364664 -1.516216 0.027012
v 17.433949 -1.763868 0.031424
v 17.364664 -1.694595 0.030190
v 17.433949 -1.625321 0.028955
v 17.503233 -1.694595 0.030190
v 17.969168 -1.585490 0.028246
v 17.899883 -1.516216 0.027012
v 17.969168 -1.446943 0.025778
v 18.038452 -1.516216 0.027012
v 16.878809 1.427027 -0.025423
v 16.809525 1.357754 -0.024189
v 16.740240 1.427027 -0.025423
v 16.809525 1.496300 -0.026657
v 19.059526 1.070270 -0.019067
v 19.128811 1.139544 -0.020301
v 19.198095 1.070270 -0.019067
v 19.128811 1.000997 -0.017833
v 18.345900 0.713513 -0.012711
v 18.415184 0.782787 -0.013946
v 18.484468 0.713513 -0.012711
v 18.415184 0.644240 -0.011477
v 16.205019 -1.605405 0.028601
v 16.274303 -1.536132 0.027367
v 16.343588 -1.605405 0.028601
v 16.274303 -1.674679 0.029835
v 17.235622 1.427027 -0.025423
v 17.166338 1.357754 -0.024189
v 17.097054 1.427027 -0.025423
v 17.166338 1.496300 -0.026657
v 19.039608 1.268564 -0.022600
v 18.970324 1.337838 -0.023834
v 19.039608 1.407111 -0.025068
v 19.108892 1.337838 -0.023834
v 16.541914 -0.198294 0.003533
v 16.611198 -0.267568 0.004767
v 16.541914 -0.336841 0.006001
v 16.472630 -0.267568 0.004767
v 18.861200 -1.763868 0.031424
v 18.791916 -1.694595 0.030190
v 18.861200 -1.625321 0.028955
v 18.930485 -1.694595 0.030190
v 16.026613 -0.178378 0.003178
v 16.095898 -0.109105 0.001944
v 16.165182 -0.178378 0.003178
v 16.095898 -0.247652 0.004412
v 16.561832 1.070270 -0.019067
v 16.631117 1.139544 -0.020301
v 16.700401 1.070270 -0.019067
v 16.631117 1.000997 -0.017833
v 16.185101 -0.871976 0.015534
v 16.115816 -0.802703 0.014300
v 16.185101 -0.733429 0.013066
v 16.254385 -0.802703 0.014300
v 19.382336 1.571407 -0.027995
v 19.382336 1.461025 -0.026029
v 19.327137 1.516216 -0.027012
v 16.898727 1.585490 -0.028246
v 16.968012 1.516216 -0.027012
v 16.898727 1.446943 -0.025778
v 16.829443 1.516216 -0.027012
v 19.218014 -1.763868 0.031424
v 19.148729 -1.694595 0.030190
v 19.218014 -1.625321 0.028955
v 19.287298 -1.694595 0.030190
v 16.185101 0.911808 -0.016244
v 16.115816 0.981081 -0.017478
v 16.185101 1.050354 -0.018712
v 16.254385 0.981081 -0.017478
v 16.185101 1.268564 -0.022600
v 16.115816 1.337838 -0.023834
v 16.185101 1.407111 -0.025068
v 16.254385 1.337838 -0.023834
v 16.740240 -0.535135 0.009534
v 16.809525 -0.465862 0.008299
v 16.878809 -0.535135 0.009534
v 16.809525 -0.604409 0.010768
v 16.006695 -0.733429 0.013066
v 16.075979 -0.802703 0.014300
v 16.006695 -0.871976 0.015534
v 15.937409 -0.802703 0.014300
v 18.702713 1.070270 -0.019067
v 18.771997 1.139544 -0.020301
v 18.841282 1.070270 -0.019067
v 18.771997 1.000997 -0.017833
v 16.185101 -1.268564 0.022600
v 16.254385 -1.337838 0.023834
v 16.185101 -1.407111 0.025068
v 16.115816 -1.337838 0.023834
v 16.898727 -0.198294 0.003533
v 16.968012 -0.267568 0.004767
v 16.898727 -0.336841 0.006001
v 16.829443 -0.267568 0.004767
v 18.682795 0.871976 -0.015534
v 18.752079 0.802703 -0.014300
v 18.682795 0.733429 -0.013066
v 18.613510 0.802703 -0.014300
v 16.383427 0.891892 -0.015889
v 16.452711 0.961165 -0.017123
v 16.521996 0.891892 -0.015889
v 16.452711 0.822618 -0.014655
v 16.363508 0.019916 -0.000355
v 16.294224 0.089189 -0.001589
v 16.363508 0.158463 -0.002823
v 16.432793 0.089189 -0.001589
v 16.918646 1.070270 -0.019067
v 16.987930 1.139544 -0.020301
v 17.057215 1.070270 -0.019067
v 16.987930 1.000997 -0.017833
v 16.720322 -1.090186 0.019422
v 16.789606 -1.159460 0.020656
v 16.720322 -1.228733 0.021890
v 16.651037 -1.159460 0.020656
v 18.306063 0.356757 -0.006356
v 18.236778 0.287483 -0.005122
v 18.167494 0.356757 -0.006356
v 18.236778 0.426030 -0.007590
v 17.612354 1.268564 -0.022600
v 17.543070 1.337838 -0.023834
v 17.612354 1.407111 -0.025068
v 17.681639 1.337838 -0.023834
v 17.275459 1.248649 -0.022245
v 17.344744 1.317922 -0.023479
v 17.414028 1.248649 -0.022245
v 17.344744 1.179375 -0.021011
v 16.878809 -0.356757 0.006356
v 16.809525 -0.426030 0.007590
v 16.740240 -0.356757 0.006356
v 16.809525 -0.287483 0.005122
v 16.561832 -1.248649 0.022245
v 16.631117 -1.179375 0.021011
v 16.700401 -1.248649 0.022245
v 16.631117 -1.317922 0.023479
v 17.949249 -1.070270 0.019067
v 17.879965 -1.139544 0.020301
v 17.810680 -1.070270 0.019067
v 17.879965 -1.000997 0.017833
v 18.702713 -0.713513 0.012711
v 18.771997 -0.644240 0.011477
v 18.841282 -0.713513 0.012711
v 18.771997 -0.782787 0.013946
v 18.325981 1.268564 -0.022600
v 18.256697 1.337838 -0.023834
v 18.325981 1.407111 -0.025068
v 18.395266 1.337838 -0.023834
v 16.006695 1.090186 -0.019422
v 15.937409 1.159460 -0.020656
v 16.006695 1.228733 -0.021890
v 16.075979 1.159459 -0.020656
v 18.167494 -0.891892 0.015889
v 18.236778 -0.822618 0.014655
v 18.306063 -0.891892 0.015889
v 18.236778 -0.961165 0.017123
v 18.702713 -0.178378 0.003178
v 18.771997 -0.109105 0.001944
v 18.841282 -0.178378 0.003178
v 18.771997 -0.247652 0.004412
v 19.376503 -0.000000 0.000000
v 19.307219 -0.069273 0.001234
v 19.237934 0.000000 -0.000000
v 19.307219 0.069273 -0.001234
v 16.521996 -1.427027 0.025423
v 16.452711 -1.496300 0.026657
v 16.383427 -1.427027 0.025423
v 16.452711 -1.357754 0.024189
v 16.363508 0.733429 -0.013066
v 16.294224 0.802703 -0.014300
v 16.363508 0.871976 -0.015534
v 16.432793 0.802703 -0.014300
v 18.702713 -1.248649 0.022245
v 18.771997 -1.179375 0.021011
v 18.841282 -1.248649 0.022245
v 18.771997 -1.317922 0.023479
v 19.382336 1.214650 -0.021639
v 19.382336 1.104269 -0.019673
v 19.327137 1.159459 -0.020656
v 19.237934 0.891892 -0.015889
v 19.307219 0.961165 -0.017123
v 19.376503 0.891892 -0.015889
v 19.307219 0.822618 -0.014655
v 18.345900 -1.427027 0.025423
v 18.415184 -1.357754 0.024189
v 18.484468 -1.427027 0.025423
v 18.415184 -1.496300 0.026657
v 17.790760 1.763868 -0.031424
v 17.860046 1.694595 -0.030190
v 17.790760 1.625321 -0.028955
v 17.721476 1.694595 -0.030190
v 16.541914 1.585490 -0.028246
v 16.611198 1.516216 -0.027012
v 16.541914 1.446943 -0.025778
v 16.472630 1.516216 -0.027012
v 19.039608 -0.871976 0.015534
v 18.970324 -0.802703 0.014300
v 19.039608 -0.733429 0.013066
v 19.108892 -0.802703 0.014300
v 18.682795 -0.871976 0.015534
v 18.613510 -0.802703 0.014300
v 18.682795 -0.733429 0.013066
v 18.752079 -0.802703 0.014300
v 17.989086 -0.356757 0.006356
v 18.058371 -0.287483 0.005122
v 18.127655 -0.356757 0.006356
v 18.058371 -0.426030 0.007590
v 16.363508 -1.090186 0.019422
v 16.432793 -1.159460 0.020656
v 16.363508 -1.228733 0.021890
v 16.294224 -1.159459 0.020656
v 17.989086 0.891892 -0.015889
v 18.058371 0.961165 -0.017123
v 18.127655 0.891892 -0.015889
v 18.058371 0.822618 -0.014655
v 16.878809 -0.713513 0.012711
v 16.809525 -0.782787 0.013946
v 16.740240 -0.713513 0.012711
v 16.809525 -0.644240 0.011477
v 16.740240 0.891892 -0.015889
v 16.809525 0.961165 -0.017123
v 16.878809 0.891892 -0.015889
v 16.809525 0.822618 -0.014655
v 19.039608 0.158463 -0.002823
v 19.108892 0.089189 -0.001589
v 19.039608 0.019916 -0.000355
v 18.970324 0.089189 -0.001589
v 17.969168 -0.911808 0.016244
v 18.038452 -0.981081 0.017478
v 17.969168 -1.050354 0.018712
v 17.899883 -0.981081 0.017478
v 16.720322 0.733429 -0.013066
v 16.651037 0.802703 -0.014300
v 16.720322 0.871976 -0.015534
v 16.789606 0.802703 -0.014300
v 18.345900 -0.000000 0.000000
v 18.415184 0.069273 -0.001234
v 18.484468 -0.000000 0.000000
v 18.415184 -0.069273 0.001234
v 17.949249 0.713513 -0.012711
v 17.879965 0.644240 -0.011477
v 17.810680 0.713513 -0.012711
v 17.879965 0.782787 -0.013946
v 17.433949 1.407111 -0.025068
v 17.503233 1.337838 -0.023834
v 17.433949 1.268564 -0.022600
v 17.364664 1.337838 -0.023834
v 16.165182 0.000000 -0.000000
v 16.095898 -0.069273 0.001234
v 16.026613 -0.000000 0.000000
v 16.095898 0.069273 -0.001234
v 18.325981 0.555051 -0.009888
v 18.256697 0.624324 -0.011122
v 18.325981 0.693598 -0.012357
v 18.395266 0.624324 -0.011122
v 17.612354 -1.228733 0.021890
v 17.543070 -1.159459 0.020656
v 17.612354 -1.090186 0.019422
v 17.681639 -1.159460 0.020656
v 17.989086 1.248649 -0.022245
v 18.058371 1.317922 -0.023479
v 18.127655 1.248649 -0.022245
v 18.058371 1.179375 -0.021011
v 15.848207 -0.713513 0.012711
v 15.917491 -0.644240 0.011477
v 15.986775 -0.713513 0.012711
v 15.917491 -0.782787 0.013946
v 16.363508 -1.050354 0.018712
v 16.294224 -0.981081 0.017478
v 16.363508 -0.911808 0.016244
v 16.432793 -0.981081 0.017478
v 16.541914 0.871976 -0.015534
v 16.611198 0.802703 -0.014300
v 16.541914 0.733429 -0.013066
v 16.472630 0.802703 -0.014300
v 19.218014 -0.376673 0.006711
v 19.287298 -0.445946 0.007945
v 19.218014 -0.515219 0.009179
v 19.148729 -0.445946 0.007945
v 18.345900 0.891892 -0.015889
v 18.415184 0.961165 -0.017123
v 18.484468 0.891892 -0.015889
v 18.415184 0.822618 -0.014655
v 18.662876 -1.427027 0.025423
v 18.593592 -1.496300 0.026657
v 18.524307 -1.427027 0.025423
v 18.593592 -1.357754 0.024189
v 19.218014 -0.693598 0.012357
v 19.148729 -0.624324 0.011122
v 19.218014 -0.555051 0.009888
v 19.287298 -0.624324 0.011122
v 16.740240 -1.248649 0.022245
v 16.809525 -1.179375 0.021011
v 16.878809 -1.248649 0.022245
v 16.809525 -1.317922 0.023479
v 19.382336 0.857893 -0.015284
v 19.382336 0.747512 -0.013317
v 19.327137 0.802703 -0.014300
v 18.702713 -1.427027 0.025423
v 18.771997 -1.357754 0.024189
v 18.841282 -1.427027 0.025423
v 18.771997 -1.496300 0.026657
v 18.861200 -0.336841 0.006001
v 18.791916 -0.267568 0.004767
v 18.861200 -0.198294 0.003533
v 18.930485 -0.267568 0.004767
v 16.720322 -0.733429 0.013066
v 16.789606 -0.802703 0.014300
v 16.720322 -0.871976 0.015534
v 16.651037 -0.802703 0.014300
v 16.205019 0.356757 -0.006356
v 16.274303 0.426030 -0.007590
v 16.343588 0.356757 -0.006356
v 16.274303 0.287483 -0.005122
v 18.861200 0.019916 -0.000355
v 18.791916 0.089189 -0.001589
v 18.861200 0.158463 -0.002823
v 18.930485 0.089189 -0.001589
v 18.147573 -0.693598 0.012357
v 18.078289 -0.624324 0.011122
v 18.147573 -0.555051 0.009888
v 18.216858 -0.624324 0.011122
v 15.848207 -0.891892 0.015889
v 15.917491 -0.822618 0.014655
v 15.986775 -0.891892 0.015889
v 15.917491 -0.961165 0.017123
v 17.097054 1.248649 -0.022245
v 17.166338 1.317922 -0.023479
v 17.235622 1.248649 -0.022245
v 17.166338 1.179375 -0.021011
v 17.453867 -0.535135 0.009534
v 17.523151 -0.465862 0.008299
v 17.592436 -0.535135 0.009534
v 17.523151 -0.604409 0.010768
v 17.255541 -0.555051 0.009888
v 17.324825 -0.624324 0.011122
v 17.255541 -0.693598 0.012357
v 17.186256 -0.624324 0.011122
v 16.740240 0.535135 -0.009534
v 16.809525 0.604409 -0.010768
v 16.878809 0.535135 -0.009534
v 16.809525 0.465862 -0.008299
v 17.949249 0.000000 -0.000000
v 17.879965 -0.069273 0.001234
v 17.810680 -0.000000 0.000000
v 17.879965 0.069273 -0.001234
v 17.790760 -0.336841 0.006001
v 17.721476 -0.267568 0.004767
v 17.790760 -0.198294 0.003533
v 17.860046 -0.267568 0.004767
v 17.453867 0.891892 -0.015889
v 17.523151 0.961165 -0.017123
v 17.592436 0.891892 -0.015889
v 17.523151 0.822618 -0.014655
v 17.592436 -0.713513 0.012711
v 17.523151 -0.782787 0.013946
v 17.453867 -0.713513 0.012711
v 17.523151 -0.644240 0.011477
v 17.969168 0.515219 -0.009179
v 18.038452 0.445946 -0.007945
v 17.969168 0.376672 -0.006711
v 17.899883 0.445946 -0.007945
v 18.504387 0.693598 -0.012357
v 18.573671 0.624324 -0.011122
v 18.504387 0.555051 -0.009888
v 18.435102 0.624324 -0.011122
v 17.235622 0.000000 0.000000
v 17.166338 -0.069273 0.001234
v 17.097054 -0.000000 0.000000
v 17.166338 0.069273 -0.001234
v 17.969168 -0.555051 0.009888
v 18.038452 -0.624324 0.011122
v 17.969168 -0.693598 0.012357
v 17.899883 -0.624324 0.011122
v 19.059526 0.356757 -0.006356
v 19.128811 0.426030 -0.007590
v 19.198095 0.356757 -0.006356
v 19.128811 0.287483 -0.005122
v 19.039608 0.515219 -0.009179
v 19.108892 0.445946 -0.007945
v 19.039608 0.376672 -0.006711
v 18.970324 0.445946 -0.007945
v 16.898727 0.198294 -0.003533
v 16.829443 0.267568 -0.004767
v 16.898727 0.336841 -0.006001
v 16.968012 0.267568 -0.004767
v 18.167494 0.535135 -0.009534
v 18.236778 0.604408 -0.010768
v 18.306063 0.535135 -0.009534
v 18.236778 0.465862 -0.008299
v 19.059526 0.535135 -0.009534
v 19.128811 0.604408 -0.010768
v 19.198095 0.535135 -0.009534
v 19.128811 0.465862 -0.008299
v 17.810680 0.178378 -0.003178
v 17.879965 0.247652 -0.004412
v 17.949249 0.178378 -0.003178
v 17.879965 0.109105 -0.001944
v 17.433949 0.376672 -0.006711
v 17.364664 0.445946 -0.007945
v 17.433949 0.515219 -0.009179
v 17.503233 0.445946 -0.007945
v 17.612354 -0.515219 0.009179
v 17.543070 -0.445946 0.007945
v 17.612354 -0.376673 0.006711
v 17.681639 -0.445946 0.007945
v 17.077135 -0.376673 0.006711
v 17.146420 -0.445946 0.007945
v 17.077135 -0.515219 0.009179
v 17.007851 -0.445946 0.007945
v 19.218014 -0.733429 0.013066
v 19.287298 -0.802703 0.014300
v 19.218014 -0.871976 0.015534
v 19.148729 -0.802703 0.014300
v 19.382336 0.501137 -0.008928
v 19.382336 0.390755 -0.006961
v 19.327137 0.445946 -0.007945
v 18.345900 0.178378 -0.003178
v 18.415184 0.247652 -0.004412
v 18.484468 0.178378 -0.003178
v 18.415184 0.109105 -0.001944
v 18.881121 0.535135 -0.009534
v 18.950405 0.604409 -0.010768
v 19.019690 0.535135 -0.009534
v 18.950405 0.465862 -0.008299
v 16.541914 0.158463 -0.002823
v 16.611198 0.089189 -0.001589
v 16.541914 0.019916 -0.000355
v 16.472630 0.089189 -0.001589
v 18.306063 -0.000000 0.000000
v 18.236778 -0.069273 0.001234
v 18.167494 -0.000000 0.000000
v 18.236778 0.069273 -0.001234
v 16.006695 0.693598 -0.012357
v 16.075979 0.624324 -0.011122
v 16.006695 0.555051 -0.009888
v 15.937409 0.624324 -0.011122
v 17.433949 0.733429 -0.013066
v 17.364664 0.802703 -0.014300
v 17.433949 0.871976 -0.015534
v 17.503233 0.802703 -0.014300
v 17.969168 0.198294 -0.003533
v 17.899883 0.267568 -0.004767
v 17.969168 0.336841 -0.006001
v 18.038452 0.267568 -0.004767
v 16.363508 0.693598 -0.012357
v 16.432793 0.624324 -0.011122
v 16.363508 0.555051 -0.009888
v 16.294224 0.624324 -0.011122
v 16.918646 -0.356757 0.006356
v 16.987930 -0.287483 0.005122
v 17.057215 -0.356757 0.006356
v 16.987930 -0.426030 0.007590
v 16.521996 0.000000 -0.000000
v 16.452711 -0.069273 0.001234
v 16.383427 -0.000000 0.000000
v 16.452711 0.069273 -0.001234
v 17.433949 0.693598 -0.012357
v 17.503233 0.624324 -0.011122
v 17.433949 0.555051 -0.009888
v 17.364664 0.624324 -0.011122
v 18.325981 0.515219 -0.009179
v 18.395266 0.445946 -0.007945
v 18.325981 0.376672 -0.006711
v 18.256697 0.445946 -0.007945
v 17.592436 -0.356757 0.006356
v 17.523151 -0.426030 0.007590
v 17.453867 -0.356757 0.006356
v 17.523151 -0.287483 0.005122
v 17.453867 0.535135 -0.009534
v 17.523151 0.604409 -0.010768
v 17.592436 0.535135 -0.009534
v 17.523151 0.465862 -0.008299
v 17.433949 1.763868 -0.031424
v 17.503233 1.694595 -0.030190
v 17.433949 1.625321 -0.028955
v 17.364664 1.694595 -0.030190
v 17.255541 0.515219 -0.009179
v 17.324825 0.445946 -0.007945
v 17.255541 0.376672 -0.006711
v 17.186256 0.445946 -0.007945
v 17.632273 0.178378 -0.003178
v 17.701557 0.247652 -0.004412
v 17.770842 0.178378 -0.003178
v 17.701557 0.109105 -0.001944
v 17.255541 -1.228733 0.021890
v 17.186256 -1.159459 0.020656
v 17.255541 -1.090186 0.019422
v 17.324825 -1.159459 0.020656
v 17.433949 -0.336841 0.006001
v 17.364664 -0.267568 0.004767
v 17.433949 -0.198294 0.003533
v 17.503233 -0.267568 0.004767
v 17.235622 0.713513 -0.012711
v 17.166338 0.644240 -0.011477
v 17.097054 0.713513 -0.012711
v 17.166338 0.782787 -0.013946
v 17.592436 0.713513 -0.012711
v 17.523151 0.644240 -0.011477
v 17.453867 0.713513 -0.012711
v 17.523151 0.782787 -0.013946
v 17.612354 1.585490 -0.028246
v 17.681639 1.516216 -0.027012
v 17.612354 1.446943 -0.025778
v 17.543070 1.516216 -0.027012
v 17.275459 1.605405 -0.028601
v 17.344744 1.674679 -0.029835
v 17.414028 1.605405 -0.028601
v 17.344744 1.536132 -0.027367
v 17.433949 1.446943 -0.025778
v 17.364664 1.516216 -0.027012
v 17.433949 1.585490 -0.028246
v 17.503233 1.516216 -0.027012
v 17.255541 -0.158463 0.002823
v 17.186256 -0.089189 0.001589
v 17.255541 -0.019916 0.000355
v 17.324825 -0.089189 0.001589
v 18.881121 0.178378 -0.003178
v 18.950405 0.247652 -0.004412
v 19.019690 0.178378 -0.003178
v 18.950405 0.109105 -0.001944
v 17.275459 0.713513 -0.012711
v 17.344744 0.782787 -0.013946
v 17.414028 0.713513 -0.012711
v 17.344744 0.644240 -0.011477
v 16.740240 -0.178378 0.003178
v 16.809525 -0.109105 0.001944
v 16.878809 -0.178378 0.003178
v 16.809525 -0.247652 0.004412
v 17.275459 -1.070270 0.019067
v 17.344744 -1.000997 0.017833
v 17.414028 -1.070270 0.019067
v 17.344744 -1.139544 0.020301
v 19.382336 0.144380 -0.002572
v 19.382336 0.033998 -0.000606
v 19.327137 0.089189 -0.001589
v 17.433949 1.090186 -0.019422
v 17.364664 1.159459 -0.020656
v 17.433949 1.228733 -0.021890
v 17.503233 1.159459 -0.020656
v 18.147573 0.019916 -0.000355
v 18.078289 0.089189 -0.001589
v 18.147573 0.158463 -0.002823
v 18.216858 0.089189 -0.001589
v 16.185101 -1.228733 0.021890
v 16.115816 -1.159459 0.020656
v 16.185101 -1.090186 0.019422
v 16.254385 -1.159459 0.020656
v 18.147573 -1.446943 0.025778
v 18.216858 -1.516216 0.027012
v 18.147573 -1.585490 0.028246
v 18.078289 -1.516216 0.027012
v 16.561832 -1.070270 0.019067
v 16.631117 -1.000997 0.017833
v 16.700401 -1.070270 0.019067
v 16.631117 -1.139544 0.020301
v 16.541914 -0.158463 0.002823
v 16.472630 -0.089189 0.001589
v 16.541914 -0.019916 0.000355
v 16.611198 -0.089189 0.001589
v 16.898727 -0.158463 0.002823
v 16.829443 -0.089189 0.001589
v 16.898727 -0.019916 0.000355
v 16.968012 -0.089189 0.001589
v 16.006695 -0.336841 0.006001
v 15.937409 -0.267568 0.004767
v 16.006695 -0.198294 0.003533
v 16.075979 -0.267568 0.004767
v 17.632273 0.713513 -0.012711
v 17.701557 0.782787 -0.013946
v 17.770842 0.713513 -0.012711
v 17.701557 0.644240 -0.011477
v 17.275459 0.178378 -0.003178
v 17.344744 0.247652 -0.004412
v 17.414028 0.178378 -0.003178
v 17.344744 0.109105 -0.001944
v 16.720322 0.336841 -0.006001
v 16.789606 0.267568 -0.004767
v 16.720322 0.198294 -0.003533
v 16.651037 0.267568 -0.004767
v 17.275459 -0.356757 0.006356
v 17.344744 -0.287483 0.005122
v 17.414028 -0.356757 0.006356
v 17.344744 -0.426030 0.007590
v 17.612354 0.198294 -0.003533
v 17.543070 0.267568 -0.004767
v 17.612354 0.336841 -0.006001
v 17.681639 0.267568 -0.004767
v 17.097054 -0.178378 0.003178
v 17.166338 -0.109105 0.001944
v 17.235622 -0.178378 0.003178
v 17.166338 -0.247652 0.004412
v 17.612354 0.911808 -0.016244
v 17.543070 0.981081 -0.017478
v 17.612354 1.050354 -0.018712
v 17.681639 0.981081 -0.017478
v 17.235622 -0.356757 0.006356
v 17.166338 -0.426030 0.007590
v 17.097054 -0.356757 0.006356
v 17.166338 -0.287483 0.005122
v 17.275459 -0.178378 0.003178
v 17.344744 -0.109105 0.001944
v 17.414028 -0.178378 0.003178
v 17.344744 -0.247652 0.004412
v 18.702713 1.427027 -0.025423
v 18.771997 1.496300 -0.026657
v 18.841282 1.427027 -0.025423
v 18.771997 1.357754 -0.024189
v 17.969168 -0.198294 0.003533
v 18.038452 -0.267568 0.004767
v 17.969168 -0.336841 0.006001
v 17.899883 -0.267568 0.004767
v 17.632273 1.427027 -0.025423
v 17.701557 1.496300 -0.026657
v 17.770842 1.427027 -0.025423
v 17.701557 1.357754 -0.024189
v 16.898727 0.911808 -0.016244
v 16.829443 0.981081 -0.017478
v 16.898727 1.050354 -0.018712
v 16.968012 0.981081 -0.017478
v 17.969168 -0.515219 0.009179
v 17.899883 -0.445946 0.007945
v 17.969168 -0.376673 0.006711
v 18.038452 -0.445946 0.007945
v 18.702713 -0.535135 0.009534
v 18.771997 -0.465862 0.008299
v 18.841282 -0.535135 0.009534
v 18.771997 -0.604409 0.010768
v 16.383427 -0.178378 0.003178
v 16.452711 -0.109105 0.001944
v 16.521996 -0.178378 0.003178
v 16.452711 -0.247652 0.004412
v 17.969168 -1.228733 0.021890
v 17.899883 -1.159460 0.020656
v 17.969168 -1.090186 0.019422
v 18.038452 -1.159459 0.020656
v 18.504387 -0.019916 0.000355
v 18.573671 -0.089189 0.001589
v 18.504387 -0.158463 0.002823
v 18.435102 -0.089189 0.001589
v 19.059526 1.427027 -0.025423
v 19.128811 1.496300 -0.026657
v 19.198095 1.427027 -0.025423
v 19.128811 1.357754 -0.024189
v 17.790760 -1.407111 0.025068
v 17.721476 -1.337838 0.023834
v 17.790760 -1.268564 0.022600
v 17.860046 -1.337838 0.023834
v 19.218014 1.050354 -0.018712
v 19.287298 0.981081 -0.017478
v 19.218014 0.911808 -0.016244
v 19.148729 0.981081 -0.017478
v 19.382336 -0.212377 0.003784
v 19.382336 -0.322758 0.005750
v 19.327137 -0.267568 0.004767
v 16.720322 1.090186 -0.019422
v 16.651037 1.159460 -0.020656
v 16.720322 1.228733 -0.021890
v 16.789606 1.159460 -0.020656
v 16.205019 0.713513 -0.012711
v 16.274303 0.782787 -0.013946
v 16.343588 0.713513 -0.012711
v 16.274303 0.644240 -0.011477
v 18.306063 0.713513 -0.012711
v 18.236778 0.644240 -0.011477
v 18.167494 0.713513 -0.012711
v 18.236778 0.782787 -0.013946
v 18.504387 -1.090186 0.019422
v 18.573671 -1.159460 0.020656
v 18.504387 -1.228733 0.021890
v 18.435102 -1.159460 0.020656
v 17.989086 -1.427027 0.025423
v 18.058371 -1.357754 0.024189
v 18.127655 -1.427027 0.025423
v 18.058371 -1.496300 0.026657
v 17.790760 -0.733429 0.013066
v 17.860046 -0.802703 0.014300
v 17.790760 -0.871976 0.015534
v 17.721476 -0.802703 0.014300
v 16.541914 -0.515219 0.009179
v 16.472630 -0.445946 0.007945
v 16.541914 -0.376673 0.006711
v 16.611198 -0.445946 0.007945
v 16.006695 -0.693598 0.012357
v 15.937409 -0.624324 0.011122
v 16.006695 -0.555051 0.009888
v 16.075979 -0.624324 0.011122
v 19.019690 0.713513 -0.012711
v 18.950405 0.644240 -0.011477
v 18.881121 0.713513 -0.012711
v 18.950405 0.782787 -0.013946
v 19.059526 1.605405 -0.028601
v 19.128811 1.674679 -0.029835
v 19.198095 1.605405 -0.028601
v 19.128811 1.536132 -0.027367
v 18.861200 -0.693598 0.012357
v 18.791916 -0.624324 0.011122
v 18.861200 -0.555051 0.009888
v 18.930485 -0.624324 0.011122
v 17.989086 -0.535135 0.009534
v 18.058371 -0.465862 0.008299
v 18.127655 -0.535135 0.009534
v 18.058371 -0.604409 0.010768
v 16.898727 0.158463 -0.002823
v 16.968012 0.089189 -0.001589
v 16.898727 0.019916 -0.000355
v 16.829443 0.089189 -0.001589
v 17.097054 -0.535135 0.009534
v 17.166338 -0.465862 0.008299
v 17.235622 -0.535135 0.009534
v 17.166338 -0.604409 0.010768
v 17.453867 0.178378 -0.003178
v 17.523151 0.247652 -0.004412
v 17.592436 0.178378 -0.003178
v 17.523151 0.109105 -0.001944
v 17.235622 -0.713513 0.012711
v 17.166338 -0.782787 0.013946
v 17.097054 -0.713513 0.012711
v 17.166338 -0.644240 0.011477
v 17.612354 1.228733 -0.021890
v 17.681639 1.159460 -0.020656
v 17.612354 1.090186 -0.019422
v 17.543070 1.159459 -0.020656
v 17.632273 -0.713513 0.012711
v 17.701557 -0.644240 0.011477
v 17.770842 -0.713513 0.012711
v 17.701557 -0.782787 0.013946
v 17.810680 0.535135 -0.009534
v 17.879965 0.604409 -0.010768
v 17.949249 0.535135 -0.009534
v 17.879965 0.465862 -0.008299
v 18.167494 0.891892 -0.015889
v 18.236778 0.961165 -0.017123
v 18.306063 0.891892 -0.015889
v 18.236778 0.822618 -0.014655
v 17.632273 -1.248649 0.022245
v 17.701557 -1.179375 0.021011
v 17.770842 -1.248649 0.022245
v 17.701557 -1.317922 0.023479
v 18.345900 1.070270 -0.019067
v 18.415184 1.139544 -0.020301
v 18.484468 1.070270 -0.019067
v 18.415184 1.000997 -0.017833
v 18.167494 -0.535135 0.009534
v 18.236778 -0.465862 0.008299
v 18.306063 -0.535135 0.009534
v 18.236778 -0.604409 0.010768
v 18.345900 -0.178378 0.003178
v 18.415184 -0.109105 0.001944
v 18.484468 -0.178378 0.003178
v 18.415184 -0.247652 0.004412
v 18.682795 -0.515219 0.009179
v 18.613510 -0.445946 0.007945
v 18.682795 -0.376673 0.006711
v 18.752079 -0.445946 0.007945
v 16.720322 -0.693598 0.012357
v 16.651037 -0.624324 0.011122
v 16.720322 -0.555051 0.009888
v 16.789606 -0.624324 0.011122
v 18.325981 -0.515219 0.009179
v 18.256697 -0.445946 0.007945
v 18.325981 -0.376673 0.006711
v 18.395266 -0.445946 0.007945
v 17.632273 1.605405 -0.028601
v 17.701557 1.674679 -0.029835
v 17.770842 1.605405 -0.028601
v 17.701557 1.536132 -0.027367
v 18.167494 -1.248649 0.022245
v 18.236778 -1.179375 0.021011
v 18.306063 -1.248649 0.022245
v 18.236778 -1.317922 0.023479
v 19.382336 -0.569133 0.010139
v 19.382336 -0.679515 0.012106
v 19.327137 -0.624324 0.011122
v 18.147573 1.763868 -0.031424
v 18.216858 1.694594 -0.030190
v 18.147573 1.625321 -0.028955
v 18.078289 1.694594 -0.030190
v 17.989086 1.427027 -0.025423
v 18.058371 1.496300 -0.026657
v 18.127655 1.427027 -0.025423
v 18.058371 1.357754 -0.024189
v 16.383427 1.248649 -0.022245
v 16.452711 1.317922 -0.023479
v 16.521996 1.248649 -0.022245
v 16.452711 1.179375 -0.021011
v 16.205019 -1.427027 0.025423
v 16.274303 -1.357754 0.024189
v 16.343588 -1.427027 0.025423
v 16.274303 -1.496300 0.026657
v 16.363508 1.090186 -0.019422
v 16.294224 1.159459 -0.020656
v 16.363508 1.228733 -0.021890
v 16.432793 1.159460 -0.020656
v 17.632273 -1.070270 0.019067
v 17.701557 -1.000997 0.017833
v 17.770842 -1.070270 0.019067
v 17.701557 -1.139544 0.020301
v 15.848207 -1.070270 0.019067
v 15.917491 -1.000997 0.017833
v 15.986775 -1.070270 0.019067
v 15.917491 -1.139544 0.020301
v 18.147573 -0.019916 0.000355
v 18.216858 -0.089189 0.001589
v 18.147573 -0.158463 0.002823
v 18.078289 -0.089189 0.001589
v 19.039608 1.585490 -0.028246
v 19.108892 1.516216 -0.027012
v 19.039608 1.446943 -0.025778
v 18.970324 1.516216 -0.027012
v 16.878809 1.070270 -0.019067
v 16.809525 1.000997 -0.017833
v 16.740240 1.070270 -0.019067
v 16.809525 1.139544 -0.020301
v 17.077135 -0.733429 0.013066
v 17.146420 -0.802703 0.014300
v 17.077135 -0.871976 0.015534
v 17.007851 -0.802703 0.014300
v 15.848207 0.178378 -0.003178
v 15.917491 0.247652 -0.004412
v 15.986775 0.178378 -0.003178
v 15.917491 0.109105 -0.001944
v 18.861200 0.693598 -0.012357
v 18.930485 0.624324 -0.011122
v 18.861200 0.555051 -0.009888
v 18.791916 0.624324 -0.011122
v 18.702713 0.356757 -0.006356
v 18.771997 0.426030 -0.007590
v 18.841282 0.356757 -0.006356
v 18.771997 0.287483 -0.005122
v 16.185101 0.158463 -0.002823
v 16.254385 0.089189 -0.001589
v 16.185101 0.019916 -0.000355
v 16.115816 0.089189 -0.001589
v 16.006695 0.019916 -0.000355
v 15.937409 0.089189 -0.001589
v 16.006695 0.158463 -0.002823
v 16.075979 0.089189 -0.001589
v 16.878809 -1.427027 0.025423
v 16.809525 -1.496300 0.026657
v 16.740240 -1.427027 0.025423
v 16.809525 -1.357754 0.024189
v 18.662876 -0.356757 0.006356
v 18.593592 -0.426030 0.007590
v 18.524307 -0.356757 0.006356
v 18.593592 -0.287483 0.005122
v 17.632273 1.070270 -0.019067
v 17.701557 1.139544 -0.020301
v 17.770842 1.070270 -0.019067
v 17.701557 1.000997 -0.017833
v 17.969168 -0.158463 0.002823
v 17.899883 -0.089189 0.001589
v 17.969168 -0.019916 0.000355
v 18.038452 -0.089189 0.001589
v 17.790760 -0.693598 0.012357
v 17.721478 -0.624324 0.011122
v 17.790760 -0.555051 0.009888
v 17.860046 -0.624324 0.011122
v 17.969168 -0.871976 0.015534
v 17.899883 -0.802703 0.014300
v 17.969168 -0.733429 0.013066
v 18.038452 -0.802703 0.014300
v 16.561832 -0.535135 0.009534
v 16.631117 -0.465862 0.008299
v 16.700401 -0.535135 0.009534
v 16.631117 -0.604409 0.010768
v 17.989086 -0.713513 0.012711
v 18.058371 -0.644240 0.011477
v 18.127655 -0.713513 0.012711
v 18.058371 -0.782787 0.013946
v 17.790760 1.090186 -0.019422
v 17.721476 1.159460 -0.020656
v 17.790760 1.228733 -0.021890
v 17.860046 1.159460 -0.020656
v 17.632273 -0.891892 0.015889
v 17.701557 -0.822618 0.014655
v 17.770842 -0.891892 0.015889
v 17.701557 -0.961165 0.017123
v 19.039608 0.871976 -0.015534
v 19.108892 0.802703 -0.014300
v 19.039608 0.733429 -0.013066
v 18.970324 0.802703 -0.014300
v 16.541914 -1.268564 0.022600
v 16.611198 -1.337838 0.023834
v 16.541914 -1.407111 0.025068
v 16.472630 -1.337838 0.023834
v 18.682795 -0.198294 0.003533
v 18.752079 -0.267568 0.004767
v 18.682795 -0.336841 0.006001
v 18.613510 -0.267568 0.004767
v 19.382336 -0.925890 0.016495
v 19.382336 -1.036272 0.018461
v 19.327137 -0.981081 0.017478
v 16.720322 1.763868 -0.031424
v 16.789606 1.694595 -0.030190
v 16.720322 1.625321 -0.028955
v 16.651037 1.694595 -0.030190
v 18.881121 -1.248649 0.022245
v 18.950405 -1.179375 0.021011
v 19.019690 -1.248649 0.022245
v 18.950405 -1.317922 0.023479
v 18.702713 1.248649 -0.022245
v 18.771997 1.317922 -0.023479
v 18.841282 1.248649 -0.022245
v 18.771997 1.179375 -0.021011
v 16.898727 -1.228733 0.021890
v 16.829443 -1.159460 0.020656
v 16.898727 -1.090186 0.019422
v 16.968012 -1.159459 0.020656
v 19.218014 1.763868 -0.031424
v 19.287298 1.694594 -0.030190
v 19.218014 1.625321 -0.028955
v 19.148729 1.694594 -0.030190
v 17.989086 -0.891892 0.015889
v 18.058371 -0.822618 0.014655
v 18.127655 -0.891892 0.015889
v 18.058371 -0.961165 0.017123
v 16.740240 -1.605405 0.028601
v 16.809525 -1.536132 0.027367
v 16.878809 -1.605405 0.028601
v 16.809525 -1.674679 0.029835
v 18.881121 1.248649 -0.022245
v 18.950405 1.317922 -0.023479
v 19.019690 1.248649 -0.022245
v 18.950405 1.179375 -0.021011
v 16.363508 1.407111 -0.025068
v 16.432793 1.337838 -0.023834
v 16.363508 1.268564 -0.022600
v 16.294224 1.337838 -0.023834
v 19.039608 -0.911808 0.016244
v 19.108892 -0.981081 0.017478
v 19.039608 -1.050354 0.018712
v 18.970324 -0.981081 0.017478
v 15.848207 0.356757 -0.006356
v 15.917491 0.426030 -0.007590
v 15.986775 0.356757 -0.006356
v 15.917491 0.287483 -0.005122
v 17.077135 0.336841 -0.006001
v 17.146420 0.267568 -0.004767
v 17.077135 0.198294 -0.003533
v 17.007851 0.267568 -0.004767
v 17.989086 0.000000 -0.000000
v 18.058371 0.069273 -0.001234
v 18.127655 -0.000000 0.000000
v 18.058371 -0.069273 0.001234
v 16.918646 -1.248649 0.022245
v 16.987930 -1.179375 0.021011
v 17.057215 -1.248649 0.022245
v 16.987930 -1.317922 0.023479
v 16.561832 0.713513 -0.012711
v 16.631117 0.782787 -0.013946
v 16.700401 0.713513 -0.012711
v 16.631117 0.644240 -0.011477
v 17.612354 0.871976 -0.015534
v 17.681639 0.802703 -0.014300
v 17.612354 0.733429 -0.013066
v 17.543070 0.802703 -0.014300
v 17.453867 -1.248649 0.022245
v 17.523151 -1.179375 0.021011
v 17.592436 -1.248649 0.022245
v 17.523151 -1.317922 0.023479
v 19.218014 1.090186 -0.019422
v 19.148729 1.159459 -0.020656
v 19.218014 1.228733 -0.021890
v 19.287298 1.159459 -0.020656
v 16.541914 -1.625321 0.028955
v 16.611198 -1.694595 0.030190
v 16.541914 -1.763868 0.031424
v 16.472630 -1.694595 0.030190
v 16.006695 -0.019916 0.000355
v 16.075979 -0.089189 0.001589
v 16.006695 -0.158463 0.002823
v 15.937409 -0.089189 0.001589
v 16.898727 1.625321 -0.028955
v 16.829443 1.694595 -0.030190
v 16.898727 1.763868 -0.031424
v 16.968012 1.694595 -0.030190
v 18.325981 0.871976 -0.015534
v 18.395266 0.802703 -0.014300
v 18.325981 0.733429 -0.013066
v 18.256697 0.802703 -0.014300
v 18.881121 -0.535135 0.009534
v 18.950405 -0.465862 0.008299
v 19.019690 -0.535135 0.009534
v 18.950405 -0.604409 0.010768
v 16.521996 1.070270 -0.019067
v 16.452711 1.000997 -0.017833
v 16.383427 1.070270 -0.019067
v 16.452711 1.139544 -0.020301
v 16.006695 0.336841 -0.006001
v 16.075979 0.267568 -0.004767
v 16.006695 0.198294 -0.003533
v 15.937409 0.267568 -0.004767
v 15.848207 0.891892 -0.015889
v 15.917491 0.961165 -0.017123
v 15.986775 0.891892 -0.015889
v 15.917491 0.822618 -0.014655
v 16.006695 -1.050354 0.018712
v 15.937409 -0.981081 0.017478
v 16.006695 -0.911808 0.016244
v 16.075979 -0.981081 0.017478
v 19.039608 -1.268564 0.022600
v 19.108892 -1.337838 0.023834
v 19.039608 -1.407111 0.025068
v 18.970324 -1.337838 0.023834
v 16.383427 -1.248649 0.022245
v 16.452711 -1.179375 0.021011
v 16.521996 -1.248649 0.022245
v 16.452711 -1.317922 0.023479
v 19.382336 -1.282647 0.022851
v 19.382336 -1.393029 0.024817
v 19.327137 -1.337838 0.023834
v 18.861200 -0.733429 0.013066
v 18.930485 -0.802703 0.014300
v 18.861200 -0.871976 0.015534
v 18.791916 -0.802703 0.014300
v 18.861200 -1.407111 0.025068
v 18.791916 -1.337838 0.023834
v 18.861200 -1.268564 0.022600
v 18.930485 -1.337838 0.023834
v 17.790760 1.407111 -0.025068
v 17.860046 1.337838 -0.023834
v 17.790760 1.268564 -0.022600
v 17.721478 1.337838 -0.023834
v 16.151096 -1.769701 0.031528
v 16.040697 -1.769701 0.031528
v 16.095898 -1.714510 0.030544
v 16.363508 -1.763868 0.031424
v 16.294224 -1.694595 0.030190
v 16.363508 -1.625321 0.028955
v 16.432793 -1.694595 0.030190
v 18.325981 -1.228733 0.021890
v 18.256697 -1.159459 0.020656
v 18.325981 -1.090186 0.019422
v 18.395266 -1.159460 0.020656
v 16.507910 -1.769701 0.031528
v 16.397511 -1.769701 0.031528
v 16.452711 -1.714510 0.030544
v 17.612354 -0.555051 0.009888
v 17.681639 -0.624324 0.011122
v 17.612354 -0.693598 0.012357
v 17.543070 -0.624324 0.011122
v 16.541914 -1.585490 0.028246
v 16.472630 -1.516216 0.027012
v 16.541914 -1.446943 0.025778
v 16.611198 -1.516216 0.027012
v 16.864723 -1.769701 0.031528
v 16.754324 -1.769701 0.031528
v 16.809525 -1.714510 0.030544
v 18.861200 1.407111 -0.025068
v 18.930485 1.337838 -0.023834
v 18.861200 1.268564 -0.022600
v 18.791916 1.337838 -0.023834
v 17.077135 1.407111 -0.025068
v 17.146420 1.337838 -0.023834
v 17.077135 1.268564 -0.022600
v 17.007851 1.337838 -0.023834
v 17.221537 -1.769701 0.031528
v 17.111137 -1.769701 0.031528
v 17.166338 -1.714510 0.030544
v 17.077135 -1.446943 0.025778
v 17.146420 -1.516216 0.027012
v 17.077135 -1.585490 0.028246
v 17.007851 -1.516216 0.027012
v 19.039608 -1.625321 0.028955
v 19.108892 -1.694595 0.030190
v 19.039608 -1.763868 0.031424
v 18.970324 -1.694595 0.030190
v 17.578350 -1.769701 0.031528
v 17.467951 -1.769701 0.031528
v 17.523151 -1.714510 0.030544
v 17.592436 1.427027 -0.025423
v 17.523151 1.357754 -0.024189
v 17.453867 1.427027 -0.025423
v 17.523151 1.496300 -0.026657
v 17.077135 1.763868 -0.031424
v 17.146420 1.694595 -0.030190
v 17.077135 1.625321 -0.028955
v 17.007851 1.694595 -0.030190
v 17.935163 -1.769701 0.031528
v 17.824764 -1.769701 0.031528
v 17.879965 -1.714510 0.030544
v 16.006695 1.446943 -0.025778
v 15.937409 1.516216 -0.027012
v 16.006695 1.585490 -0.028246
v 16.075979 1.516216 -0.027012
v 17.612354 -1.625321 0.028955
v 17.681639 -1.694595 0.030190
v 17.612354 -1.763868 0.031424
v 17.543070 -1.694595 0.030190
v 18.291977 -1.769701 0.031528
v 18.181578 -1.769701 0.031528
v 18.236778 -1.714510 0.030544
v 17.077135 1.446943 -0.025778
v 17.007851 1.516216 -0.027012
v 17.077135 1.585490 -0.028246
v 17.146420 1.516216 -0.027012
v 18.682795 -1.585490 0.028246
v 18.613510 -1.516216 0.027012
v 18.682795 -1.446943 0.025778
v 18.752079 -1.516216 0.027012
v 18.648790 -1.769701 0.031528
v 18.538391 -1.769701 0.031528
v 18.593592 -1.714510 0.030544
v 18.861200 -1.446943 0.025778
v 18.930485 -1.516216 0.027012
v 18.861200 -1.585490 0.028246
v 18.791916 -1.516216 0.027012
v 17.969168 1.625321 -0.028955
v 17.899883 1.694595 -0.030190
v 17.969168 1.763868 -0.031424
v 18.038452 1.694594 -0.030190
v 19.005604 -1.769701 0.031528
v 18.895205 -1.769701 0.031528
v 18.950405 -1.714510 0.030544
v 18.504387 1.407111 -0.025068
v 18.573671 1.337838 -0.023834
v 18.504387 1.268564 -0.022600
v 18.435102 1.337838 -0.023834
v 19.382336 -1.639404 0.029206
v 19.382336 -1.749785 0.031173
v 19.327137 -1.694595 0.030190
v 19.362417 -1.769701 0.031528
v 19.252018 -1.769701 0.031528
v 19.307219 -1.714510 0.030544
v 19.059526 -1.605405 0.028601
v 19.128811 -1.536132 0.027367
v 19.198095 -1.605405 0.028601
v 19.128811 -1.674679 0.029835
v 19.184011 -1.769701 0.031528
v 19.073612 -1.769701 0.031528
v 19.128811 -1.714510 0.030544
v 19.237934 -1.605405 0.028601
v 19.307219 -1.536132 0.027367
v 19.376503 -1.605405 0.028601
v 19.307219 -1.674679 0.029835
v 16.561832 -0.713513 0.012711
v 16.631117 -0.644240 0.011477
v 16.700401 -0.713513 0.012711
v 16.631117 -0.782787 0.013946
v 19.382336 -1.461025 0.026029
v 19.382336 -1.571407 0.027995
v 19.327137 -1.516216 0.027012
v 18.827198 -1.769701 0.031528
v 18.716799 -1.769701 0.031528
v 18.771997 -1.714510 0.030544
v 17.989086 -1.248649 0.022245
v 18.058371 -1.179375 0.021011
v 18.127655 -1.248649 0.022245
v 18.058371 -1.317922 0.023479
v 19.218014 1.446943 -0.025778
v 19.148729 1.516216 -0.027012
v 19.218014 1.585490 -0.028246
v 19.287298 1.516216 -0.027012
v 18.470385 -1.769701 0.031528
v 18.359985 -1.769701 0.031528
v 18.415184 -1.714510 0.030544
v 16.720322 1.407111 -0.025068
v 16.789606 1.337838 -0.023834
v 16.720322 1.268564 -0.022600
v 16.651037 1.337838 -0.023834
v 16.898727 -0.515219 0.009179
v 16.829443 -0.445946 0.007945
v 16.898727 -0.376673 0.006711
v 16.968012 -0.445946 0.007945
v 18.113571 -1.769701 0.031528
v 18.003172 -1.769701 0.031528
v 18.058371 -1.714510 0.030544
v 18.682795 0.515219 -0.009179
v 18.752079 0.445946 -0.007945
v 18.682795 0.376672 -0.006711
v 18.613510 0.445946 -0.007945
v 17.275459 1.427027 -0.025423
v 17.344744 1.496300 -0.026657
v 17.414028 1.427027 -0.025423
v 17.344744 1.357754 -0.024189
v 17.756758 -1.769701 0.031528
v 17.646358 -1.769701 0.031528
v 17.701557 -1.714510 0.030544
v 16.165182 -1.427027 0.025423
v 16.095898 -1.496300 0.026657
v 16.026613 -1.427027 0.025423
v 16.095898 -1.357754 0.024189
v 18.325981 -1.625321 0.028955
v 18.395266 -1.694595 0.030190
v 18.325981 -1.763868 0.031424
v 18.256697 -1.694595 0.030190
v 17.399944 -1.769701 0.031528
v 17.289545 -1.769701 0.031528
v 17.344744 -1.714510 0.030544
v 17.592436 1.070270 -0.019067
v 17.523151 1.000997 -0.017833
v 17.453867 1.070270 -0.019067
v 17.523151 1.139544 -0.020301
v 17.969168 1.585490 -0.028246
v 18.038452 1.516216 -0.027012
v 17.969168 1.446943 -0.025778
v 17.899883 1.516216 -0.027012
v 17.043131 -1.769701 0.031528
v 16.932732 -1.769701 0.031528
v 16.987930 -1.714510 0.030544
v 16.205019 -0.356757 0.006356
v 16.274303 -0.287483 0.005122
v 16.343588 -0.356757 0.006356
v 16.274303 -0.426030 0.007590
v 16.006695 1.407111 -0.025068
v 16.075979 1.337838 -0.023834
v 16.006695 1.268564 -0.022600
v 15.937409 1.337838 -0.023834
v 16.686317 -1.769701 0.031528
v 16.575918 -1.769701 0.031528
v 16.631117 -1.714510 0.030544
v 18.861200 1.446943 -0.025778
v 18.791916 1.516216 -0.027012
v 18.861200 1.585490 -0.028246
v 18.930485 1.516216 -0.027012
v 16.898727 -1.585490 0.028246
v 16.829443 -1.516216 0.027012
v 16.898727 -1.446943 0.025778
v 16.968012 -1.516216 0.027012
v 16.329504 -1.769701 0.031528
v 16.219105 -1.769701 0.031528
v 16.274303 -1.714510 0.030544
v 18.325981 -0.871976 0.015534
v 18.256697 -0.802703 0.014300
v 18.325981 -0.733429 0.013066
v 18.395266 -0.802703 0.014300
v 17.949249 -1.427027 0.025423
v 17.879965 -1.496300 0.026657
v 17.810680 -1.427027 0.025423
v 17.879965 -1.357754 0.024189
v 15.972691 -1.769701 0.031528
v 15.862291 -1.769701 0.031528
v 15.917491 -1.714510 0.030544
v 15.842372 -1.749785 0.031173
v 15.842372 -1.639404 0.029206
v 15.897572 -1.694595 0.030190
v 16.026613 -1.605405 0.028601
v 16.095898 -1.536132 0.027367
v 16.165182 -1.605405 0.028601
v 16.095898 -1.674679 0.029835
v 15.842372 -1.571407 0.027995
v 15.842372 -1.461025 0.026029
v 15.897572 -1.516216 0.027012
v 18.524307 -1.248649 0.022245
v 18.593592 -1.179375 0.021011
v 18.662876 -1.248649 0.022245
v 18.593592 -1.317922 0.023479
v 16.561832 -1.427027 0.025423
v 16.631117 -1.357754 0.024189
v 16.700401 -1.427027 0.025423
v 16.631117 -1.496300 0.026657
v 19.382336 -1.104269 0.019673
v 19.382336 -1.214650 0.021639
v 19.327137 -1.159459 0.020656
v 16.363508 -1.407111 0.025068
v 16.294224 -1.337838 0.023834
v 16.363508 -1.268564 0.022600
v 16.432793 -1.337838 0.023834
v 15.848207 1.070270 -0.019067
v 15.917491 1.139544 -0.020301
v 15.986775 1.070270 -0.019067
v 15.917491 1.000997 -0.017833
v 18.702713 0.891892 -0.015889
v 18.771997 0.961165 -0.017123
v 18.841282 0.891892 -0.015889
v 18.771997 0.822618 -0.014655
v 16.185101 -1.625321 0.028955
v 16.254385 -1.694595 0.030190
v 16.185101 -1.763868 0.031424
v 16.115816 -1.694595 0.030190
v 17.632273 -0.535135 0.009534
v 17.701557 -0.465862 0.008299
v 17.770842 -0.535135 0.009534
v 17.701557 -0.604409 0.010768
v 15.848207 -0.356757 0.006356
v 15.917491 -0.287483 0.005122
v 15.986775 -0.356757 0.006356
v 15.917491 -0.426030 0.007590
v 17.810680 -1.248649 0.022245
v 17.879965 -1.179375 0.021011
v 17.949249 -1.248649 0.022245
v 17.879965 -1.317922 0.023479
v 17.989086 -1.605405 0.028601
v 18.058371 -1.536132 0.027367
v 18.127655 -1.605405 0.028601
v 18.058371 -1.674679 0.029835
v 17.433949 -1.407111 0.025068
v 17.364664 -1.337838 0.023834
v 17.433949 -1.268564 0.022600
v 17.503233 -1.337838 0.023834
v 17.255541 -0.871976 0.015534
v 17.186256 -0.802703 0.014300
v 17.255541 -0.733429 0.013066
v 17.324825 -0.802703 0.014300
v 17.097054 -1.248649 0.022245
v 17.166338 -1.179375 0.021011
v 17.235622 -1.248649 0.022245
v 17.166338 -1.317922 0.023479
v 16.026613 0.891892 -0.015889
v 16.095898 0.961165 -0.017123
v 16.165182 0.891892 -0.015889
v 16.095898 0.822618 -0.014655
v 18.881121 0.891892 -0.015889
v 18.950405 0.961165 -0.017123
v 19.019690 0.891892 -0.015889
v 18.950405 0.822618 -0.014655
v 18.682795 -1.268564 0.022600
v 18.752079 -1.337838 0.023834
v 18.682795 -1.407111 0.025068
v 18.613510 -1.337838 0.023834
v 19.237934 1.248649 -0.022245
v 19.307219 1.317922 -0.023479
v 19.376503 1.248649 -0.022245
v 19.307219 1.179375 -0.021011
v 16.185101 0.871976 -0.015534
v 16.254385 0.802703 -0.014300
v 16.185101 0.733429 -0.013066
v 16.115816 0.802703 -0.014300
v 15.842372 -1.393029 0.024817
v 15.842372 -1.282647 0.022851
v 15.897572 -1.337838 0.023834
v 16.383427 -0.535135 0.009534
v 16.452711 -0.465862 0.008299
v 16.521996 -0.535135 0.009534
v 16.452711 -0.604409 0.010768
v 15.842372 -1.214650 0.021639
v 15.842372 -1.104269 0.019673
v 15.897572 -1.159460 0.020656
v 18.325981 -1.268564 0.022600
v 18.395266 -1.337838 0.023834
v 18.325981 -1.407111 0.025068
v 18.256697 -1.337838 0.023834
v 16.006695 0.376672 -0.006711
v 15.937409 0.445946 -0.007945
v 16.006695 0.515219 -0.009179
v 16.075979 0.445946 -0.007945
v 19.382336 -0.747512 0.013317
v 19.382336 -0.857893 0.015284
v 19.327137 -0.802703 0.014300
v 19.019690 -0.713513 0.012711
v 18.950405 -0.782787 0.013946
v 18.881121 -0.713513 0.012711
v 18.950405 -0.644240 0.011477
v 17.255541 -0.911808 0.016244
v 17.324825 -0.981081 0.017478
v 17.255541 -1.050354 0.018712
v 17.186256 -0.981081 0.017478
v 19.059526 -0.356757 0.006356
v 19.128811 -0.287483 0.005122
v 19.198095 -0.356757 0.006356
v 19.128811 -0.426030 0.007590
v 16.006695 -1.446943 0.025778
v 16.075979 -1.516216 0.027012
v 16.006695 -1.585490 0.028246
v 15.937409 -1.516216 0.027012
v 19.376503 0.713513 -0.012711
v 19.307219 0.644240 -0.011477
v 19.237934 0.713513 -0.012711
v 19.307219 0.782787 -0.013946
v 17.790760 0.733429 -0.013066
v 17.721476 0.802703 -0.014300
v 17.790760 0.871976 -0.015534
v 17.860046 0.802703 -0.014300
v 18.325981 0.911808 -0.016244
v 18.256697 0.981081 -0.017478
v 18.325981 1.050354 -0.018712
v 18.395266 0.981081 -0.017478
v 17.433949 1.050354 -0.018712
v 17.503233 0.981081 -0.017478
v 17.433949 0.911808 -0.016244
v 17.364664 0.981081 -0.017478
v 16.898727 0.555051 -0.009888
v 16.829443 0.624324 -0.011122
v 16.898727 0.693598 -0.012357
v 16.968012 0.624324 -0.011122
v 17.275459 0.000000 -0.000000
v 17.344744 0.069273 -0.001234
v 17.414028 -0.000000 0.000000
v 17.344744 -0.069273 0.001234
v 16.878809 0.356757 -0.006356
v 16.809525 0.287483 -0.005122
v 16.740240 0.356757 -0.006356
v 16.809525 0.426030 -0.007590
v 18.306063 -1.427027 0.025423
v 18.236778 -1.496300 0.026657
v 18.167494 -1.427027 0.025423
v 18.236778 -1.357754 0.024189
v 16.740240 -0.891892 0.015889
v 16.809525 -0.822618 0.014655
v 16.878809 -0.891892 0.015889
v 16.809525 -0.961165 0.017123
v 16.878809 -1.070270 0.019067
v 16.809525 -1.139544 0.020301
v 16.740240 -1.070270 0.019067
v 16.809525 -1.000997 0.017833
v 16.541914 -1.228733 0.021890
v 16.472630 -1.159460 0.020656
v 16.541914 -1.090186 0.019422
v 16.611198 -1.159460 0.020656
v 18.702713 1.605405 -0.028601
v 18.771997 1.674679 -0.029835
v 18.841282 1.605405 -0.028601
v 18.771997 1.536132 -0.027367
v 15.842372 -1.036272 0.018461
v 15.842372 -0.925890 0.016495
v 15.897572 -0.981081 0.017478
v 16.026613 -0.891892 0.015889
v 16.095898 -0.822618 0.014655
v 16.165182 -0.891892 0.015889
v 16.095898 -0.961165 0.017123
v 15.842372 -0.857894 0.015284
v 15.842372 -0.747512 0.013317
v 15.897572 -0.802703 0.014300
v 17.949249 0.356757 -0.006356
v 17.879965 0.287483 -0.005122
v 17.810680 0.356757 -0.006356
v 17.879965 0.426030 -0.007590
v 18.167494 1.248649 -0.022245
v 18.236778 1.317922 -0.023479
v 18.306063 1.248649 -0.022245
v 18.236778 1.179375 -0.021011
v 19.382336 -0.390755 0.006961
v 19.382336 -0.501137 0.008928
v 19.327137 -0.445946 0.007945
v 16.720322 1.446943 -0.025778
v 16.651037 1.516216 -0.027012
v 16.720322 1.585490 -0.028246
v 16.789606 1.516216 -0.027012
v 16.165182 -1.070270 0.019067
v 16.095898 -1.139544 0.020301
v 16.026613 -1.070270 0.019067
v 16.095898 -1.000997 0.017833
v 18.504387 -1.763868 0.031424
v 18.435102 -1.694595 0.030190
v 18.504387 -1.625321 0.028955
v 18.573671 -1.694595 0.030190
v 16.898727 -0.871976 0.015534
v 16.829443 -0.802703 0.014300
v 16.898727 -0.733429 0.013066
v 16.968012 -0.802703 0.014300
v 16.561832 0.356757 -0.006356
v 16.631117 0.426030 -0.007590
v 16.700401 0.356757 -0.006356
v 16.631117 0.287483 -0.005122
v 17.949249 -0.713513 0.012711
v 17.879965 -0.782787 0.013946
v 17.810680 -0.713513 0.012711
v 17.879965 -0.644240 0.011477
v 16.363508 -0.376673 0.006711
v 16.432793 -0.445946 0.007945
v 16.363508 -0.515219 0.009179
v 16.294224 -0.445946 0.007945
v 16.918646 -1.427027 0.025423
v 16.987930 -1.357754 0.024189
v 17.057215 -1.427027 0.025423
v 16.987930 -1.496300 0.026657
v 17.433949 -0.693598 0.012357
v 17.364664 -0.624324 0.011122
v 17.433949 -0.555051 0.009888
v 17.503233 -0.624324 0.011122
v 19.218014 0.693598 -0.012357
v 19.287298 0.624324 -0.011122
v 19.218014 0.555051 -0.009888
v 19.148729 0.624324 -0.011122
v 17.077135 -0.693598 0.012357
v 17.007851 -0.624324 0.011122
v 17.077135 -0.555051 0.009888
v 17.146420 -0.624324 0.011122
v 16.521996 -0.713513 0.012711
v 16.452711 -0.782787 0.013946
v 16.383427 -0.713513 0.012711
v 16.452711 -0.644240 0.011477
v 16.026613 -1.248649 0.022245
v 16.095898 -1.179375 0.021011
v 16.165182 -1.248649 0.022245
v 16.095898 -1.317922 0.023479
v 19.059526 -1.427027 0.025423
v 19.128811 -1.357754 0.024189
v 19.198095 -1.427027 0.025423
v 19.128811 -1.496300 0.026657
v 16.006695 -0.376673 0.006711
v 16.075979 -0.445946 0.007945
v 16.006695 -0.515219 0.009179
v 15.937409 -0.445946 0.007945
v 19.039608 -0.158463 0.002823
v 18.970324 -0.089189 0.001589
v 19.039608 -0.019916 0.000355
v 19.108892 -0.089189 0.001589
v 15.842372 -0.679515 0.012106
v 15.842372 -0.569133 0.010139
v 15.897572 -0.624324 0.011122
v 18.345900 -0.713513 0.012711
v 18.415184 -0.644240 0.011477
v 18.484468 -0.713513 0.012711
v 18.415184 -0.782787 0.013946
v 15.842372 -0.501137 0.008928
v 15.842372 -0.390755 0.006961
v 15.897572 -0.445946 0.007945
v 16.561832 1.427027 -0.025423
v 16.631117 1.496300 -0.026657
v 16.700401 1.427027 -0.025423
v 16.631117 1.357754 -0.024189
v 18.325981 -1.585490 0.028246
v 18.256697 -1.516216 0.027012
v 18.325981 -1.446943 0.025778
v 18.395266 -1.516216 0.027012
v 19.382336 -0.033998 0.000606
v 19.382336 -0.144380 0.002572
v 19.327137 -0.089189 0.001589
v 18.881121 -0.178378 0.003178
v 18.950405 -0.109105 0.001944
v 19.019690 -0.178378 0.003178
v 18.950405 -0.247652 0.004412
v 18.682795 -0.911808 0.016244
v 18.752079 -0.981081 0.017478
v 18.682795 -1.050354 0.018712
v 18.613510 -0.981081 0.017478
v 16.918646 -0.178378 0.003178
v 16.987930 -0.109105 0.001944
v 17.057215 -0.178378 0.003178
v 16.987930 -0.247652 0.004412
v 18.167494 0.178378 -0.003178
v 18.236778 0.247652 -0.004412
v 18.306063 0.178378 -0.003178
v 18.236778 0.109105 -0.001944
v 18.345900 -0.535135 0.009534
v 18.415184 -0.465862 0.008299
v 18.484468 -0.535135 0.009534
v 18.415184 -0.604409 0.010768
v 16.521996 1.427027 -0.025423
v 16.452711 1.357754 -0.024189
v 16.383427 1.427027 -0.025423
v 16.452711 1.496300 -0.026657
v 18.524307 -0.178378 0.003178
v 18.593592 -0.109105 0.001944
v 18.662876 -0.178378 0.003178
v 18.593592 -0.247652 0.004412
v 18.524307 0.178378 -0.003178
v 18.593592 0.247652 -0.004412
v 18.662876 0.178378 -0.003178
v 18.593592 0.109105 -0.001944
v 17.453867 -0.178378 0.003178
v 17.523151 -0.109105 0.001944
v 17.592436 -0.178378 0.003178
v 17.523151 -0.247652 0.004412
v 18.504387 0.019916 -0.000355
v 18.435102 0.089189 -0.001589
v 18.504387 0.158463 -0.002823
v 18.573671 0.089189 -0.001589
v 17.077135 -0.336841 0.006001
v 17.007851 -0.267568 0.004767
v 17.077135 -0.198294 0.003533
v 17.146420 -0.267568 0.004767
v 18.147573 0.336841 -0.006001
v 18.216858 0.267568 -0.004767
v 18.147573 0.198294 -0.003533
v 18.078289 0.267568 -0.004767
v 16.720322 -0.336841 0.006001
v 16.651037 -0.267568 0.004767
v 16.720322 -0.198294 0.003533
v 16.789606 -0.267568 0.004767
v 19.019690 1.427027 -0.025423
v 18.950405 1.357754 -0.024189
v 18.881121 1.427027 -0.025423
v 18.950405 1.496300 -0.026657
v 18.662876 -1.070270 0.019067
v 18.593592 -1.139544 0.020301
v 18.524307 -1.070270 0.019067
v 18.593592 -1.000997 0.017833
v 16.185101 -0.198294 0.003533
v 16.254385 -0.267568 0.004767
v 16.185101 -0.336841 0.006001
v 16.115816 -0.267568 0.004767
v 15.842372 -0.322758 0.005750
v 15.842372 -0.212377 0.003784
v 15.897572 -0.267568 0.004767
v 17.790760 -1.090186 0.019422
v 17.860046 -1.159460 0.020656
v 17.790760 -1.228733 0.021890
v 17.721476 -1.159460 0.020656
v 15.842372 -0.144380 0.002572
v 15.842372 -0.033998 0.000606
v 15.897572 -0.089189 0.001589
v 17.989086 0.356757 -0.006356
v 18.058371 0.426030 -0.007590
v 18.127655 0.356757 -0.006356
v 18.058371 0.287483 -0.005122
v 17.790760 0.019916 -0.000355
v 17.721478 0.089189 -0.001589
v 17.790760 0.158463 -0.002823
v 17.860046 0.089189 -0.001589
v 19.382336 0.322758 -0.005750
v 19.382336 0.212377 -0.003784
v 19.327137 0.267568 -0.004767
v 18.861200 0.376672 -0.006711
v 18.791916 0.445946 -0.007945
v 18.861200 0.515219 -0.009179
v 18.930485 0.445946 -0.007945
v 16.165182 -0.356757 0.006356
v 16.095898 -0.426030 0.007590
v 16.026613 -0.356757 0.006356
v 16.095898 -0.287483 0.005122
v 17.433949 0.336841 -0.006001
v 17.503233 0.267568 -0.004767
v 17.433949 0.198294 -0.003533
v 17.364664 0.267568 -0.004767
v 19.039608 0.198294 -0.003533
v 18.970324 0.267568 -0.004767
v 19.039608 0.336841 -0.006001
v 19.108892 0.267568 -0.004767
v 17.989086 0.178378 -0.003178
v 18.058371 0.247652 -0.004412
v 18.127655 0.178378 -0.003178
v 18.058371 0.109105 -0.001944
v 17.592436 -0.000000 0.000000
v 17.523151 -0.069273 0.001234
v 17.453867 0.000000 0.000000
v 17.523151 0.069273 -0.001234
v 17.790760 0.693598 -0.012357
v 17.860046 0.624324 -0.011122
v 17.790760 0.555051 -0.009888
v 17.721476 0.624324 -0.011122
v 17.612354 0.515219 -0.009179
v 17.681639 0.445946 -0.007945
v 17.612354 0.376672 -0.006711
v 17.543070 0.445946 -0.007945
v 16.720322 0.019916 -0.000355
v 16.651037 0.089189 -0.001589
v 16.720322 0.158463 -0.002823
v 16.789606 0.089189 -0.001589
v 16.878809 0.000000 -0.000000
v 16.809525 -0.069273 0.001234
v 16.740240 -0.000000 0.000000
v 16.809525 0.069273 -0.001234
v 17.433949 0.019916 -0.000355
v 17.364664 0.089189 -0.001589
v 17.433949 0.158463 -0.002823
v 17.503233 0.089189 -0.001589
v 19.218014 0.019916 -0.000355
v 19.148729 0.089189 -0.001589
v 19.218014 0.158463 -0.002823
v 19.287298 0.089189 -0.001589
v 17.255541 -0.515219 0.009179
v 17.186256 -0.445946 0.007945
v 17.255541 -0.376673 0.006711
v 17.324825 -0.445946 0.007945
v 16.026613 -0.535135 0.009534
v 16.095898 -0.465862 0.008299
v 16.165182 -0.535135 0.009534
v 16.095898 -0.604409 0.010768
v 15.848207 -0.535135 0.009534
v 15.917491 -0.465862 0.008299
v 15.986775 -0.535135 0.009534
v 15.917491 -0.604409 0.010768
v 17.612354 -0.911808 0.016244
v 17.681639 -0.981081 0.017478
v 17.612354 -1.050354 0.018712
v 17.543070 -0.981081 0.017478
v 15.842372 0.033998 -0.000606
v 15.842372 0.144380 -0.002572
v 15.897572 0.089189 -0.001589
v 16.363508 0.336841 -0.006001
v 16.432793 0.267568 -0.004767
v 16.363508 0.198294 -0.003533
v 16.294224 0.267568 -0.004767
v 15.842372 0.212377 -0.003784
v 15.842372 0.322758 -0.005750
v 15.897572 0.267568 -0.004767
v 19.218014 0.376672 -0.006711
v 19.148729 0.445946 -0.007945
v 19.218014 0.515219 -0.009179
v 19.287298 0.445946 -0.007945
v 17.255541 0.555051 -0.009888
v 17.186256 0.624324 -0.011122
v 17.255541 0.693598 -0.012357
v 17.324825 0.624324 -0.011122
v 19.382336 0.679515 -0.012106
v 19.382336 0.569133 -0.010139
v 19.327137 0.624324 -0.011122
v 18.861200 0.336841 -0.006001
v 18.930485 0.267568 -0.004767
v 18.861200 0.198294 -0.003533
v 18.791916 0.267568 -0.004767
v 17.275459 0.535135 -0.009534
v 17.344744 0.604409 -0.010768
v 17.414028 0.535135 -0.009534
v 17.344744 0.465862 -0.008299
v 17.612354 -0.871976 0.015534
v 17.543070 -0.802703 0.014300
v 17.612354 -0.733429 0.013066
v 17.681639 -0.802703 0.014300
v 19.039608 0.555051 -0.009888
v 18.970324 0.624324 -0.011122
v 19.039608 0.693598 -0.012357
v 19.108892 0.624324 -0.011122
v 18.147573 0.376672 -0.006711
v 18.078289 0.445946 -0.007945
v 18.147573 0.515219 -0.009179
v 18.216858 0.445946 -0.007945
v 16.918646 0.356757 -0.006356
v 16.987930 0.426030 -0.007590
v 17.057215 0.356757 -0.006356
v 16.987930 0.287483 -0.005122
v 17.790760 0.376672 -0.006711
v 17.721476 0.445946 -0.007945
v 17.790760 0.515219 -0.009179
v 17.860046 0.445946 -0.007945
v 18.682795 -0.555051 0.009888
v 18.752079 -0.624324 0.011122
v 18.682795 -0.693598 0.012357
v 18.613510 -0.624324 0.011122
v 18.504387 0.376672 -0.006711
v 18.435102 0.445946 -0.007945
v 18.504387 0.515219 -0.009179
v 18.573671 0.445946 -0.007945
v 19.376503 0.356757 -0.006356
v 19.307219 0.287483 -0.005122
v 19.237934 0.356757 -0.006356
v 19.307219 0.426030 -0.007590
v 16.185101 0.198294 -0.003533
v 16.115816 0.267568 -0.004767
v 16.185101 0.336841 -0.006001
v 16.254385 0.267568 -0.004767
v 17.433949 -0.376673 0.006711
v 17.503233 -0.445946 0.007945
v 17.433949 -0.515219 0.009179
v 17.364664 -0.445946 0.007945
v 16.720322 0.376672 -0.006711
v 16.651037 0.445946 -0.007945
v 16.720322 0.515219 -0.009179
v 16.789606 0.445946 -0.007945
v 19.237934 -0.535135 0.009534
v 19.307219 -0.465862 0.008299
v 19.376503 -0.535135 0.009534
v 19.307219 -0.604409 0.010768
v 15.848207 -0.000000 0.000000
v 15.917491 0.069273 -0.001234
v 15.986775 -0.000000 0.000000
v 15.917491 -0.069273 0.001234
v 19.059526 -0.535135 0.009534
v 19.128811 -0.465862 0.008299
v 19.198095 -0.535135 0.009534
v 19.128811 -0.604409 0.010768
v 15.842372 0.390755 -0.006961
v 15.842372 0.501137 -0.008928
v 15.897572 0.445946 -0.007945
v 18.147573 -0.733429 0.013066
v 18.216858 -0.802703 0.014300
v 18.147573 -0.871976 0.015534
v 18.078289 -0.802703 0.014300
v 15.842372 0.569133 -0.010139
v 15.842372 0.679515 -0.012106
v 15.897572 0.624324 -0.011122
v 16.205019 1.605405 -0.028601
v 16.274303 1.674679 -0.029835
v 16.343588 1.605405 -0.028601
v 16.274303 1.536132 -0.027367
v 18.325981 1.625321 -0.028955
v 18.256697 1.694594 -0.030190
v 18.325981 1.763868 -0.031424
v 18.395266 1.694595 -0.030190
v 19.382336 1.036272 -0.018461
v 19.382336 0.925890 -0.016495
v 19.327137 0.981081 -0.017478
v 17.969168 -1.268564 0.022600
v 18.038452 -1.337838 0.023834
v 17.969168 -1.407111 0.025068
v 17.899883 -1.337838 0.023834
v 16.363508 -0.019916 0.000355
v 16.432793 -0.089189 0.001589
v 16.363508 -0.158463 0.002823
v 16.294224 -0.089189 0.001589
v 17.810680 0.891892 -0.015889
v 17.879965 0.961165 -0.017123
v 17.949249 0.891892 -0.015889
v 17.879965 0.822618 -0.014655
v 18.702713 0.713513 -0.012711
v 18.771997 0.782787 -0.013946
v 18.841282 0.713513 -0.012711
v 18.771997 0.644240 -0.011477
v 16.006695 -1.090186 0.019422
v 16.075979 -1.159459 0.020656
v 16.006695 -1.228733 0.021890
v 15.937409 -1.159460 0.020656
v 17.949249 1.427027 -0.025423
v 17.879965 1.357754 -0.024189
v 17.810680 1.427027 -0.025423
v 17.879965 1.496300 -0.026657
v 16.561832 -0.178378 0.003178
v 16.631117 -0.109105 0.001944
v 16.700401 -0.178378 0.003178
v 16.631117 -0.247652 0.004412
v 17.255541 0.911808 -0.016244
v 17.186256 0.981081 -0.017478
v 17.255541 1.050354 -0.018712
v 17.324825 0.981081 -0.017478
v 16.918646 0.891892 -0.015889
v 16.987930 0.961165 -0.017123
v 17.057215 0.891892 -0.015889
v 16.987930 0.822618 -0.014655
v 17.275459 -0.713513 0.012711
v 17.344744 -0.644240 0.011477
v 17.414028 -0.713513 0.012711
v 17.344744 -0.782787 0.013946
v 16.561832 0.891892 -0.015889
v 16.631117 0.961165 -0.017123
v 16.700401 0.891892 -0.015889
v 16.631117 0.822618 -0.014655
v 16.521996 0.713513 -0.012711
v 16.452711 0.644240 -0.011477
v 16.383427 0.713513 -0.012711
v 16.452711 0.782787 -0.013946
v 17.969168 -1.625321 0.028955
v 18.038452 -1.694595 0.030190
v 17.969168 -1.763868 0.031424
v 17.899883 -1.694595 0.030190
v 18.861200 -1.050354 0.018712
v 18.791916 -0.981081 0.017478
v 18.861200 -0.911808 0.016244
v 18.930485 -0.981081 0.017478
v 16.006695 1.050354 -0.018712
v 16.075979 0.981081 -0.017478
v 16.006695 0.911808 -0.016244
v 15.937409 0.981081 -0.017478
v 16.185101 -0.158463 0.002823
v 16.115816 -0.089189 0.001589
v 16.185101 -0.019916 0.000355
v 16.254385 -0.089189 0.001589
v 15.842372 0.747512 -0.013317
v 15.842372 0.857894 -0.015284
v 15.897572 0.802703 -0.014300
v 19.218014 -0.336841 0.006001
v 19.148729 -0.267568 0.004767
v 19.218014 -0.198294 0.003533
v 19.287298 -0.267568 0.004767
v 15.842372 0.925890 -0.016495
v 15.842372 1.036272 -0.018461
v 15.897572 0.981081 -0.017478
v 18.325981 1.228733 -0.021890
v 18.395266 1.159460 -0.020656
v 18.325981 1.090186 -0.019422
v 18.256697 1.159459 -0.020656
v 18.325981 1.585490 -0.028246
v 18.395266 1.516216 -0.027012
v 18.325981 1.446943 -0.025778
v 18.256697 1.516216 -0.027012
v 19.382336 1.393029 -0.024817
v 19.382336 1.282647 -0.022851
v 19.327137 1.337838 -0.023834
v 15.848207 1.605405 -0.028601
v 15.917491 1.674679 -0.029835
v 15.986775 1.605405 -0.028601
v 15.917491 1.536132 -0.027367
v 18.682795 1.585490 -0.028246
v 18.752079 1.516216 -0.027012
v 18.682795 1.446943 -0.025778
v 18.613510 1.516216 -0.027012
v 19.059526 -1.248649 0.022245
v 19.128811 -1.179375 0.021011
v 19.198095 -1.248649 0.022245
v 19.128811 -1.317922 0.023479
v 18.682795 1.268564 -0.022600
v 18.613510 1.337838 -0.023834
v 18.682795 1.407111 -0.025068
v 18.752079 1.337838 -0.023834
v 17.255541 -1.625321 0.028955
v 17.324825 -1.694595 0.030190
v 17.255541 -1.763868 0.031424
v 17.186256 -1.694595 0.030190
v 18.147573 -1.763868 0.031424
v 18.078289 -1.694595 0.030190
v 18.147573 -1.625321 0.028955
v 18.216858 -1.694595 0.030190
v 16.898727 -1.625321 0.028955
v 16.968012 -1.694595 0.030190
v 16.898727 -1.763868 0.031424
v 16.829443 -1.694595 0.030190
v 17.275459 1.070270 -0.019067
v 17.344744 1.139544 -0.020301
v 17.414028 1.070270 -0.019067
v 17.344744 1.000997 -0.017833
v 18.682795 0.158463 -0.002823
v 18.752079 0.089189 -0.001589
v 18.682795 0.019916 -0.000355
v 18.613510 0.089189 -0.001589
v 17.235622 1.070270 -0.019067
v 17.166338 1.000997 -0.017833
v 17.097054 1.070270 -0.019067
v 17.166338 1.139544 -0.020301
v 17.255541 -1.585490 0.028246
v 17.186256 -1.516216 0.027012
v 17.255541 -1.446943 0.025778
v 17.324825 -1.516216 0.027012
v 17.989086 0.713513 -0.012711
v 18.058371 0.782787 -0.013946
v 18.127655 0.713513 -0.012711
v 18.058371 0.644240 -0.011477
v 18.504387 1.446943 -0.025778
v 18.435102 1.516216 -0.027012
v 18.504387 1.585490 -0.028246
v 18.573671 1.516216 -0.027012
v 16.898727 1.268564 -0.022600
v 16.829443 1.337838 -0.023834
v 16.898727 1.407111 -0.025068
v 16.968012 1.337838 -0.023834
v 19.059526 0.891892 -0.015889
v 19.128811 0.961165 -0.017123
v 19.198095 0.891892 -0.015889
v 19.128811 0.822618 -0.014655
v 16.541914 1.268564 -0.022600
v 16.472630 1.337838 -0.023834
v 16.541914 1.407111 -0.025068
v 16.611198 1.337838 -0.023834
v 15.842372 1.104269 -0.019673
v 15.842372 1.214650 -0.021639
v 15.897572 1.159460 -0.020656
v 18.682795 -1.625321 0.028955
v 18.752079 -1.694595 0.030190
v 18.682795 -1.763868 0.031424
v 18.613510 -1.694595 0.030190
v 15.842372 1.282647 -0.022851
v 15.842372 1.393029 -0.024817
v 15.897572 1.337838 -0.023834
v 16.185101 1.228733 -0.021890
v 16.254385 1.159459 -0.020656
v 16.185101 1.090186 -0.019422
v 16.115816 1.159459 -0.020656
v 16.006695 0.733429 -0.013066
v 15.937409 0.802703 -0.014300
v 16.006695 0.871976 -0.015534
v 16.075979 0.802703 -0.014300
v 19.382336 1.749785 -0.031173
v 19.382336 1.639404 -0.029206
v 19.327137 1.694594 -0.030190
v 16.541914 1.625321 -0.028955
v 16.472630 1.694595 -0.030190
v 16.541914 1.763868 -0.031424
v 16.611198 1.694595 -0.030190
v 18.861200 1.090186 -0.019422
v 18.791916 1.159460 -0.020656
v 18.861200 1.228733 -0.021890
v 18.930485 1.159460 -0.020656
v 18.306063 1.427027 -0.025423
v 18.236778 1.357754 -0.024189
v 18.167494 1.427027 -0.025423
v 18.236778 1.496300 -0.026657
v 18.147573 -1.407111 0.025068
v 18.078289 -1.337838 0.023834
v 18.147573 -1.268564 0.022600
v 18.216858 -1.337838 0.023834
v 19.059526 0.000000 -0.000000
v 19.128811 0.069273 -0.001234
v 19.198095 -0.000000 0.000000
v 19.128811 -0.069273 0.001234
v 16.205019 -0.891892 0.015889
v 16.274303 -0.822618 0.014655
v 16.343588 -0.891892 0.015889
v 16.274303 -0.961165 0.017123
v 16.165182 -0.713513 0.012711
v 16.095898 -0.782787 0.013946
v 16.026613 -0.713513 0.012711
v 16.095898 -0.644240 0.011477
v 16.918646 1.605405 -0.028601
v 16.987930 1.674679 -0.029835
v 17.057215 1.605405 -0.028601
v 16.987930 1.536132 -0.027367
v 17.632273 -0.000000 0.000000
v 17.701557 0.069273 -0.001234
v 17.770842 -0.000000 0.000000
v 17.701557 -0.069273 0.001234
v 17.275459 -1.605405 0.028601
v 17.344744 -1.536132 0.027367
v 17.414028 -1.605405 0.028601
v 17.344744 -1.674679 0.029835
v 15.848207 0.713513 -0.012711
v 15.917491 0.782787 -0.013946
v 15.986775 0.713513 -0.012711
v 15.917491 0.644240 -0.011477
v 18.504387 1.763868 -0.031424
v 18.573671 1.694595 -0.030190
v 18.504387 1.625321 -0.028955
v 18.435102 1.694595 -0.030190
v 19.237934 -1.248649 0.022245
v 19.307219 -1.179375 0.021011
v 19.376503 -1.248649 0.022245
v 19.307219 -1.317922 0.023479
v 18.682795 1.228733 -0.021890
v 18.752079 1.159460 -0.020656
v 18.682795 1.090186 -0.019422
v 18.613510 1.159460 -0.020656
v 16.561832 1.248649 -0.022245
v 16.631117 1.317922 -0.023479
v 16.700401 1.248649 -0.022245
v 16.631117 1.179375 -0.021011
v 15.842372 1.461025 -0.026029
v 15.842372 1.571407 -0.027995
v 15.897572 1.516216 -0.027012
v 19.039608 1.228733 -0.021890
v 19.108892 1.159459 -0.020656
v 19.039608 1.090186 -0.019422
v 18.970324 1.159460 -0.020656
v 15.842372 1.639404 -0.029206
v 15.842372 1.749785 -0.031173
v 15.897572 1.694595 -0.030190
vn -0.0000 0.0178 0.9998
vt 0.700000 0.050000
vt 0.705582 0.050000
vt 0.725000 0.030582
vt 0.725000 0.025000
vt 0.744418 0.050000
vt 0.750000 0.050000
vt 0.725000 0.069418
vt 0.725000 0.075000
vt 0.250000 0.600000
vt 0.250000 0.605582
vt 0.269418 0.625000
vt 0.275000 0.625000
vt 0.250000 0.644418
vt 0.250000 0.650000
vt 0.230582 0.625000
vt 0.225000 0.625000
vt 0.800000 0.500000
vt 0.805583 0.500000
vt 0.825000 0.480582
vt 0.825000 0.475000
vt 0.844418 0.500000
vt 0.850000 0.500000
vt 0.825000 0.519418
vt 0.825000 0.525000
vt 0.350000 0.050000
vt 0.355582 0.050000
vt 0.375000 0.030582
vt 0.375000 0.025000
vt 0.394418 0.050000
vt 0.400000 0.050000
vt 0.375000 0.069418
vt 0.375000 0.075000
vt 0.900000 0.900000
vt 0.894418 0.900000
vt 0.875000 0.919418
vt 0.875000 0.925000
vt 0.855583 0.900000
vt 0.850000 0.900000
vt 0.875000 0.880583
vt 0.875000 0.875000
vt 0.050000 0.050000
vt 0.055582 0.050000
vt 0.075000 0.030582
vt 0.075000 0.025000
vt 0.094418 0.050000
vt 0.100000 0.050000
vt 0.075000 0.069418
vt 0.075000 0.075000
vt 0.100000 0.550000
vt 0.105582 0.550000
vt 0.125000 0.530582
vt 0.125000 0.525000
vt 0.144418 0.550000
vt 0.150000 0.550000
vt 0.125000 0.569418
vt 0.125000 0.575000
vt 0.800000 0.050000
vt 0.800000 0.044418
vt 0.780582 0.025000
vt 0.775000 0.025000
vt 0.800000 0.005582
vt 0.800000 0.000000
vt 0.819418 0.025000
vt 0.825000 0.025000
vt 0.500000 0.800000
vt 0.494418 0.800000
vt 0.475000 0.819418
vt 0.475000 0.825000
vt 0.455582 0.800000
vt 0.450000 0.800000
vt 0.475000 0.780583
vt 0.475000 0.775000
vt 0.950000 0.100000
vt 0.950000 0.105582
vt 0.969418 0.125000
vt 0.975000 0.125000
vt 0.950000 0.144418
vt 0.950000 0.150000
vt 0.930583 0.125000
vt 0.925000 0.125000
vt 0.000000 0.150000
vt 0.005582 0.150000
vt 0.025000 0.130582
vt 0.025000 0.125000
vt 0.044418 0.150000
vt 0.050000 0.150000
vt 0.025000 0.169418
vt 0.025000 0.175000
vt 0.750000 0.150000
vt 0.755583 0.150000
vt 0.775000 0.130582
vt 0.775000 0.125000
vt 0.794418 0.150000
vt 0.800000 0.150000
vt 0.775000 0.169418
vt 0.775000 0.175000
vt 0.300000 0.150000
vt 0.305582 0.150000
vt 0.325000 0.130582
vt 0.325000 0.125000
vt 0.344418 0.150000
vt 0.350000 0.150000
vt 0.325000 0.169418
vt 0.325000 0.175000
vt 0.800000 0.450000
vt 0.805583 0.450000
vt 0.825000 0.430582
vt 0.825000 0.425000
vt 0.844418 0.450000
vt 0.850000 0.450000
vt 0.825000 0.469418
vt 0.500000 0.150000
vt 0.505583 0.150000
vt 0.525000 0.130582
vt 0.525000 0.125000
vt 0.544418 0.150000
vt 0.550000 0.150000
vt 0.525000 0.169418
vt 0.525000 0.175000
vt 0.700000 0.650000
vt 0.700000 0.655582
vt 0.719418 0.675000
vt 0.725000 0.675000
vt 0.700000 0.694418
vt 0.700000 0.700000
vt 0.680583 0.675000
vt 0.675000 0.675000
vt 0.100000 0.044418
vt 0.080582 0.025000
vt 0.100000 0.005582
vt 0.100000 0.000000
vt 0.119418 0.025000
vt 0.125000 0.025000
vt 0.050000 0.900000
vt 0.050000 0.894418
vt 0.030582 0.875000
vt 0.025000 0.875000
vt 0.050000 0.855583
vt 0.050000 0.850000
vt 0.069418 0.875000
vt 0.075000 0.875000
vt 0.050000 0.000000
vt 0.050000 0.005582
vt 0.069418 0.025000
vt 0.050000 0.044418
vt 0.030582 0.025000
vt 0.025000 0.025000
vt 0.900000 0.150000
vt 0.905582 0.150000
vt 0.925000 0.130582
vt 0.944418 0.150000
vt 0.925000 0.169418
vt 0.925000 0.175000
vt 0.200000 0.400000
vt 0.194418 0.400000
vt 0.175000 0.419418
vt 0.175000 0.425000
vt 0.155582 0.400000
vt 0.150000 0.400000
vt 0.175000 0.380582
vt 0.175000 0.375000
vt 0.650000 0.100000
vt 0.650000 0.105582
vt 0.669418 0.125000
vt 0.675000 0.125000
vt 0.650000 0.144418
vt 0.650000 0.150000
vt 0.630582 0.125000
vt 0.625000 0.125000
vt 0.500000 0.450000
vt 0.500000 0.455582
vt 0.519418 0.475000
vt 0.525000 0.475000
vt 0.500000 0.494418
vt 0.500000 0.500000
vt 0.480582 0.475000
vt 0.475000 0.475000
vt 0.400000 0.250000
vt 0.405582 0.250000
vt 0.425000 0.230582
vt 0.425000 0.225000
vt 0.444418 0.250000
vt 0.450000 0.250000
vt 0.425000 0.269418
vt 0.425000 0.275000
vt 0.500000 0.250000
vt 0.505582 0.250000
vt 0.525000 0.230582
vt 0.525000 0.225000
vt 0.544418 0.250000
vt 0.550000 0.250000
vt 0.525000 0.269418
vt 0.525000 0.275000
vt 0.550000 0.600000
vt 0.550000 0.605582
vt 0.569418 0.625000
vt 0.575000 0.625000
vt 0.550000 0.644418
vt 0.550000 0.650000
vt 0.530583 0.625000
vt 0.525000 0.625000
vt 0.750000 0.200000
vt 0.750000 0.205582
vt 0.769418 0.225000
vt 0.775000 0.225000
vt 0.750000 0.244418
vt 0.750000 0.250000
vt 0.730583 0.225000
vt 0.725000 0.225000
vt 0.750000 0.900000
vt 0.750000 0.894418
vt 0.730582 0.875000
vt 0.725000 0.875000
vt 0.750000 0.855583
vt 0.750000 0.850000
vt 0.769418 0.875000
vt 0.775000 0.875000
vt 0.200000 0.950000
vt 0.205582 0.950000
vt 0.225000 0.930583
vt 0.225000 0.925000
vt 0.244418 0.950000
vt 0.250000 0.950000
vt 0.225000 0.969418
vt 0.225000 0.975000
vt 0.750000 0.300000
vt 0.750000 0.294418
vt 0.730582 0.275000
vt 0.725000 0.275000
vt 0.750000 0.255582
vt 0.769418 0.275000
vt 0.775000 0.275000
vt 1.000000 0.600000
vt 0.994418 0.600000
vt 0.975000 0.619417
vt 0.975000 0.625000
vt 0.955583 0.600000
vt 0.950000 0.600000
vt 0.975000 0.580582
vt 0.975000 0.575000
vt 0.755583 0.250000
vt 0.775000 0.230582
vt 0.794418 0.250000
vt 0.800000 0.250000
vt 0.775000 0.269418
vt 0.350000 0.400000
vt 0.350000 0.394418
vt 0.330582 0.375000
vt 0.325000 0.375000
vt 0.350000 0.355582
vt 0.350000 0.350000
vt 0.369418 0.375000
vt 0.375000 0.375000
vt 0.600000 0.250000
vt 0.600000 0.255582
vt 0.619418 0.275000
vt 0.625000 0.275000
vt 0.600000 0.294418
vt 0.600000 0.300000
vt 0.580582 0.275000
vt 0.575000 0.275000
vt 0.500000 0.850000
vt 0.500000 0.855583
vt 0.519418 0.875000
vt 0.525000 0.875000
vt 0.500000 0.894418
vt 0.500000 0.900000
vt 0.480582 0.875000
vt 0.475000 0.875000
vt 0.500000 0.350000
vt 0.505582 0.350000
vt 0.525000 0.330582
vt 0.525000 0.325000
vt 0.544418 0.350000
vt 0.550000 0.350000
vt 0.525000 0.369418
vt 0.525000 0.375000
vt 0.650000 0.300000
vt 0.650000 0.305582
vt 0.669418 0.325000
vt 0.675000 0.325000
vt 0.650000 0.344418
vt 0.650000 0.350000
vt 0.630582 0.325000
vt 0.625000 0.325000
vt 0.600000 0.350000
vt 0.605582 0.350000
vt 0.625000 0.330582
vt 0.644418 0.350000
vt 0.625000 0.369418
vt 0.625000 0.375000
vt 0.700000 0.400000
vt 0.705582 0.400000
vt 0.725000 0.380582
vt 0.725000 0.375000
vt 0.744418 0.400000
vt 0.750000 0.400000
vt 0.725000 0.419418
vt 0.725000 0.425000
vt 0.100000 0.055582
vt 0.119418 0.075000
vt 0.125000 0.075000
vt 0.100000 0.094418
vt 0.100000 0.100000
vt 0.080582 0.075000
vt 0.900000 0.700000
vt 0.905582 0.700000
vt 0.925000 0.680583
vt 0.925000 0.675000
vt 0.944418 0.700000
vt 0.950000 0.700000
vt 0.925000 0.719418
vt 0.925000 0.725000
vt 0.350000 0.450000
vt 0.355582 0.450000
vt 0.375000 0.430582
vt 0.375000 0.425000
vt 0.394418 0.450000
vt 0.400000 0.450000
vt 0.375000 0.469418
vt 0.375000 0.475000
vt 0.400000 0.850000
vt 0.400000 0.855582
vt 0.419418 0.875000
vt 0.425000 0.875000
vt 0.400000 0.894418
vt 0.400000 0.900000
vt 0.380582 0.875000
vt 0.375000 0.875000
vt 0.400000 0.455582
vt 0.419418 0.475000
vt 0.425000 0.475000
vt 0.400000 0.494418
vt 0.400000 0.500000
vt 0.380582 0.475000
vt 0.300000 0.500000
vt 0.305582 0.500000
vt 0.325000 0.480582
vt 0.325000 0.475000
vt 0.344418 0.500000
vt 0.350000 0.500000
vt 0.325000 0.519418
vt 0.325000 0.525000
vt 0.700000 0.600000
vt 0.694418 0.600000
vt 0.675000 0.619417
vt 0.675000 0.625000
vt 0.655582 0.600000
vt 0.650000 0.600000
vt 0.675000 0.580582
vt 0.675000 0.575000
vt 0.250000 0.450000
vt 0.255582 0.450000
vt 0.275000 0.430582
vt 0.275000 0.425000
vt 0.294418 0.450000
vt 0.300000 0.450000
vt 0.275000 0.469418
vt 0.275000 0.475000
vt 0.500000 0.550000
vt 0.500000 0.544418
vt 0.480582 0.525000
vt 0.475000 0.525000
vt 0.500000 0.505582
vt 0.519418 0.525000
vt 0.525000 0.525000
vt 0.100000 0.450000
vt 0.105582 0.450000
vt 0.125000 0.430582
vt 0.125000 0.425000
vt 0.144418 0.450000
vt 0.150000 0.450000
vt 0.125000 0.469418
vt 0.125000 0.475000
vt 1.000000 0.100000
vt 0.994418 0.100000
vt 0.975000 0.119418
vt 0.955583 0.100000
vt 0.975000 0.080582
vt 0.975000 0.075000
vt 0.800000 0.244418
vt 0.780583 0.225000
vt 0.800000 0.205582
vt 0.800000 0.200000
vt 0.819418 0.225000
vt 0.825000 0.225000
vt 0.200000 0.600000
vt 0.194418 0.600000
vt 0.175000 0.619418
vt 0.175000 0.625000
vt 0.155582 0.600000
vt 0.150000 0.600000
vt 0.175000 0.580582
vt 0.175000 0.575000
vt 0.250000 0.500000
vt 0.250000 0.505582
vt 0.269418 0.525000
vt 0.275000 0.525000
vt 0.250000 0.544418
vt 0.250000 0.550000
vt 0.230582 0.525000
vt 0.225000 0.525000
vt 0.950000 0.400000
vt 0.950000 0.405582
vt 0.969418 0.425000
vt 0.975000 0.425000
vt 0.950000 0.444418
vt 0.950000 0.450000
vt 0.930583 0.425000
vt 0.925000 0.425000
vt 0.500000 0.600000
vt 0.505582 0.600000
vt 0.525000 0.580582
vt 0.525000 0.575000
vt 0.544418 0.600000
vt 0.525000 0.619418
vt 0.600000 0.800000
vt 0.605582 0.800000
vt 0.625000 0.780583
vt 0.625000 0.775000
vt 0.644418 0.800000
vt 0.650000 0.800000
vt 0.625000 0.819418
vt 0.625000 0.825000
vt 0.550000 0.800000
vt 0.550000 0.794418
vt 0.530582 0.775000
vt 0.525000 0.775000
vt 0.550000 0.755583
vt 0.550000 0.750000
vt 0.569418 0.775000
vt 0.575000 0.775000
vt 0.950000 0.300000
vt 0.950000 0.294418
vt 0.930583 0.275000
vt 0.925000 0.275000
vt 0.950000 0.255582
vt 0.950000 0.250000
vt 0.969418 0.275000
vt 0.975000 0.275000
vt 0.755582 0.050000
vt 0.775000 0.030582
vt 0.794418 0.050000
vt 0.775000 0.069418
vt 0.775000 0.075000
vt 0.800000 0.444418
vt 0.780583 0.425000
vt 0.775000 0.425000
vt 0.800000 0.405582
vt 0.800000 0.400000
vt 0.819418 0.425000
vt 0.555583 0.650000
vt 0.575000 0.630582
vt 0.594418 0.650000
vt 0.600000 0.650000
vt 0.575000 0.669418
vt 0.575000 0.675000
vt 0.650000 0.594418
vt 0.630582 0.575000
vt 0.625000 0.575000
vt 0.650000 0.555582
vt 0.650000 0.550000
vt 0.669418 0.575000
vt 0.794418 0.400000
vt 0.775000 0.419418
vt 0.755583 0.400000
vt 0.775000 0.380582
vt 0.775000 0.375000
vt 0.750000 0.600000
vt 0.750000 0.594418
vt 0.730583 0.575000
vt 0.725000 0.575000
vt 0.750000 0.555582
vt 0.750000 0.550000
vt 0.769418 0.575000
vt 0.775000 0.575000
vt 0.900000 0.050000
vt 0.900000 0.044418
vt 0.880583 0.025000
vt 0.875000 0.025000
vt 0.900000 0.005582
vt 0.900000 0.000000
vt 0.919418 0.025000
vt 0.925000 0.025000
vt 0.800000 0.350000
vt 0.800000 0.344418
vt 0.780583 0.325000
vt 0.775000 0.325000
vt 0.800000 0.305582
vt 0.800000 0.300000
vt 0.819418 0.325000
vt 0.825000 0.325000
vt 1.000000 0.700000
vt 0.994418 0.700000
vt 0.975000 0.719418
vt 0.975000 0.725000
vt 0.955583 0.700000
vt 0.975000 0.680582
vt 0.975000 0.675000
vt 0.650000 0.794418
vt 0.630582 0.775000
vt 0.650000 0.755583
vt 0.650000 0.750000
vt 0.669418 0.775000
vt 0.675000 0.775000
vt 0.200000 0.350000
vt 0.200000 0.355582
vt 0.219418 0.375000
vt 0.225000 0.375000
vt 0.200000 0.394418
vt 0.180582 0.375000
vt 0.150000 0.700000
vt 0.150000 0.705582
vt 0.169418 0.725000
vt 0.175000 0.725000
vt 0.150000 0.744418
vt 0.150000 0.750000
vt 0.130582 0.725000
vt 0.125000 0.725000
vt 0.805582 0.350000
vt 0.825000 0.330582
vt 0.844418 0.350000
vt 0.850000 0.350000
vt 0.825000 0.369418
vt 0.825000 0.375000
vt 0.100000 0.350000
vt 0.100000 0.344418
vt 0.080582 0.325000
vt 0.075000 0.325000
vt 0.100000 0.305582
vt 0.100000 0.300000
vt 0.119418 0.325000
vt 0.125000 0.325000
vt 0.100000 0.355582
vt 0.119418 0.375000
vt 0.125000 0.375000
vt 0.100000 0.394418
vt 0.100000 0.400000
vt 0.080582 0.375000
vt 0.075000 0.375000
vt 0.700000 0.450000
vt 0.700000 0.444418
vt 0.680583 0.425000
vt 0.675000 0.425000
vt 0.700000 0.405582
vt 0.719418 0.425000
vt 0.200000 0.750000
vt 0.205582 0.750000
vt 0.225000 0.730583
vt 0.225000 0.725000
vt 0.244418 0.750000
vt 0.250000 0.750000
vt 0.225000 0.769418
vt 0.225000 0.775000
vt 0.850000 0.300000
vt 0.850000 0.294418
vt 0.830583 0.275000
vt 0.825000 0.275000
vt 0.850000 0.255582
vt 0.850000 0.250000
vt 0.869418 0.275000
vt 0.875000 0.275000
vt 0.750000 0.800000
vt 0.750000 0.794418
vt 0.730583 0.775000
vt 0.725000 0.775000
vt 0.750000 0.755583
vt 0.750000 0.750000
vt 0.769418 0.775000
vt 0.775000 0.775000
vt 0.750000 0.200000
vt 0.750000 0.194418
vt 0.730582 0.175000
vt 0.725000 0.175000
vt 0.750000 0.155582
vt 0.769418 0.175000
vt 0.700000 0.150000
vt 0.705582 0.150000
vt 0.725000 0.130582
vt 0.725000 0.125000
vt 0.744418 0.150000
vt 0.725000 0.169418
vt 0.850000 0.600000
vt 0.850000 0.605582
vt 0.869418 0.625000
vt 0.875000 0.625000
vt 0.850000 0.644418
vt 0.850000 0.650000
vt 0.830583 0.625000
vt 0.825000 0.625000
vt 0.950000 0.800000
vt 0.950000 0.794418
vt 0.930583 0.775000
vt 0.925000 0.775000
vt 0.950000 0.755583
vt 0.950000 0.750000
vt 0.969418 0.775000
vt 0.975000 0.775000
vt 0.200000 0.800000
vt 0.194418 0.800000
vt 0.175000 0.819418
vt 0.175000 0.825000
vt 0.155582 0.800000
vt 0.150000 0.800000
vt 0.175000 0.780583
vt 0.175000 0.775000
vt 0.755583 0.750000
vt 0.775000 0.730583
vt 0.775000 0.725000
vt 0.794418 0.750000
vt 0.800000 0.750000
vt 0.775000 0.769418
vt 0.450000 0.700000
vt 0.450000 0.705583
vt 0.469418 0.725000
vt 0.475000 0.725000
vt 0.450000 0.744418
vt 0.450000 0.750000
vt 0.430582 0.725000
vt 0.425000 0.725000
vt 0.600000 0.200000
vt 0.594418 0.200000
vt 0.575000 0.219418
vt 0.575000 0.225000
vt 0.555582 0.200000
vt 0.550000 0.200000
vt 0.575000 0.180582
vt 0.575000 0.175000
vt 0.200000 0.050000
vt 0.205582 0.050000
vt 0.225000 0.030582
vt 0.225000 0.025000
vt 0.244418 0.050000
vt 0.250000 0.050000
vt 0.225000 0.069418
vt 0.225000 0.075000
vt 0.900000 0.600000
vt 0.894418 0.600000
vt 0.875000 0.619418
vt 0.855583 0.600000
vt 0.875000 0.580582
vt 0.875000 0.575000
vt 0.850000 0.050000
vt 0.855583 0.050000
vt 0.875000 0.030582
vt 0.894418 0.050000
vt 0.875000 0.069418
vt 0.875000 0.075000
vt 0.100000 0.850000
vt 0.105582 0.850000
vt 0.125000 0.830583
vt 0.125000 0.825000
vt 0.144418 0.850000
vt 0.150000 0.850000
vt 0.125000 0.869418
vt 0.125000 0.875000
vt 0.100000 0.200000
vt 0.094418 0.200000
vt 0.075000 0.219418
vt 0.075000 0.225000
vt 0.055582 0.200000
vt 0.050000 0.200000
vt 0.075000 0.180582
vt 0.075000 0.175000
vt 0.555583 0.150000
vt 0.575000 0.130582
vt 0.575000 0.125000
vt 0.594418 0.150000
vt 0.600000 0.150000
vt 0.575000 0.169418
vt 0.000000 0.950000
vt 0.005582 0.950000
vt 0.025000 0.930583
vt 0.025000 0.925000
vt 0.044418 0.950000
vt 0.050000 0.950000
vt 0.025000 0.969418
vt 0.025000 0.975000
vt 0.350000 0.900000
vt 0.350000 0.894418
vt 0.330582 0.875000
vt 0.325000 0.875000
vt 0.350000 0.855582
vt 0.350000 0.850000
vt 0.369418 0.875000
vt 0.300000 0.350000
vt 0.300000 0.355582
vt 0.319418 0.375000
vt 0.300000 0.394418
vt 0.300000 0.400000
vt 0.280582 0.375000
vt 0.275000 0.375000
vt 0.750000 0.650000
vt 0.755583 0.650000
vt 0.775000 0.630582
vt 0.775000 0.625000
vt 0.794418 0.650000
vt 0.800000 0.650000
vt 0.775000 0.669418
vt 0.775000 0.675000
vt 0.600000 0.550000
vt 0.605582 0.550000
vt 0.625000 0.530583
vt 0.625000 0.525000
vt 0.644418 0.550000
vt 0.625000 0.569418
vt 0.850000 0.950000
vt 0.855583 0.950000
vt 0.875000 0.930583
vt 0.894418 0.950000
vt 0.900000 0.950000
vt 0.875000 0.969418
vt 0.875000 0.975000
vt 0.850000 0.800000
vt 0.850000 0.805583
vt 0.869418 0.825000
vt 0.875000 0.825000
vt 0.850000 0.844418
vt 0.850000 0.850000
vt 0.830583 0.825000
vt 0.825000 0.825000
vt 0.094418 0.100000
vt 0.075000 0.119418
vt 0.075000 0.125000
vt 0.055582 0.100000
vt 0.050000 0.100000
vt 0.075000 0.080582
vt 0.950000 0.900000
vt 0.950000 0.905582
vt 0.969418 0.925000
vt 0.975000 0.925000
vt 0.950000 0.944418
vt 0.950000 0.950000
vt 0.930583 0.925000
vt 0.925000 0.925000
vt 0.900000 0.800000
vt 0.905582 0.800000
vt 0.925000 0.780583
vt 0.944418 0.800000
vt 0.925000 0.819418
vt 0.925000 0.825000
vt 0.150000 0.950000
vt 0.155582 0.950000
vt 0.175000 0.930583
vt 0.175000 0.925000
vt 0.194418 0.950000
vt 0.200000 0.950000
vt 0.175000 0.969418
vt 0.175000 0.975000
vt 0.000000 0.900000
vt 0.005582 0.900000
vt 0.025000 0.880583
vt 0.044418 0.900000
vt 0.025000 0.919418
vt 0.800000 0.950000
vt 0.805583 0.950000
vt 0.825000 0.930583
vt 0.825000 0.925000
vt 0.844418 0.950000
vt 0.825000 0.969418
vt 0.825000 0.975000
vt 0.150000 0.200000
vt 0.150000 0.205582
vt 0.169418 0.225000
vt 0.175000 0.225000
vt 0.150000 0.244418
vt 0.150000 0.250000
vt 0.130582 0.225000
vt 0.125000 0.225000
vt 0.200000 0.600000
vt 0.205582 0.600000
vt 0.225000 0.580582
vt 0.225000 0.575000
vt 0.244418 0.600000
vt 0.225000 0.619418
vt 0.900000 0.650000
vt 0.900000 0.644418
vt 0.880583 0.625000
vt 0.900000 0.605582
vt 0.919418 0.625000
vt 0.925000 0.625000
vt 0.700000 0.950000
vt 0.705582 0.950000
vt 0.725000 0.930583
vt 0.725000 0.925000
vt 0.744418 0.950000
vt 0.750000 0.950000
vt 0.725000 0.969418
vt 0.725000 0.975000
vt 0.550000 0.900000
vt 0.550000 0.905583
vt 0.569418 0.925000
vt 0.575000 0.925000
vt 0.550000 0.944418
vt 0.550000 0.950000
vt 0.530583 0.925000
vt 0.525000 0.925000
vt 0.300000 0.950000
vt 0.305582 0.950000
vt 0.325000 0.930583
vt 0.325000 0.925000
vt 0.344418 0.950000
vt 0.350000 0.950000
vt 0.325000 0.969418
vt 0.325000 0.975000
vt 0.494418 0.900000
vt 0.475000 0.919418
vt 0.475000 0.925000
vt 0.455582 0.900000
vt 0.450000 0.900000
vt 0.475000 0.880583
vt 0.355582 0.950000
vt 0.375000 0.930583
vt 0.375000 0.925000
vt 0.394418 0.950000
vt 0.400000 0.950000
vt 0.375000 0.969418
vt 0.375000 0.975000
vt 0.394418 0.900000
vt 0.375000 0.919418
vt 0.355583 0.900000
vt 0.375000 0.880582
vt 0.755583 0.950000
vt 0.775000 0.930583
vt 0.775000 0.925000
vt 0.794418 0.950000
vt 0.775000 0.969418
vt 0.775000 0.975000
vt 0.900000 0.750000
vt 0.905583 0.750000
vt 0.925000 0.730582
vt 0.944418 0.750000
vt 0.925000 0.769418
vt 0.150000 0.900000
vt 0.150000 0.905582
vt 0.169418 0.925000
vt 0.150000 0.944418
vt 0.130582 0.925000
vt 0.125000 0.925000
vt 0.300000 0.850000
vt 0.300000 0.855583
vt 0.319418 0.875000
vt 0.300000 0.894418
vt 0.300000 0.900000
vt 0.280582 0.875000
vt 0.275000 0.875000
vt 0.500000 0.950000
vt 0.505583 0.950000
vt 0.525000 0.930583
vt 0.544418 0.950000
vt 0.525000 0.969418
vt 0.525000 0.975000
vt 0.900000 0.850000
vt 0.900000 0.844418
vt 0.880583 0.825000
vt 0.900000 0.805583
vt 0.919418 0.825000
vt 0.250000 1.000000
vt 0.250000 0.994418
vt 0.230582 0.975000
vt 0.250000 0.955583
vt 0.269418 0.975000
vt 0.275000 0.975000
vt 0.800000 0.700000
vt 0.794418 0.700000
vt 0.775000 0.719418
vt 0.755582 0.700000
vt 0.750000 0.700000
vt 0.775000 0.680583
vt 0.000000 0.850000
vt 0.005582 0.850000
vt 0.025000 0.830583
vt 0.025000 0.825000
vt 0.044418 0.850000
vt 0.025000 0.869418
vt 0.700000 0.850000
vt 0.705582 0.850000
vt 0.725000 0.830583
vt 0.725000 0.825000
vt 0.744418 0.850000
vt 0.725000 0.869418
vt 0.800000 0.850000
vt 0.800000 0.844418
vt 0.780582 0.825000
vt 0.775000 0.825000
vt 0.800000 0.805583
vt 0.800000 0.800000
vt 0.819418 0.825000
vt 0.200000 0.750000
vt 0.200000 0.744418
vt 0.180582 0.725000
vt 0.200000 0.705582
vt 0.200000 0.700000
vt 0.219418 0.725000
vt 0.750000 0.905582
vt 0.769418 0.925000
vt 0.750000 0.944418
vt 0.730583 0.925000
vt 0.300000 0.750000
vt 0.300000 0.755583
vt 0.319418 0.775000
vt 0.325000 0.775000
vt 0.300000 0.794418
vt 0.300000 0.800000
vt 0.280582 0.775000
vt 0.275000 0.775000
vt 0.850000 0.505582
vt 0.869418 0.525000
vt 0.875000 0.525000
vt 0.850000 0.544418
vt 0.850000 0.550000
vt 0.830583 0.525000
vt 0.800000 0.550000
vt 0.800000 0.544418
vt 0.780583 0.525000
vt 0.775000 0.525000
vt 0.800000 0.505582
vt 0.819418 0.525000
vt 0.450000 0.805583
vt 0.469418 0.825000
vt 0.450000 0.844418
vt 0.450000 0.850000
vt 0.430582 0.825000
vt 0.425000 0.825000
vt 0.950000 0.050000
vt 0.955583 0.050000
vt 0.975000 0.030582
vt 0.975000 0.025000
vt 0.994418 0.050000
vt 1.000000 0.050000
vt 0.975000 0.069418
vt 0.350000 0.800000
vt 0.350000 0.805583
vt 0.369418 0.825000
vt 0.375000 0.825000
vt 0.350000 0.844418
vt 0.330582 0.825000
vt 0.325000 0.825000
vt 0.400000 0.800000
vt 0.394418 0.800000
vt 0.375000 0.819418
vt 0.355582 0.800000
vt 0.375000 0.780582
vt 0.375000 0.775000
vt 0.200000 0.250000
vt 0.200000 0.244418
vt 0.180582 0.225000
vt 0.200000 0.205582
vt 0.200000 0.200000
vt 0.219418 0.225000
vt 0.225000 0.225000
vt 0.000000 0.550000
vt 0.005582 0.550000
vt 0.025000 0.530582
vt 0.025000 0.525000
vt 0.044418 0.550000
vt 0.050000 0.550000
vt 0.025000 0.569418
vt 0.025000 0.575000
vt 0.850000 0.000000
vt 0.850000 0.005582
vt 0.869418 0.025000
vt 0.850000 0.044418
vt 0.830583 0.025000
vt 1.000000 0.800000
vt 0.994418 0.800000
vt 0.975000 0.819418
vt 0.975000 0.825000
vt 0.955583 0.800000
vt 0.975000 0.780583
vt 0.950000 0.894418
vt 0.930583 0.875000
vt 0.925000 0.875000
vt 0.950000 0.855583
vt 0.950000 0.850000
vt 0.969418 0.875000
vt 0.975000 0.875000
vt 0.200000 0.150000
vt 0.200000 0.155582
vt 0.219418 0.175000
vt 0.225000 0.175000
vt 0.200000 0.194418
vt 0.200000 0.200000
vt 0.180582 0.175000
vt 0.175000 0.175000
vt 0.805583 0.800000
vt 0.825000 0.780583
vt 0.825000 0.775000
vt 0.844418 0.800000
vt 0.825000 0.819418
vt 0.500000 0.050000
vt 0.500000 0.044418
vt 0.480582 0.025000
vt 0.475000 0.025000
vt 0.500000 0.005582
vt 0.500000 0.000000
vt 0.519418 0.025000
vt 0.525000 0.025000
vt 0.250000 0.900000
vt 0.250000 0.894418
vt 0.230582 0.875000
vt 0.225000 0.875000
vt 0.250000 0.855582
vt 0.250000 0.850000
vt 0.269418 0.875000
vt 0.650000 0.950000
vt 0.655582 0.950000
vt 0.675000 0.930583
vt 0.675000 0.925000
vt 0.694418 0.950000
vt 0.675000 0.969418
vt 0.675000 0.975000
vt 0.750000 0.705582
vt 0.769418 0.725000
vt 0.750000 0.744418
vt 0.730582 0.725000
vt 0.725000 0.725000
vt 0.900000 0.655582
vt 0.919418 0.675000
vt 0.900000 0.694418
vt 0.880583 0.675000
vt 0.875000 0.675000
vt 0.900000 0.200000
vt 0.894418 0.200000
vt 0.875000 0.219418
vt 0.875000 0.225000
vt 0.855583 0.200000
vt 0.850000 0.200000
vt 0.875000 0.180582
vt 0.875000 0.175000
vt 0.850000 0.200000
vt 0.850000 0.205582
vt 0.869418 0.225000
vt 0.850000 0.244418
vt 0.830583 0.225000
vt 0.555582 0.750000
vt 0.575000 0.730583
vt 0.575000 0.725000
vt 0.594418 0.750000
vt 0.600000 0.750000
vt 0.575000 0.769418
vt 0.600000 0.155582
vt 0.619418 0.175000
vt 0.625000 0.175000
vt 0.600000 0.194418
vt 0.600000 0.200000
vt 0.580582 0.175000
vt 0.455582 0.750000
vt 0.475000 0.730582
vt 0.494418 0.750000
vt 0.500000 0.750000
vt 0.475000 0.769418
vt 0.400000 0.444417
vt 0.380582 0.425000
vt 0.400000 0.405582
vt 0.400000 0.400000
vt 0.419418 0.425000
vt 0.425000 0.425000
vt 0.350000 0.750000
vt 0.355582 0.750000
vt 0.375000 0.730582
vt 0.375000 0.725000
vt 0.394418 0.750000
vt 0.400000 0.750000
vt 0.375000 0.769418
vt 0.600000 0.344418
vt 0.580582 0.325000
vt 0.575000 0.325000
vt 0.600000 0.305582
vt 0.619417 0.325000
vt 0.250000 0.800000
vt 0.250000 0.794418
vt 0.230582 0.775000
vt 0.250000 0.755582
vt 0.269418 0.775000
vt 0.700000 0.750000
vt 0.700000 0.755583
vt 0.719418 0.775000
vt 0.700000 0.794418
vt 0.700000 0.800000
vt 0.680582 0.775000
vt 0.955582 0.750000
vt 0.975000 0.730583
vt 0.994418 0.750000
vt 1.000000 0.750000
vt 0.975000 0.769418
vt 0.350000 0.200000
vt 0.350000 0.194418
vt 0.330582 0.175000
vt 0.350000 0.155582
vt 0.369418 0.175000
vt 0.375000 0.175000
vt 0.100000 0.700000
vt 0.105582 0.700000
vt 0.125000 0.680582
vt 0.125000 0.675000
vt 0.144418 0.700000
vt 0.125000 0.719418
vt 0.300000 0.650000
vt 0.300000 0.655582
vt 0.319418 0.675000
vt 0.325000 0.675000
vt 0.300000 0.694418
vt 0.300000 0.700000
vt 0.280582 0.675000
vt 0.275000 0.675000
vt 0.200000 0.350000
vt 0.200000 0.344418
vt 0.180582 0.325000
vt 0.175000 0.325000
vt 0.200000 0.305582
vt 0.200000 0.300000
vt 0.219418 0.325000
vt 0.225000 0.325000
vt 0.305582 0.750000
vt 0.325000 0.730582
vt 0.325000 0.725000
vt 0.344418 0.750000
vt 0.325000 0.769418
vt 0.650000 0.294418
vt 0.630582 0.275000
vt 0.650000 0.255582
vt 0.650000 0.250000
vt 0.669418 0.275000
vt 0.675000 0.275000
vt 0.900000 0.450000
vt 0.905583 0.450000
vt 0.925000 0.430582
vt 0.944418 0.450000
vt 0.925000 0.469418
vt 0.925000 0.475000
vt 0.650000 0.200000
vt 0.650000 0.205582
vt 0.669418 0.225000
vt 0.675000 0.225000
vt 0.650000 0.244418
vt 0.630583 0.225000
vt 0.625000 0.225000
vt 0.305582 0.700000
vt 0.325000 0.680582
vt 0.344418 0.700000
vt 0.350000 0.700000
vt 0.325000 0.719418
vt 0.650000 0.605582
vt 0.669418 0.625000
vt 0.650000 0.644418
vt 0.650000 0.650000
vt 0.630582 0.625000
vt 0.625000 0.625000
vt 0.200000 0.650000
vt 0.200000 0.655582
vt 0.219418 0.675000
vt 0.225000 0.675000
vt 0.200000 0.694418
vt 0.180582 0.675000
vt 0.175000 0.675000
vt 0.650000 0.200000
vt 0.650000 0.194418
vt 0.630582 0.175000
vt 0.650000 0.155582
vt 0.669418 0.175000
vt 0.675000 0.175000
vt 0.700000 0.100000
vt 0.705582 0.100000
vt 0.725000 0.080582
vt 0.744418 0.100000
vt 0.750000 0.100000
vt 0.725000 0.119418
vt 0.305582 0.650000
vt 0.325000 0.630583
vt 0.325000 0.625000
vt 0.344418 0.650000
vt 0.350000 0.650000
vt 0.325000 0.669418
vt 0.500000 0.555582
vt 0.519418 0.575000
vt 0.500000 0.594418
vt 0.480582 0.575000
vt 0.475000 0.575000
vt 0.900000 0.400000
vt 0.894418 0.400000
vt 0.875000 0.419418
vt 0.875000 0.425000
vt 0.855582 0.400000
vt 0.850000 0.400000
vt 0.875000 0.380582
vt 0.875000 0.375000
vt 0.705583 0.600000
vt 0.725000 0.580582
vt 0.744418 0.600000
vt 0.725000 0.619418
vt 0.725000 0.625000
vt 0.305582 0.800000
vt 0.325000 0.780582
vt 0.344418 0.800000
vt 0.325000 0.819418
vt 0.300000 0.155582
vt 0.319418 0.175000
vt 0.300000 0.194418
vt 0.300000 0.200000
vt 0.280582 0.175000
vt 0.275000 0.175000
vt 0.300000 0.100000
vt 0.305582 0.100000
vt 0.325000 0.080582
vt 0.325000 0.075000
vt 0.344418 0.100000
vt 0.350000 0.100000
vt 0.325000 0.119418
vt 0.400000 0.055582
vt 0.419418 0.075000
vt 0.425000 0.075000
vt 0.400000 0.094418
vt 0.400000 0.100000
vt 0.380582 0.075000
vt 0.650000 0.805583
vt 0.669418 0.825000
vt 0.675000 0.825000
vt 0.650000 0.844418
vt 0.650000 0.850000
vt 0.630583 0.825000
vt 0.800000 0.600000
vt 0.805583 0.600000
vt 0.825000 0.580582
vt 0.825000 0.575000
vt 0.844418 0.600000
vt 0.825000 0.619418
vt 0.605582 0.200000
vt 0.625000 0.180582
vt 0.644418 0.200000
vt 0.625000 0.219418
vt 0.050000 1.000000
vt 0.050000 0.994418
vt 0.030582 0.975000
vt 0.050000 0.955583
vt 0.069418 0.975000
vt 0.075000 0.975000
vt 0.200000 0.755582
vt 0.219418 0.775000
vt 0.200000 0.794418
vt 0.180582 0.775000
vt 0.405582 0.850000
vt 0.425000 0.830583
vt 0.444418 0.850000
vt 0.425000 0.869418
vt 0.900000 0.500000
vt 0.894418 0.500000
vt 0.875000 0.519418
vt 0.855583 0.500000
vt 0.875000 0.480582
vt 0.875000 0.475000
vt 0.400000 0.255582
vt 0.419418 0.275000
vt 0.400000 0.294418
vt 0.400000 0.300000
vt 0.380582 0.275000
vt 0.375000 0.275000
vt 0.655582 0.550000
vt 0.675000 0.530582
vt 0.675000 0.525000
vt 0.694418 0.550000
vt 0.700000 0.550000
vt 0.675000 0.569418
vt 0.700000 0.455582
vt 0.719418 0.475000
vt 0.725000 0.475000
vt 0.700000 0.494418
vt 0.700000 0.500000
vt 0.680582 0.475000
vt 0.675000 0.475000
vt 0.550000 0.500000
vt 0.550000 0.505582
vt 0.569418 0.525000
vt 0.575000 0.525000
vt 0.550000 0.544418
vt 0.550000 0.550000
vt 0.530582 0.525000
vt 0.400000 0.550000
vt 0.400000 0.555582
vt 0.419418 0.575000
vt 0.425000 0.575000
vt 0.400000 0.594418
vt 0.400000 0.600000
vt 0.380582 0.575000
vt 0.375000 0.575000
vt 0.450000 0.500000
vt 0.450000 0.505582
vt 0.469418 0.525000
vt 0.450000 0.544418
vt 0.450000 0.550000
vt 0.430582 0.525000
vt 0.425000 0.525000
vt 0.200000 0.500000
vt 0.205582 0.500000
vt 0.225000 0.480582
vt 0.225000 0.475000
vt 0.244418 0.500000
vt 0.225000 0.519418
vt 0.500000 0.400000
vt 0.505582 0.400000
vt 0.525000 0.380582
vt 0.544418 0.400000
vt 0.550000 0.400000
vt 0.525000 0.419418
vt 0.525000 0.425000
vt 0.500000 0.344418
vt 0.480582 0.325000
vt 0.475000 0.325000
vt 0.500000 0.305582
vt 0.500000 0.300000
vt 0.519418 0.325000
vt 0.505582 0.550000
vt 0.525000 0.530582
vt 0.544418 0.550000
vt 0.525000 0.569418
vt 0.400000 0.044418
vt 0.380582 0.025000
vt 0.400000 0.005582
vt 0.400000 0.000000
vt 0.419418 0.025000
vt 0.425000 0.025000
vt 0.100000 0.250000
vt 0.105582 0.250000
vt 0.125000 0.230582
vt 0.144418 0.250000
vt 0.125000 0.269418
vt 0.125000 0.275000
vt 0.150000 0.100000
vt 0.150000 0.094418
vt 0.130582 0.075000
vt 0.150000 0.055582
vt 0.150000 0.050000
vt 0.169418 0.075000
vt 0.175000 0.075000
vt 0.794418 0.200000
vt 0.775000 0.219418
vt 0.755583 0.200000
vt 0.775000 0.180582
vt 0.155582 0.450000
vt 0.175000 0.430582
vt 0.194418 0.450000
vt 0.200000 0.450000
vt 0.175000 0.469418
vt 0.175000 0.475000
vt 0.955583 0.450000
vt 0.975000 0.430582
vt 0.994418 0.450000
vt 1.000000 0.450000
vt 0.975000 0.469418
vt 0.975000 0.475000
vt 0.405582 0.900000
vt 0.425000 0.880583
vt 0.444418 0.900000
vt 0.425000 0.919418
vt 0.425000 0.925000
vt 0.400000 0.150000
vt 0.400000 0.155582
vt 0.419418 0.175000
vt 0.425000 0.175000
vt 0.400000 0.194418
vt 0.400000 0.200000
vt 0.380582 0.175000
vt 0.000000 0.350000
vt 0.005582 0.350000
vt 0.025000 0.330582
vt 0.025000 0.325000
vt 0.044418 0.350000
vt 0.050000 0.350000
vt 0.025000 0.369418
vt 0.025000 0.375000
vt 0.550000 0.405582
vt 0.569418 0.425000
vt 0.575000 0.425000
vt 0.550000 0.444418
vt 0.550000 0.450000
vt 0.530582 0.425000
vt 0.700000 0.350000
vt 0.705582 0.350000
vt 0.725000 0.330582
vt 0.725000 0.325000
vt 0.744418 0.350000
vt 0.750000 0.350000
vt 0.725000 0.369418
vt 0.700000 0.544418
vt 0.680583 0.525000
vt 0.700000 0.505582
vt 0.719418 0.525000
vt 0.725000 0.525000
vt 0.750000 0.405582
vt 0.769418 0.425000
vt 0.750000 0.444418
vt 0.750000 0.450000
vt 0.730583 0.425000
vt 0.200000 0.450000
vt 0.205582 0.450000
vt 0.225000 0.430582
vt 0.225000 0.425000
vt 0.244418 0.450000
vt 0.225000 0.469418
vt 0.350000 0.505582
vt 0.369418 0.525000
vt 0.375000 0.525000
vt 0.350000 0.544418
vt 0.350000 0.550000
vt 0.330582 0.525000
vt 0.305582 0.450000
vt 0.325000 0.430582
vt 0.325000 0.425000
vt 0.344418 0.450000
vt 0.325000 0.469418
vt 0.794418 0.500000
vt 0.775000 0.519418
vt 0.755583 0.500000
vt 0.750000 0.500000
vt 0.775000 0.480582
vt 0.775000 0.475000
vt 0.350000 0.494418
vt 0.330582 0.475000
vt 0.350000 0.455582
vt 0.369418 0.475000
vt 0.405582 0.400000
vt 0.425000 0.380582
vt 0.425000 0.375000
vt 0.444418 0.400000
vt 0.450000 0.400000
vt 0.425000 0.419418
vt 0.355582 0.350000
vt 0.375000 0.330582
vt 0.375000 0.325000
vt 0.394418 0.350000
vt 0.400000 0.350000
vt 0.375000 0.369418
vt 0.400000 0.650000
vt 0.405582 0.650000
vt 0.425000 0.630583
vt 0.425000 0.625000
vt 0.444418 0.650000
vt 0.450000 0.650000
vt 0.425000 0.669418
vt 0.425000 0.675000
vt 0.050000 0.450000
vt 0.055582 0.450000
vt 0.075000 0.430582
vt 0.075000 0.425000
vt 0.094418 0.450000
vt 0.075000 0.469418
vt 0.075000 0.475000
vt 0.100000 0.650000
vt 0.105582 0.650000
vt 0.125000 0.630582
vt 0.125000 0.625000
vt 0.144418 0.650000
vt 0.150000 0.650000
vt 0.125000 0.669418
vt 0.150000 0.394418
vt 0.130582 0.375000
vt 0.150000 0.355582
vt 0.150000 0.350000
vt 0.169418 0.375000
vt 0.155582 0.750000
vt 0.175000 0.730582
vt 0.194418 0.750000
vt 0.175000 0.769418
vt 0.950000 0.350000
vt 0.955583 0.350000
vt 0.975000 0.330582
vt 0.975000 0.325000
vt 0.994418 0.350000
vt 1.000000 0.350000
vt 0.975000 0.369418
vt 0.975000 0.375000
vt 0.100000 0.655582
vt 0.119418 0.675000
vt 0.100000 0.694418
vt 0.080582 0.675000
vt 0.075000 0.675000
vt 0.850000 0.750000
vt 0.855582 0.750000
vt 0.875000 0.730582
vt 0.875000 0.725000
vt 0.894418 0.750000
vt 0.875000 0.769418
vt 0.875000 0.775000
vt 0.794418 0.300000
vt 0.775000 0.319418
vt 0.755583 0.300000
vt 0.775000 0.280582
vt 0.105582 0.350000
vt 0.125000 0.330582
vt 0.144418 0.350000
vt 0.125000 0.369418
vt 0.094418 0.300000
vt 0.075000 0.319418
vt 0.055582 0.300000
vt 0.050000 0.300000
vt 0.075000 0.280582
vt 0.075000 0.275000
vt 0.755583 0.350000
vt 0.775000 0.330582
vt 0.794418 0.350000
vt 0.775000 0.369418
vt 0.700000 0.200000
vt 0.694418 0.200000
vt 0.675000 0.219418
vt 0.655582 0.200000
vt 0.675000 0.180582
vt 0.205582 0.350000
vt 0.225000 0.330582
vt 0.244418 0.350000
vt 0.250000 0.350000
vt 0.225000 0.369418
vt 0.700000 0.555583
vt 0.719418 0.575000
vt 0.700000 0.594418
vt 0.680583 0.575000
vt 0.305582 0.350000
vt 0.325000 0.330582
vt 0.325000 0.325000
vt 0.344418 0.350000
vt 0.325000 0.369418
vt 0.094418 0.400000
vt 0.075000 0.419418
vt 0.055582 0.400000
vt 0.050000 0.400000
vt 0.075000 0.380582
vt 0.350000 0.300000
vt 0.350000 0.305582
vt 0.369418 0.325000
vt 0.350000 0.344418
vt 0.330582 0.325000
vt 0.350000 1.000000
vt 0.350000 0.994418
vt 0.330582 0.975000
vt 0.350000 0.955583
vt 0.369418 0.975000
vt 0.250000 0.300000
vt 0.250000 0.305582
vt 0.269418 0.325000
vt 0.275000 0.325000
vt 0.250000 0.344418
vt 0.230582 0.325000
vt 0.694418 0.800000
vt 0.675000 0.819418
vt 0.655582 0.800000
vt 0.675000 0.780582
vt 0.055582 0.350000
vt 0.075000 0.330582
vt 0.094418 0.350000
vt 0.075000 0.369418
vt 0.950000 0.500000
vt 0.950000 0.505582
vt 0.969418 0.525000
vt 0.975000 0.525000
vt 0.950000 0.544418
vt 0.950000 0.550000
vt 0.930583 0.525000
vt 0.925000 0.525000
vt 0.155582 0.350000
vt 0.175000 0.330582
vt 0.194418 0.350000
vt 0.175000 0.369418
vt 1.000000 0.900000
vt 0.994418 0.900000
vt 0.975000 0.919418
vt 0.955582 0.900000
vt 0.975000 0.880583
vt 0.300000 0.250000
vt 0.300000 0.255582
vt 0.319418 0.275000
vt 0.325000 0.275000
vt 0.300000 0.294418
vt 0.300000 0.300000
vt 0.280582 0.275000
vt 0.275000 0.275000
vt 0.100000 0.500000
vt 0.105582 0.500000
vt 0.125000 0.480582
vt 0.144418 0.500000
vt 0.150000 0.500000
vt 0.125000 0.519418
vt 0.350000 0.794418
vt 0.330582 0.775000
vt 0.350000 0.755583
vt 0.369418 0.775000
vt 0.894418 0.800000
vt 0.875000 0.819418
vt 0.855583 0.800000
vt 0.875000 0.780583
vt 0.350000 0.294418
vt 0.330582 0.275000
vt 0.350000 0.255582
vt 0.350000 0.250000
vt 0.369418 0.275000
vt 0.705582 0.800000
vt 0.725000 0.780582
vt 0.744418 0.800000
vt 0.725000 0.819418
vt 0.505582 0.900000
vt 0.525000 0.880583
vt 0.544418 0.900000
vt 0.525000 0.919418
vt 0.055582 0.150000
vt 0.075000 0.130582
vt 0.094418 0.150000
vt 0.100000 0.150000
vt 0.075000 0.169418
vt 0.350000 0.200000
vt 0.350000 0.205582
vt 0.369418 0.225000
vt 0.375000 0.225000
vt 0.350000 0.244418
vt 0.330582 0.225000
vt 0.325000 0.225000
vt 0.694418 0.700000
vt 0.675000 0.719418
vt 0.675000 0.725000
vt 0.655582 0.700000
vt 0.650000 0.700000
vt 0.675000 0.680582
vt 0.600000 0.450000
vt 0.600000 0.455582
vt 0.619418 0.475000
vt 0.625000 0.475000
vt 0.600000 0.494418
vt 0.600000 0.500000
vt 0.580582 0.475000
vt 0.575000 0.475000
vt 0.405582 0.750000
vt 0.425000 0.730582
vt 0.444418 0.750000
vt 0.425000 0.769418
vt 0.425000 0.775000
vt 0.355582 0.250000
vt 0.375000 0.230582
vt 0.394418 0.250000
vt 0.375000 0.269418
vt 0.600000 0.144418
vt 0.580582 0.125000
vt 0.600000 0.105582
vt 0.600000 0.100000
vt 0.619418 0.125000
vt 0.250000 0.200000
vt 0.250000 0.205582
vt 0.269418 0.225000
vt 0.275000 0.225000
vt 0.250000 0.244418
vt 0.250000 0.250000
vt 0.230582 0.225000
vt 0.950000 0.805582
vt 0.969418 0.825000
vt 0.950000 0.844418
vt 0.930583 0.825000
vt 0.100000 0.200000
vt 0.105582 0.200000
vt 0.125000 0.180582
vt 0.125000 0.175000
vt 0.144418 0.200000
vt 0.125000 0.219418
vt 1.000000 0.200000
vt 0.994418 0.200000
vt 0.975000 0.219418
vt 0.975000 0.225000
vt 0.955582 0.200000
vt 0.950000 0.200000
vt 0.975000 0.180582
vt 0.975000 0.175000
vt 0.805582 0.750000
vt 0.825000 0.730582
vt 0.825000 0.725000
vt 0.844418 0.750000
vt 0.825000 0.769418
vt 0.150000 0.000000
vt 0.150000 0.005582
vt 0.169418 0.025000
vt 0.175000 0.025000
vt 0.150000 0.044418
vt 0.130582 0.025000
vt 0.105582 0.100000
vt 0.125000 0.080582
vt 0.144418 0.100000
vt 0.125000 0.119418
vt 0.125000 0.125000
vt 0.900000 0.300000
vt 0.905583 0.300000
vt 0.925000 0.280582
vt 0.944418 0.300000
vt 0.925000 0.319418
vt 0.925000 0.325000
vt 0.100000 0.750000
vt 0.100000 0.755583
vt 0.119418 0.775000
vt 0.125000 0.775000
vt 0.100000 0.794418
vt 0.100000 0.800000
vt 0.080582 0.775000
vt 0.075000 0.775000
vt 0.000000 0.100000
vt 0.005582 0.100000
vt 0.025000 0.080582
vt 0.025000 0.075000
vt 0.044418 0.100000
vt 0.025000 0.119418
vt 0.250000 0.150000
vt 0.255582 0.150000
vt 0.275000 0.130582
vt 0.275000 0.125000
vt 0.294418 0.150000
vt 0.275000 0.169418
vt 0.600000 0.600000
vt 0.594418 0.600000
vt 0.575000 0.619418
vt 0.555582 0.600000
vt 0.575000 0.580582
vt 0.575000 0.575000
vt 0.294418 0.300000
vt 0.275000 0.319418
vt 0.255582 0.300000
vt 0.275000 0.280582
vt 0.900000 0.944418
vt 0.880583 0.925000
vt 0.900000 0.905582
vt 0.919418 0.925000
vt 0.555583 0.950000
vt 0.575000 0.930583
vt 0.594418 0.950000
vt 0.600000 0.950000
vt 0.575000 0.969418
vt 0.575000 0.975000
vt 0.555582 0.550000
vt 0.575000 0.530582
vt 0.594418 0.550000
vt 0.575000 0.569418
vt 0.450000 0.794418
vt 0.430582 0.775000
vt 0.450000 0.755583
vt 0.469418 0.775000
vt 0.650000 0.094418
vt 0.630582 0.075000
vt 0.625000 0.075000
vt 0.650000 0.055582
vt 0.650000 0.050000
vt 0.669418 0.075000
vt 0.675000 0.075000
vt 0.450000 0.150000
vt 0.455582 0.150000
vt 0.475000 0.130582
vt 0.475000 0.125000
vt 0.494418 0.150000
vt 0.475000 0.169418
vt 0.475000 0.175000
vt 0.200000 0.444418
vt 0.180582 0.425000
vt 0.200000 0.405582
vt 0.219418 0.425000
vt 0.105582 0.800000
vt 0.125000 0.780583
vt 0.144418 0.800000
vt 0.125000 0.819418
vt 0.800000 0.100000
vt 0.794418 0.100000
vt 0.775000 0.119418
vt 0.755583 0.100000
vt 0.775000 0.080582
vt 0.600000 0.050000
vt 0.605583 0.050000
vt 0.625000 0.030582
vt 0.625000 0.025000
vt 0.644418 0.050000
vt 0.625000 0.069418
vt 0.100000 0.950000
vt 0.100000 0.944418
vt 0.080582 0.925000
vt 0.075000 0.925000
vt 0.100000 0.905583
vt 0.100000 0.900000
vt 0.119418 0.925000
vt 0.155582 0.050000
vt 0.175000 0.030582
vt 0.194418 0.050000
vt 0.200000 0.050000
vt 0.175000 0.069418
vt 0.600000 0.244418
vt 0.580582 0.225000
vt 0.600000 0.205582
vt 0.619418 0.225000
vt 0.105582 0.150000
vt 0.125000 0.130582
vt 0.144418 0.150000
vt 0.150000 0.150000
vt 0.125000 0.169418
vt 0.909530 0.003947
vt 0.940470 0.003947
vt 0.950000 0.000000
vt 0.925000 0.019418
vt 0.959530 0.003947
vt 0.990470 0.003947
vt 1.000000 0.000000
vt 0.975000 0.019418
vt 0.750000 0.694418
vt 0.730582 0.675000
vt 0.750000 0.655582
vt 0.769418 0.675000
vt 0.809530 0.003947
vt 0.840470 0.003947
vt 0.825000 0.019417
vt 0.859530 0.003947
vt 0.890470 0.003947
vt 0.875000 0.019417
vt 0.750000 0.605582
vt 0.769418 0.625000
vt 0.750000 0.644418
vt 0.730583 0.625000
vt 0.700000 0.000000
vt 0.709530 0.003947
vt 0.740470 0.003947
vt 0.750000 0.000000
vt 0.725000 0.019417
vt 0.759530 0.003947
vt 0.790470 0.003947
vt 0.775000 0.019417
vt 0.655583 0.050000
vt 0.675000 0.030582
vt 0.675000 0.025000
vt 0.694418 0.050000
vt 0.675000 0.069418
vt 0.600000 0.000000
vt 0.609530 0.003947
vt 0.640470 0.003947
vt 0.650000 0.000000
vt 0.625000 0.019418
vt 0.659530 0.003947
vt 0.690470 0.003947
vt 0.675000 0.019418
vt 0.550000 0.050000
vt 0.555582 0.050000
vt 0.575000 0.030582
vt 0.575000 0.025000
vt 0.594418 0.050000
vt 0.575000 0.069418
vt 0.575000 0.075000
vt 0.509530 0.003947
vt 0.540470 0.003947
vt 0.550000 0.000000
vt 0.525000 0.019417
vt 0.559530 0.003947
vt 0.590470 0.003947
vt 0.575000 0.019417
vt 0.450000 0.950000
vt 0.455582 0.950000
vt 0.475000 0.930583
vt 0.494418 0.950000
vt 0.475000 0.969418
vt 0.475000 0.975000
vt 0.409530 0.003947
vt 0.440470 0.003947
vt 0.450000 0.000000
vt 0.425000 0.019418
vt 0.459530 0.003947
vt 0.490470 0.003947
vt 0.475000 0.019418
vt 0.450000 0.050000
vt 0.455582 0.050000
vt 0.475000 0.030582
vt 0.494418 0.050000
vt 0.475000 0.069418
vt 0.475000 0.075000
vt 0.300000 0.000000
vt 0.309530 0.003947
vt 0.340470 0.003947
vt 0.350000 0.000000
vt 0.325000 0.019418
vt 0.325000 0.025000
vt 0.359530 0.003947
vt 0.390470 0.003947
vt 0.375000 0.019418
vt 0.955582 0.550000
vt 0.975000 0.530582
vt 0.994418 0.550000
vt 1.000000 0.550000
vt 0.975000 0.569418
vt 0.200000 0.000000
vt 0.209530 0.003947
vt 0.240470 0.003947
vt 0.250000 0.000000
vt 0.225000 0.019417
vt 0.259530 0.003947
vt 0.290470 0.003947
vt 0.275000 0.019417
vt 0.275000 0.025000
vt 0.150000 0.594418
vt 0.130582 0.575000
vt 0.150000 0.555582
vt 0.169418 0.575000
vt 0.109530 0.003947
vt 0.140470 0.003947
vt 0.125000 0.019418
vt 0.159530 0.003947
vt 0.190470 0.003947
vt 0.175000 0.019417
vt 0.255582 0.050000
vt 0.275000 0.030582
vt 0.294418 0.050000
vt 0.300000 0.050000
vt 0.275000 0.069418
vt 0.275000 0.075000
vt 0.000000 0.000000
vt 0.009530 0.003947
vt 0.040470 0.003947
vt 0.025000 0.019417
vt 0.059530 0.003947
vt 0.090470 0.003947
vt 0.075000 0.019418
vt 0.550000 0.200000
vt 0.550000 0.205582
vt 0.569418 0.225000
vt 0.550000 0.244418
vt 0.530582 0.225000
vt 0.150000 0.694418
vt 0.130582 0.675000
vt 0.150000 0.655582
vt 0.169418 0.675000
vt 0.900000 0.550000
vt 0.905583 0.550000
vt 0.925000 0.530583
vt 0.944418 0.550000
vt 0.925000 0.569418
vt 0.925000 0.575000
vt 0.550000 0.100000
vt 0.550000 0.094418
vt 0.530582 0.075000
vt 0.525000 0.075000
vt 0.550000 0.055582
vt 0.569418 0.075000
vt 0.900000 0.250000
vt 0.900000 0.244418
vt 0.880583 0.225000
vt 0.900000 0.205582
vt 0.919418 0.225000
vt 0.925000 0.225000
vt 0.900000 0.555582
vt 0.919418 0.575000
vt 0.900000 0.594418
vt 0.880583 0.575000
vt 0.394418 0.400000
vt 0.375000 0.419418
vt 0.355582 0.400000
vt 0.375000 0.380582
vt 0.550000 1.000000
vt 0.550000 0.994418
vt 0.530582 0.975000
vt 0.550000 0.955583
vt 0.569418 0.975000
vt 0.100000 0.644418
vt 0.080582 0.625000
vt 0.075000 0.625000
vt 0.100000 0.605582
vt 0.100000 0.600000
vt 0.119418 0.625000
vt 0.494418 0.400000
vt 0.475000 0.419418
vt 0.475000 0.425000
vt 0.455582 0.400000
vt 0.475000 0.380582
vt 0.475000 0.375000
vt 0.250000 0.905583
vt 0.269418 0.925000
vt 0.275000 0.925000
vt 0.250000 0.944418
vt 0.230582 0.925000
vt 0.400000 0.144418
vt 0.380582 0.125000
vt 0.375000 0.125000
vt 0.400000 0.105582
vt 0.419418 0.125000
vt 0.425000 0.125000
vt 0.305582 0.300000
vt 0.325000 0.280582
vt 0.344418 0.300000
vt 0.325000 0.319418
vt 0.705582 0.750000
vt 0.725000 0.730582
vt 0.744418 0.750000
vt 0.725000 0.769418
vt 0.500000 0.944418
vt 0.480583 0.925000
vt 0.500000 0.905583
vt 0.519418 0.925000
vt 0.450000 0.905583
vt 0.469418 0.925000
vt 0.450000 0.944418
vt 0.430582 0.925000
vt 0.450000 1.000000
vt 0.450000 0.994418
vt 0.430582 0.975000
vt 0.425000 0.975000
vt 0.450000 0.955582
vt 0.469418 0.975000
vt 0.600000 0.944418
vt 0.580582 0.925000
vt 0.600000 0.905583
vt 0.600000 0.900000
vt 0.619418 0.925000
vt 0.625000 0.925000
vt 0.294418 0.100000
vt 0.275000 0.119418
vt 0.255582 0.100000
vt 0.250000 0.100000
vt 0.275000 0.080582
vt 0.900000 0.200000
vt 0.905583 0.200000
vt 0.925000 0.180582
vt 0.944418 0.200000
vt 0.950000 0.200000
vt 0.925000 0.219418
vt 0.700000 0.300000
vt 0.705582 0.300000
vt 0.725000 0.280582
vt 0.744418 0.300000
vt 0.725000 0.319418
vt 0.105582 0.950000
vt 0.125000 0.930583
vt 0.144418 0.950000
vt 0.125000 0.969418
vt 0.125000 0.975000
vt 0.394418 0.100000
vt 0.375000 0.119418
vt 0.355582 0.100000
vt 0.375000 0.080582
vt 0.900000 0.144418
vt 0.880583 0.125000
vt 0.875000 0.125000
vt 0.900000 0.105582
vt 0.900000 0.100000
vt 0.919418 0.125000
vt 0.200000 0.550000
vt 0.200000 0.555582
vt 0.219418 0.575000
vt 0.200000 0.594418
vt 0.180582 0.575000
vt 0.850000 1.000000
vt 0.850000 0.994418
vt 0.830582 0.975000
vt 0.850000 0.955583
vt 0.869418 0.975000
vt 0.055582 0.550000
vt 0.075000 0.530582
vt 0.075000 0.525000
vt 0.094418 0.550000
vt 0.075000 0.569418
vt 0.075000 0.575000
vt 0.200000 0.200000
vt 0.205582 0.200000
vt 0.225000 0.180582
vt 0.244418 0.200000
vt 0.225000 0.219418
vt 0.100000 0.744418
vt 0.080582 0.725000
vt 0.075000 0.725000
vt 0.100000 0.705582
vt 0.119417 0.725000
vt 0.996053 0.059530
vt 0.996053 0.090470
vt 0.980583 0.075000
vt 0.300000 0.055582
vt 0.319418 0.075000
vt 0.300000 0.094418
vt 0.280582 0.075000
vt 0.950000 1.000000
vt 0.950000 0.994418
vt 0.930583 0.975000
vt 0.925000 0.975000
vt 0.950000 0.955583
vt 0.969418 0.975000
vt 0.975000 0.975000
vt 0.100000 0.244418
vt 0.080582 0.225000
vt 0.100000 0.205582
vt 0.119417 0.225000
vt 0.100000 0.144418
vt 0.080582 0.125000
vt 0.100000 0.105582
vt 0.119418 0.125000
vt 0.255582 0.650000
vt 0.275000 0.630582
vt 0.294418 0.650000
vt 0.275000 0.669418
vt 0.050000 0.700000
vt 0.050000 0.705582
vt 0.069418 0.725000
vt 0.050000 0.744418
vt 0.050000 0.750000
vt 0.030582 0.725000
vt 0.025000 0.725000
vt 0.800000 0.200000
vt 0.805583 0.200000
vt 0.825000 0.180582
vt 0.825000 0.175000
vt 0.844418 0.200000
vt 0.825000 0.219418
vt 0.100000 0.855583
vt 0.119418 0.875000
vt 0.100000 0.894418
vt 0.080582 0.875000
vt 0.300000 0.550000
vt 0.300000 0.555583
vt 0.319418 0.575000
vt 0.325000 0.575000
vt 0.300000 0.594418
vt 0.300000 0.600000
vt 0.280582 0.575000
vt 0.275000 0.575000
vt 0.800000 0.255582
vt 0.819418 0.275000
vt 0.800000 0.294418
vt 0.780583 0.275000
vt 0.155582 0.250000
vt 0.175000 0.230582
vt 0.194418 0.250000
vt 0.175000 0.269418
vt 0.175000 0.275000
vt 0.150000 0.494418
vt 0.130582 0.475000
vt 0.150000 0.455582
vt 0.169418 0.475000
vt 0.305582 0.200000
vt 0.325000 0.180582
vt 0.344418 0.200000
vt 0.325000 0.219418
vt 0.250000 0.805582
vt 0.269418 0.825000
vt 0.275000 0.825000
vt 0.250000 0.844418
vt 0.230582 0.825000
vt 0.225000 0.825000
vt 0.694418 0.400000
vt 0.675000 0.419418
vt 0.655583 0.400000
vt 0.650000 0.400000
vt 0.675000 0.380582
vt 0.675000 0.375000
vt 0.500000 0.144418
vt 0.480582 0.125000
vt 0.500000 0.105582
vt 0.500000 0.100000
vt 0.519418 0.125000
vt 0.405582 0.150000
vt 0.425000 0.130582
vt 0.444418 0.150000
vt 0.425000 0.169418
vt 0.294418 0.600000
vt 0.275000 0.619418
vt 0.255582 0.600000
vt 0.275000 0.580582
vt 0.200000 0.850000
vt 0.205582 0.850000
vt 0.225000 0.830583
vt 0.244418 0.850000
vt 0.225000 0.869418
vt 0.594418 0.800000
vt 0.575000 0.819418
vt 0.575000 0.825000
vt 0.555583 0.800000
vt 0.575000 0.780583
vt 0.805583 0.700000
vt 0.825000 0.680582
vt 0.825000 0.675000
vt 0.844418 0.700000
vt 0.850000 0.700000
vt 0.825000 0.719418
vt 0.700000 0.144418
vt 0.680583 0.125000
vt 0.700000 0.105582
vt 0.719418 0.125000
vt 0.050000 0.194418
vt 0.030582 0.175000
vt 0.050000 0.155582
vt 0.069418 0.175000
vt 0.655582 0.750000
vt 0.675000 0.730583
vt 0.694418 0.750000
vt 0.675000 0.769418
vt 0.805583 0.550000
vt 0.825000 0.530582
vt 0.844418 0.550000
vt 0.825000 0.569418
vt 1.000000 0.500000
vt 0.994418 0.500000
vt 0.975000 0.519418
vt 0.955582 0.500000
vt 0.975000 0.480583
vt 0.200000 0.900000
vt 0.194418 0.900000
vt 0.175000 0.919418
vt 0.155582 0.900000
vt 0.175000 0.880583
vt 0.175000 0.875000
vt 0.150000 0.300000
vt 0.150000 0.294418
vt 0.130582 0.275000
vt 0.150000 0.255582
vt 0.169418 0.275000
vt 0.805582 0.850000
vt 0.825000 0.830583
vt 0.844418 0.850000
vt 0.825000 0.869418
vt 0.825000 0.875000
vt 1.000000 0.150000
vt 0.996053 0.159530
vt 0.996053 0.190470
vt 1.000000 0.200000
vt 0.980583 0.175000
vt 0.955582 0.250000
vt 0.975000 0.230582
vt 0.994418 0.250000
vt 1.000000 0.250000
vt 0.975000 0.269418
vt 0.700000 0.900000
vt 0.705582 0.900000
vt 0.725000 0.880583
vt 0.744418 0.900000
vt 0.725000 0.919418
vt 0.550000 0.005582
vt 0.569418 0.025000
vt 0.550000 0.044418
vt 0.530582 0.025000
vt 0.200000 0.055582
vt 0.219418 0.075000
vt 0.200000 0.094418
vt 0.200000 0.100000
vt 0.180582 0.075000
vt 0.900000 0.744418
vt 0.880583 0.725000
vt 0.900000 0.705582
vt 0.919418 0.725000
vt 0.800000 0.744418
vt 0.780583 0.725000
vt 0.800000 0.705582
vt 0.819418 0.725000
vt 0.605582 0.600000
vt 0.625000 0.580582
vt 0.644418 0.600000
vt 0.625000 0.619418
vt 0.150000 0.805583
vt 0.169418 0.825000
vt 0.150000 0.844418
vt 0.130582 0.825000
vt 0.605582 0.250000
vt 0.625000 0.230582
vt 0.644418 0.250000
vt 0.625000 0.269418
vt 0.294418 0.700000
vt 0.275000 0.719418
vt 0.275000 0.725000
vt 0.255582 0.700000
vt 0.250000 0.700000
vt 0.275000 0.680582
vt 0.255582 0.250000
vt 0.275000 0.230582
vt 0.294418 0.250000
vt 0.275000 0.269418
vt 0.900000 0.455582
vt 0.919418 0.475000
vt 0.900000 0.494418
vt 0.880583 0.475000
vt 0.600000 0.755583
vt 0.619418 0.775000
vt 0.600000 0.794418
vt 0.580582 0.775000
vt 0.250000 0.294418
vt 0.230582 0.275000
vt 0.225000 0.275000
vt 0.250000 0.255582
vt 0.269418 0.275000
vt 0.705583 0.500000
vt 0.725000 0.480582
vt 0.744418 0.500000
vt 0.725000 0.519418
vt 0.594418 0.300000
vt 0.575000 0.319418
vt 0.555582 0.300000
vt 0.550000 0.300000
vt 0.575000 0.280582
vt 0.450000 0.100000
vt 0.450000 0.105582
vt 0.469418 0.125000
vt 0.450000 0.144418
vt 0.430582 0.125000
vt 0.094418 0.500000
vt 0.075000 0.519418
vt 0.055582 0.500000
vt 0.050000 0.500000
vt 0.075000 0.480583
vt 0.700000 0.344418
vt 0.680583 0.325000
vt 0.700000 0.305582
vt 0.719418 0.325000
vt 0.500000 0.844418
vt 0.480582 0.825000
vt 0.500000 0.805583
vt 0.519418 0.825000
vt 0.525000 0.825000
vt 0.605582 0.150000
vt 0.625000 0.130582
vt 0.644418 0.150000
vt 0.625000 0.169418
vt 0.000000 0.700000
vt 0.005582 0.700000
vt 0.025000 0.680582
vt 0.025000 0.675000
vt 0.044418 0.700000
vt 0.025000 0.719418
vt 0.150000 0.794418
vt 0.130582 0.775000
vt 0.150000 0.755583
vt 0.169418 0.775000
vt 0.200000 0.250000
vt 0.200000 0.255582
vt 0.219418 0.275000
vt 0.200000 0.294418
vt 0.180582 0.275000
vt 0.950000 0.605582
vt 0.969418 0.625000
vt 0.950000 0.644418
vt 0.950000 0.650000
vt 0.930582 0.625000
vt 0.700000 0.250000
vt 0.705582 0.250000
vt 0.725000 0.230582
vt 0.744418 0.250000
vt 0.725000 0.269418
vt 0.800000 0.900000
vt 0.794418 0.900000
vt 0.775000 0.919418
vt 0.755583 0.900000
vt 0.775000 0.880583
vt 0.950000 0.694418
vt 0.930583 0.675000
vt 0.950000 0.655582
vt 0.969418 0.675000
vt 0.255582 0.850000
vt 0.275000 0.830583
vt 0.294418 0.850000
vt 0.275000 0.869418
vt 0.996053 0.259530
vt 0.996053 0.290470
vt 1.000000 0.300000
vt 0.980583 0.275000
vt 0.805583 0.900000
vt 0.825000 0.880583
vt 0.844418 0.900000
vt 0.825000 0.919418
vt 0.850000 0.594418
vt 0.830583 0.575000
vt 0.850000 0.555582
vt 0.869418 0.575000
vt 0.250000 0.705582
vt 0.269418 0.725000
vt 0.250000 0.744418
vt 0.230582 0.725000
vt 0.105582 0.400000
vt 0.125000 0.380582
vt 0.144418 0.400000
vt 0.125000 0.419418
vt 0.850000 0.494418
vt 0.830582 0.475000
vt 0.850000 0.455582
vt 0.869418 0.475000
vt 0.650000 0.694418
vt 0.630582 0.675000
vt 0.625000 0.675000
vt 0.650000 0.655582
vt 0.669418 0.675000
vt 0.000000 0.750000
vt 0.005582 0.750000
vt 0.025000 0.730582
vt 0.044418 0.750000
vt 0.025000 0.769418
vt 0.025000 0.775000
vt 0.355582 0.150000
vt 0.375000 0.130582
vt 0.394418 0.150000
vt 0.375000 0.169418
vt 0.455582 0.650000
vt 0.475000 0.630582
vt 0.475000 0.625000
vt 0.494418 0.650000
vt 0.500000 0.650000
vt 0.475000 0.669418
vt 0.475000 0.675000
vt 0.400000 0.655582
vt 0.419418 0.675000
vt 0.400000 0.694418
vt 0.400000 0.700000
vt 0.380582 0.675000
vt 0.375000 0.675000
vt 0.255582 0.350000
vt 0.275000 0.330582
vt 0.294418 0.350000
vt 0.275000 0.369418
vt 0.594418 0.500000
vt 0.575000 0.519418
vt 0.555582 0.500000
vt 0.575000 0.480582
vt 0.550000 0.594418
vt 0.530582 0.575000
vt 0.550000 0.555582
vt 0.569418 0.575000
vt 0.455582 0.250000
vt 0.475000 0.230582
vt 0.475000 0.225000
vt 0.494418 0.250000
vt 0.475000 0.269418
vt 0.475000 0.275000
vt 0.500000 0.700000
vt 0.494418 0.700000
vt 0.475000 0.719418
vt 0.455582 0.700000
vt 0.475000 0.680583
vt 0.600000 0.355582
vt 0.619418 0.375000
vt 0.600000 0.394418
vt 0.600000 0.400000
vt 0.580582 0.375000
vt 0.575000 0.375000
vt 0.750000 0.305582
vt 0.769418 0.325000
vt 0.750000 0.344418
vt 0.730583 0.325000
vt 0.394418 0.500000
vt 0.375000 0.519418
vt 0.355582 0.500000
vt 0.375000 0.480582
vt 0.600000 0.655582
vt 0.619418 0.675000
vt 0.600000 0.694418
vt 0.600000 0.700000
vt 0.580582 0.675000
vt 0.905583 0.400000
vt 0.925000 0.380582
vt 0.925000 0.375000
vt 0.944418 0.400000
vt 0.925000 0.419418
vt 0.900000 0.350000
vt 0.900000 0.355582
vt 0.919418 0.375000
vt 0.900000 0.394418
vt 0.880582 0.375000
vt 0.300000 0.444417
vt 0.280582 0.425000
vt 0.300000 0.405582
vt 0.319418 0.425000
vt 0.655582 0.350000
vt 0.675000 0.330582
vt 0.694418 0.350000
vt 0.675000 0.369418
vt 0.905582 0.350000
vt 0.925000 0.330582
vt 0.944418 0.350000
vt 0.925000 0.369418
vt 0.555582 0.450000
vt 0.575000 0.430582
vt 0.594418 0.450000
vt 0.575000 0.469418
vt 0.450000 0.394418
vt 0.430582 0.375000
vt 0.450000 0.355582
vt 0.450000 0.350000
vt 0.469418 0.375000
vt 0.500000 0.644418
vt 0.480582 0.625000
vt 0.500000 0.605582
vt 0.519418 0.625000
vt 0.350000 0.600000
vt 0.350000 0.605582
vt 0.369418 0.625000
vt 0.375000 0.625000
vt 0.350000 0.644418
vt 0.330582 0.625000
vt 0.950000 0.705582
vt 0.969418 0.725000
vt 0.950000 0.744418
vt 0.930583 0.725000
vt 0.996053 0.359530
vt 0.996053 0.390470
vt 1.000000 0.400000
vt 0.980583 0.375000
vt 0.705583 0.450000
vt 0.725000 0.430582
vt 0.744418 0.450000
vt 0.725000 0.469418
vt 0.855583 0.350000
vt 0.875000 0.330582
vt 0.875000 0.325000
vt 0.894418 0.350000
vt 0.875000 0.369418
vt 0.200000 0.455582
vt 0.219418 0.475000
vt 0.200000 0.494418
vt 0.200000 0.500000
vt 0.180582 0.475000
vt 0.694418 0.500000
vt 0.675000 0.519418
vt 0.655582 0.500000
vt 0.650000 0.500000
vt 0.675000 0.480583
vt 0.050000 0.305582
vt 0.069418 0.325000
vt 0.050000 0.344418
vt 0.030582 0.325000
vt 0.450000 0.300000
vt 0.450000 0.294418
vt 0.430582 0.275000
vt 0.450000 0.255582
vt 0.469418 0.275000
vt 0.600000 0.444418
vt 0.580582 0.425000
vt 0.600000 0.405582
vt 0.619418 0.425000
vt 0.625000 0.425000
vt 0.150000 0.305582
vt 0.169418 0.325000
vt 0.150000 0.344418
vt 0.130582 0.325000
vt 0.305582 0.600000
vt 0.325000 0.580582
vt 0.344418 0.600000
vt 0.325000 0.619418
vt 0.194418 0.500000
vt 0.175000 0.519418
vt 0.175000 0.525000
vt 0.155582 0.500000
vt 0.175000 0.480582
vt 0.450000 0.305582
vt 0.469418 0.325000
vt 0.450000 0.344418
vt 0.430582 0.325000
vt 0.425000 0.325000
vt 0.700000 0.355582
vt 0.719418 0.375000
vt 0.700000 0.394418
vt 0.680583 0.375000
vt 0.494418 0.600000
vt 0.475000 0.619418
vt 0.455582 0.600000
vt 0.450000 0.600000
vt 0.475000 0.580582
vt 0.455582 0.350000
vt 0.475000 0.330582
vt 0.494418 0.350000
vt 0.475000 0.369418
vt 0.450000 0.005582
vt 0.469418 0.025000
vt 0.450000 0.044418
vt 0.430582 0.025000
vt 0.400000 0.355582
vt 0.419418 0.375000
vt 0.400000 0.394418
vt 0.380582 0.375000
vt 0.505582 0.450000
vt 0.525000 0.430582
vt 0.544418 0.450000
vt 0.525000 0.469418
vt 0.400000 0.844418
vt 0.380582 0.825000
vt 0.400000 0.805583
vt 0.419418 0.825000
vt 0.450000 0.594418
vt 0.430582 0.575000
vt 0.450000 0.555582
vt 0.469418 0.575000
vt 0.394418 0.300000
vt 0.375000 0.319418
vt 0.355582 0.300000
vt 0.375000 0.280582
vt 0.494418 0.300000
vt 0.475000 0.319418
vt 0.455582 0.300000
vt 0.475000 0.280582
vt 0.500000 0.055582
vt 0.519418 0.075000
vt 0.500000 0.094418
vt 0.480583 0.075000
vt 0.405582 0.050000
vt 0.425000 0.030582
vt 0.444418 0.050000
vt 0.425000 0.069418
vt 0.450000 0.094418
vt 0.430582 0.075000
vt 0.450000 0.055582
vt 0.469418 0.075000
vt 0.400000 0.544418
vt 0.380582 0.525000
vt 0.400000 0.505582
vt 0.419418 0.525000
vt 0.855582 0.450000
vt 0.875000 0.430582
vt 0.894418 0.450000
vt 0.875000 0.469418
vt 0.405582 0.300000
vt 0.425000 0.280582
vt 0.444418 0.300000
vt 0.425000 0.319418
vt 0.255582 0.550000
vt 0.275000 0.530582
vt 0.294418 0.550000
vt 0.275000 0.569418
vt 0.405582 0.800000
vt 0.425000 0.780582
vt 0.444418 0.800000
vt 0.425000 0.819418
vt 0.996053 0.459530
vt 0.996053 0.490470
vt 0.980583 0.475000
vt 0.450000 0.200000
vt 0.450000 0.194418
vt 0.430582 0.175000
vt 0.450000 0.155582
vt 0.469418 0.175000
vt 0.650000 0.494418
vt 0.630582 0.475000
vt 0.650000 0.455582
vt 0.650000 0.450000
vt 0.669418 0.475000
vt 0.100000 0.844418
vt 0.080582 0.825000
vt 0.075000 0.825000
vt 0.100000 0.805583
vt 0.119417 0.825000
vt 0.650000 0.900000
vt 0.650000 0.905582
vt 0.669418 0.925000
vt 0.650000 0.944418
vt 0.630582 0.925000
vt 0.200000 0.800000
vt 0.205582 0.800000
vt 0.225000 0.780583
vt 0.244418 0.800000
vt 0.225000 0.819418
vt 0.200000 0.550000
vt 0.200000 0.544418
vt 0.180582 0.525000
vt 0.200000 0.505582
vt 0.219418 0.525000
vt 0.300000 0.544418
vt 0.280582 0.525000
vt 0.300000 0.505582
vt 0.319418 0.525000
vt 0.050000 0.600000
vt 0.050000 0.594418
vt 0.030582 0.575000
vt 0.050000 0.555582
vt 0.069418 0.575000
vt 0.505582 0.300000
vt 0.525000 0.280582
vt 0.544418 0.300000
vt 0.525000 0.319418
vt 0.405582 0.450000
vt 0.425000 0.430582
vt 0.444418 0.450000
vt 0.450000 0.450000
vt 0.425000 0.469418
vt 0.250000 0.400000
vt 0.250000 0.405582
vt 0.269418 0.425000
vt 0.250000 0.444418
vt 0.230582 0.425000
vt 0.405582 0.600000
vt 0.425000 0.580582
vt 0.444418 0.600000
vt 0.425000 0.619418
vt 0.500000 0.444417
vt 0.480582 0.425000
vt 0.500000 0.405582
vt 0.519418 0.425000
vt 0.355582 0.550000
vt 0.375000 0.530582
vt 0.394418 0.550000
vt 0.375000 0.569418
vt 0.500000 0.244418
vt 0.480582 0.225000
vt 0.500000 0.205582
vt 0.500000 0.200000
vt 0.519418 0.225000
vt 0.394418 0.600000
vt 0.375000 0.619418
vt 0.355582 0.600000
vt 0.375000 0.580582
vt 0.405582 0.550000
vt 0.425000 0.530582
vt 0.444418 0.550000
vt 0.425000 0.569418
vt 0.805582 0.100000
vt 0.825000 0.080582
vt 0.825000 0.075000
vt 0.844418 0.100000
vt 0.850000 0.100000
vt 0.825000 0.119418
vt 0.825000 0.125000
vt 0.600000 0.555582
vt 0.619418 0.575000
vt 0.600000 0.594418
vt 0.580582 0.575000
vt 0.505582 0.100000
vt 0.525000 0.080582
vt 0.544418 0.100000
vt 0.525000 0.119418
vt 0.300000 0.244418
vt 0.280582 0.225000
vt 0.300000 0.205582
vt 0.300000 0.200000
vt 0.319418 0.225000
vt 0.600000 0.644418
vt 0.580582 0.625000
vt 0.600000 0.605582
vt 0.619418 0.625000
vt 0.805583 0.650000
vt 0.825000 0.630582
vt 0.844418 0.650000
vt 0.825000 0.669418
vt 0.155582 0.550000
vt 0.175000 0.530582
vt 0.194418 0.550000
vt 0.175000 0.569418
vt 0.600000 0.850000
vt 0.600000 0.844418
vt 0.580582 0.825000
vt 0.600000 0.805583
vt 0.619418 0.825000
vt 0.750000 0.505582
vt 0.769418 0.525000
vt 0.750000 0.544418
vt 0.730583 0.525000
vt 0.905582 0.100000
vt 0.925000 0.080582
vt 0.925000 0.075000
vt 0.944418 0.100000
vt 0.925000 0.119418
vt 0.550000 0.894418
vt 0.530582 0.875000
vt 0.550000 0.855583
vt 0.550000 0.850000
vt 0.569418 0.875000
vt 0.575000 0.875000
vt 0.950000 0.205582
vt 0.969418 0.225000
vt 0.950000 0.244418
vt 0.930583 0.225000
vt 0.996053 0.559530
vt 0.996053 0.590470
vt 0.980583 0.575000
vt 0.250000 0.200000
vt 0.250000 0.194418
vt 0.230582 0.175000
vt 0.250000 0.155582
vt 0.269418 0.175000
vt 0.105582 0.300000
vt 0.125000 0.280582
vt 0.144418 0.300000
vt 0.125000 0.319418
vt 0.694418 0.300000
vt 0.675000 0.319418
vt 0.655582 0.300000
vt 0.675000 0.280582
vt 0.750000 0.805582
vt 0.769418 0.825000
vt 0.750000 0.844418
vt 0.730582 0.825000
vt 0.605582 0.900000
vt 0.625000 0.880583
vt 0.625000 0.875000
vt 0.644418 0.900000
vt 0.625000 0.919418
vt 0.550000 0.700000
vt 0.550000 0.705583
vt 0.569418 0.725000
vt 0.550000 0.744418
vt 0.530582 0.725000
vt 0.525000 0.725000
vt 0.200000 0.650000
vt 0.200000 0.644418
vt 0.180582 0.625000
vt 0.200000 0.605583
vt 0.219418 0.625000
vt 0.050000 0.694418
vt 0.030582 0.675000
vt 0.050000 0.655582
vt 0.050000 0.650000
vt 0.069418 0.675000
vt 0.894418 0.300000
vt 0.875000 0.319418
vt 0.855582 0.300000
vt 0.875000 0.280582
vt 0.905582 0.050000
vt 0.925000 0.030582
vt 0.944418 0.050000
vt 0.925000 0.069418
vt 0.850000 0.694418
vt 0.830582 0.675000
vt 0.850000 0.655582
vt 0.869418 0.675000
vt 0.605582 0.650000
vt 0.625000 0.630583
vt 0.644418 0.650000
vt 0.625000 0.669418
vt 0.300000 0.455582
vt 0.319418 0.475000
vt 0.300000 0.494418
vt 0.280582 0.475000
vt 0.355582 0.650000
vt 0.375000 0.630583
vt 0.394418 0.650000
vt 0.375000 0.669418
vt 0.455582 0.450000
vt 0.475000 0.430582
vt 0.494418 0.450000
vt 0.475000 0.469418
vt 0.394418 0.700000
vt 0.375000 0.719418
vt 0.355582 0.700000
vt 0.375000 0.680582
vt 0.500000 0.155582
vt 0.519418 0.175000
vt 0.500000 0.194418
vt 0.500000 0.200000
vt 0.480582 0.175000
vt 0.505582 0.700000
vt 0.525000 0.680582
vt 0.525000 0.675000
vt 0.544418 0.700000
vt 0.525000 0.719418
vt 0.555582 0.350000
vt 0.575000 0.330582
vt 0.594418 0.350000
vt 0.575000 0.369418
vt 0.655582 0.250000
vt 0.675000 0.230582
vt 0.694418 0.250000
vt 0.675000 0.269418
vt 0.505582 0.850000
vt 0.525000 0.830583
vt 0.544418 0.850000
vt 0.525000 0.869418
vt 0.700000 0.200000
vt 0.705582 0.200000
vt 0.725000 0.180582
vt 0.744418 0.200000
vt 0.725000 0.219418
vt 0.655583 0.650000
vt 0.675000 0.630582
vt 0.694418 0.650000
vt 0.675000 0.669418
vt 0.705583 0.550000
vt 0.725000 0.530582
vt 0.744418 0.550000
vt 0.725000 0.569418
vt 0.800000 0.644418
vt 0.780583 0.625000
vt 0.800000 0.605583
vt 0.819418 0.625000
vt 0.250000 0.694418
vt 0.230582 0.675000
vt 0.250000 0.655582
vt 0.269418 0.675000
vt 0.700000 0.644418
vt 0.680582 0.625000
vt 0.700000 0.605582
vt 0.719418 0.625000
vt 0.505582 0.050000
vt 0.525000 0.030582
vt 0.544418 0.050000
vt 0.525000 0.069418
vt 0.655582 0.850000
vt 0.675000 0.830582
vt 0.694418 0.850000
vt 0.675000 0.869418
vt 0.675000 0.875000
vt 1.000000 0.650000
vt 0.996053 0.659530
vt 0.996053 0.690470
vt 0.980583 0.675000
vt 0.650000 0.005582
vt 0.669418 0.025000
vt 0.650000 0.044418
vt 0.630582 0.025000
vt 0.605582 0.100000
vt 0.625000 0.080582
vt 0.644418 0.100000
vt 0.625000 0.119418
vt 0.155582 0.150000
vt 0.175000 0.130582
vt 0.175000 0.125000
vt 0.194418 0.150000
vt 0.200000 0.150000
vt 0.175000 0.169418
vt 0.105582 0.900000
vt 0.125000 0.880583
vt 0.144418 0.900000
vt 0.125000 0.919418
vt 0.150000 0.200000
vt 0.150000 0.194418
vt 0.130582 0.175000
vt 0.150000 0.155582
vt 0.169418 0.175000
vt 0.505582 0.800000
vt 0.525000 0.780583
vt 0.544418 0.800000
vt 0.525000 0.819418
vt 0.000000 0.800000
vt 0.005582 0.800000
vt 0.025000 0.780582
vt 0.044418 0.800000
vt 0.050000 0.800000
vt 0.025000 0.819418
vt 0.650000 0.505582
vt 0.669418 0.525000
vt 0.650000 0.544418
vt 0.630583 0.525000
vt 0.900000 0.055582
vt 0.919418 0.075000
vt 0.900000 0.094418
vt 0.880583 0.075000
vt 0.294418 0.200000
vt 0.275000 0.219418
vt 0.255582 0.200000
vt 0.275000 0.180582
vt 0.350000 0.705583
vt 0.369418 0.725000
vt 0.350000 0.744418
vt 0.330582 0.725000
vt 0.000000 0.450000
vt 0.005582 0.450000
vt 0.025000 0.430582
vt 0.025000 0.425000
vt 0.044418 0.450000
vt 0.025000 0.469418
vt 0.025000 0.475000
vt 0.850000 0.305582
vt 0.869418 0.325000
vt 0.850000 0.344418
vt 0.830582 0.325000
vt 0.805582 0.400000
vt 0.825000 0.380582
vt 0.844418 0.400000
vt 0.825000 0.419418
vt 0.100000 0.455582
vt 0.119418 0.475000
vt 0.100000 0.494418
vt 0.080582 0.475000
vt 0.050000 0.494418
vt 0.030582 0.475000
vt 0.050000 0.455582
vt 0.069418 0.475000
vt 0.294418 0.900000
vt 0.275000 0.919418
vt 0.255582 0.900000
vt 0.275000 0.880583
vt 0.794418 0.600000
vt 0.775000 0.619418
vt 0.755583 0.600000
vt 0.775000 0.580582
vt 0.505582 0.200000
vt 0.525000 0.180582
vt 0.544418 0.200000
vt 0.525000 0.219418
vt 0.600000 0.544418
vt 0.580582 0.525000
vt 0.600000 0.505582
vt 0.619418 0.525000
vt 0.550000 0.694418
vt 0.530582 0.675000
vt 0.550000 0.655582
vt 0.569418 0.675000
vt 0.600000 0.744418
vt 0.580582 0.725000
vt 0.600000 0.705582
vt 0.619418 0.725000
vt 0.625000 0.725000
vt 0.205582 0.650000
vt 0.225000 0.630583
vt 0.244418 0.650000
vt 0.225000 0.669418
vt 0.605582 0.700000
vt 0.625000 0.680583
vt 0.644418 0.700000
vt 0.625000 0.719418
vt 0.550000 0.194418
vt 0.530582 0.175000
vt 0.550000 0.155582
vt 0.569418 0.175000
vt 0.505582 0.750000
vt 0.525000 0.730583
vt 0.544418 0.750000
vt 0.525000 0.769418
vt 0.900000 0.255582
vt 0.919418 0.275000
vt 0.900000 0.294418
vt 0.880583 0.275000
vt 0.200000 0.855583
vt 0.219418 0.875000
vt 0.200000 0.894418
vt 0.180582 0.875000
vt 0.800000 0.555582
vt 0.819418 0.575000
vt 0.800000 0.594418
vt 0.780583 0.575000
vt 0.996053 0.759530
vt 0.996053 0.790470
vt 0.980583 0.775000
vt 0.250000 0.005582
vt 0.269418 0.025000
vt 0.250000 0.044418
vt 0.230582 0.025000
vt 0.855583 0.850000
vt 0.875000 0.830583
vt 0.894418 0.850000
vt 0.875000 0.869418
vt 0.805583 0.150000
vt 0.825000 0.130582
vt 0.844418 0.150000
vt 0.850000 0.150000
vt 0.825000 0.169418
vt 0.300000 0.844418
vt 0.280582 0.825000
vt 0.300000 0.805582
vt 0.319418 0.825000
vt 0.950000 0.005582
vt 0.969418 0.025000
vt 0.950000 0.044418
vt 0.930583 0.025000
vt 0.605582 0.750000
vt 0.625000 0.730582
vt 0.644418 0.750000
vt 0.625000 0.769418
vt 0.255582 0.950000
vt 0.275000 0.930583
vt 0.294418 0.950000
vt 0.275000 0.969418
vt 0.855583 0.150000
vt 0.875000 0.130582
vt 0.894418 0.150000
vt 0.875000 0.169418
vt 0.150000 0.105582
vt 0.169418 0.125000
vt 0.150000 0.144418
vt 0.130582 0.125000
vt 0.900000 0.755583
vt 0.919418 0.775000
vt 0.900000 0.794418
vt 0.880583 0.775000
vt 0.000000 0.400000
vt 0.005582 0.400000
vt 0.025000 0.380582
vt 0.044418 0.400000
vt 0.025000 0.419418
vt 0.350000 0.405582
vt 0.369418 0.425000
vt 0.350000 0.444418
vt 0.330582 0.425000
vt 0.605582 0.500000
vt 0.625000 0.480583
vt 0.644418 0.500000
vt 0.625000 0.519418
vt 0.305582 0.850000
vt 0.325000 0.830583
vt 0.344418 0.850000
vt 0.325000 0.869418
vt 0.200000 0.300000
vt 0.205582 0.300000
vt 0.225000 0.280582
vt 0.244418 0.300000
vt 0.225000 0.319418
vt 0.500000 0.255582
vt 0.519418 0.275000
vt 0.500000 0.294418
vt 0.480582 0.275000
vt 0.455582 0.850000
vt 0.475000 0.830583
vt 0.494418 0.850000
vt 0.475000 0.869418
vt 0.950000 0.194418
vt 0.930583 0.175000
vt 0.950000 0.155582
vt 0.969418 0.175000
vt 0.200000 0.955583
vt 0.219418 0.975000
vt 0.200000 0.994418
vt 0.200000 1.000000
vt 0.180582 0.975000
vt 0.050000 0.505582
vt 0.069418 0.525000
vt 0.050000 0.544418
vt 0.030582 0.525000
vt 0.300000 0.044418
vt 0.280582 0.025000
vt 0.300000 0.005582
vt 0.319418 0.025000
vt 0.700000 0.255582
vt 0.719418 0.275000
vt 0.700000 0.294418
vt 0.680583 0.275000
vt 0.855583 0.650000
vt 0.875000 0.630582
vt 0.894418 0.650000
vt 0.875000 0.669418
vt 0.194418 0.200000
vt 0.175000 0.219418
vt 0.155582 0.200000
vt 0.175000 0.180582
vt 0.050000 0.405582
vt 0.069418 0.425000
vt 0.050000 0.444418
vt 0.030582 0.425000
vt 0.000000 0.250000
vt 0.005582 0.250000
vt 0.025000 0.230582
vt 0.025000 0.225000
vt 0.044418 0.250000
vt 0.050000 0.250000
vt 0.025000 0.269418
vt 0.025000 0.275000
vt 0.050000 0.794418
vt 0.030582 0.775000
vt 0.050000 0.755583
vt 0.069418 0.775000
vt 0.900000 0.855583
vt 0.919418 0.875000
vt 0.900000 0.894418
vt 0.880583 0.875000
vt 0.155582 0.850000
vt 0.175000 0.830583
vt 0.194418 0.850000
vt 0.200000 0.850000
vt 0.175000 0.869418
vt 1.000000 0.850000
vt 0.996053 0.859530
vt 0.996053 0.890470
vt 0.980583 0.875000
vt 0.850000 0.705582
vt 0.869418 0.725000
vt 0.850000 0.744418
vt 0.830583 0.725000
vt 0.850000 0.894418
vt 0.830583 0.875000
vt 0.850000 0.855583
vt 0.869418 0.875000
vt 0.550000 0.105582
vt 0.569418 0.125000
vt 0.550000 0.144418
vt 0.530583 0.125000
vt 0.100000 1.000000
vt 0.090470 0.996053
vt 0.059530 0.996053
vt 0.075000 0.980583
vt 0.150000 1.000000
vt 0.150000 0.994418
vt 0.130582 0.975000
vt 0.150000 0.955583
vt 0.169418 0.975000
vt 0.700000 0.844418
vt 0.680583 0.825000
vt 0.700000 0.805583
vt 0.719418 0.825000
vt 0.190470 0.996053
vt 0.159530 0.996053
vt 0.175000 0.980583
vt 0.500000 0.655582
vt 0.519418 0.675000
vt 0.500000 0.694418
vt 0.480582 0.675000
vt 0.200000 0.944418
vt 0.180582 0.925000
vt 0.200000 0.905582
vt 0.219418 0.925000
vt 0.300000 1.000000
vt 0.290470 0.996053
vt 0.259530 0.996053
vt 0.275000 0.980583
vt 0.850000 0.105582
vt 0.869418 0.125000
vt 0.850000 0.144418
vt 0.830583 0.125000
vt 0.350000 0.105582
vt 0.369418 0.125000
vt 0.350000 0.144418
vt 0.330582 0.125000
vt 0.400000 1.000000
vt 0.390470 0.996053
vt 0.359530 0.996053
vt 0.375000 0.980583
vt 0.350000 0.905582
vt 0.369418 0.925000
vt 0.350000 0.944418
vt 0.330582 0.925000
vt 0.900000 0.955583
vt 0.919418 0.975000
vt 0.900000 0.994418
vt 0.900000 1.000000
vt 0.880583 0.975000
vt 0.500000 1.000000
vt 0.490470 0.996053
vt 0.459530 0.996053
vt 0.475000 0.980583
vt 0.494418 0.100000
vt 0.475000 0.119418
vt 0.455582 0.100000
vt 0.475000 0.080582
vt 0.350000 0.005582
vt 0.369418 0.025000
vt 0.350000 0.044418
vt 0.330582 0.025000
vt 0.600000 1.000000
vt 0.590470 0.996053
vt 0.559530 0.996053
vt 0.575000 0.980583
vt 0.050000 0.094418
vt 0.030582 0.075000
vt 0.050000 0.055582
vt 0.069418 0.075000
vt 0.500000 0.955583
vt 0.519418 0.975000
vt 0.500000 0.994418
vt 0.480583 0.975000
vt 0.700000 1.000000
vt 0.690470 0.996053
vt 0.659530 0.996053
vt 0.650000 1.000000
vt 0.675000 0.980583
vt 0.350000 0.094418
vt 0.330582 0.075000
vt 0.350000 0.055582
vt 0.369418 0.075000
vt 0.800000 0.944418
vt 0.780583 0.925000
vt 0.800000 0.905582
vt 0.819418 0.925000
vt 0.800000 1.000000
vt 0.790470 0.996053
vt 0.759530 0.996053
vt 0.750000 1.000000
vt 0.775000 0.980583
vt 0.850000 0.905582
vt 0.869418 0.925000
vt 0.850000 0.944418
vt 0.830583 0.925000
vt 0.600000 0.044418
vt 0.580582 0.025000
vt 0.600000 0.005582
vt 0.619418 0.025000
vt 0.890470 0.996053
vt 0.859530 0.996053
vt 0.875000 0.980583
vt 0.750000 0.105582
vt 0.769418 0.125000
vt 0.750000 0.144418
vt 0.730583 0.125000
vt 1.000000 0.950000
vt 0.996053 0.959530
vt 0.996053 0.990470
vt 1.000000 1.000000
vt 0.980583 0.975000
vt 0.990470 0.996053
vt 0.959530 0.996053
vt 0.975000 0.980583
vt 0.905582 0.950000
vt 0.925000 0.930583
vt 0.944418 0.950000
vt 0.925000 0.969418
vt 0.940470 0.996053
vt 0.909530 0.996053
vt 0.925000 0.980583
vt 0.955582 0.950000
vt 0.975000 0.930583
vt 0.994418 0.950000
vt 0.975000 0.969418
vt 0.200000 0.700000
vt 0.205582 0.700000
vt 0.225000 0.680583
vt 0.244418 0.700000
vt 0.225000 0.719418
vt 0.996053 0.909530
vt 0.996053 0.940470
vt 0.980583 0.925000
vt 0.840470 0.996053
vt 0.809530 0.996053
vt 0.825000 0.980583
vt 0.605582 0.850000
vt 0.625000 0.830583
vt 0.644418 0.850000
vt 0.625000 0.869418
vt 0.950000 0.094418
vt 0.930583 0.075000
vt 0.950000 0.055582
vt 0.969418 0.075000
vt 0.740470 0.996053
vt 0.709530 0.996053
vt 0.725000 0.980583
vt 0.250000 0.105582
vt 0.269418 0.125000
vt 0.250000 0.144418
vt 0.230582 0.125000
vt 0.225000 0.125000
vt 0.300000 0.644418
vt 0.280582 0.625000
vt 0.300000 0.605582
vt 0.319418 0.625000
vt 0.640470 0.996053
vt 0.609530 0.996053
vt 0.625000 0.980583
vt 0.625000 0.975000
vt 0.800000 0.355582
vt 0.819418 0.375000
vt 0.800000 0.394418
vt 0.780582 0.375000
vt 0.405582 0.100000
vt 0.425000 0.080582
vt 0.444418 0.100000
vt 0.425000 0.119418
vt 0.540470 0.996053
vt 0.509530 0.996053
vt 0.525000 0.980583
vt 0.094418 0.900000
vt 0.075000 0.919418
vt 0.055582 0.900000
vt 0.075000 0.880583
vt 0.700000 0.955583
vt 0.719418 0.975000
vt 0.700000 0.994418
vt 0.680583 0.975000
vt 0.440470 0.996053
vt 0.409530 0.996053
vt 0.425000 0.980583
vt 0.494418 0.200000
vt 0.475000 0.219418
vt 0.455582 0.200000
vt 0.475000 0.180582
vt 0.600000 0.055582
vt 0.619417 0.075000
vt 0.600000 0.094418
vt 0.580582 0.075000
vt 0.340470 0.996053
vt 0.309530 0.996053
vt 0.325000 0.980583
vt 0.105582 0.600000
vt 0.125000 0.580582
vt 0.144418 0.600000
vt 0.125000 0.619418
vt 0.050000 0.105582
vt 0.069418 0.125000
vt 0.050000 0.144418
vt 0.030582 0.125000
vt 0.240470 0.996053
vt 0.209530 0.996053
vt 0.200000 1.000000
vt 0.225000 0.980583
vt 0.850000 0.094418
vt 0.830582 0.075000
vt 0.850000 0.055582
vt 0.869418 0.075000
vt 0.300000 0.944418
vt 0.280582 0.925000
vt 0.300000 0.905583
vt 0.319418 0.925000
vt 0.140470 0.996053
vt 0.109530 0.996053
vt 0.125000 0.980583
vt 0.700000 0.744418
vt 0.680582 0.725000
vt 0.700000 0.705582
vt 0.719418 0.725000
vt 0.594418 0.900000
vt 0.575000 0.919418
vt 0.555582 0.900000
vt 0.575000 0.880583
vt 0.040470 0.996053
vt 0.009530 0.996053
vt 0.000000 1.000000
vt 0.025000 0.980583
vt 0.003947 0.990470
vt 0.003947 0.959530
vt 0.019418 0.975000
vt 0.055582 0.950000
vt 0.075000 0.930583
vt 0.094418 0.950000
vt 0.075000 0.969418
vt 0.003947 0.940470
vt 0.003947 0.909530
vt 0.019418 0.925000
vt 0.755582 0.850000
vt 0.775000 0.830583
vt 0.794418 0.850000
vt 0.775000 0.869418
vt 0.200000 0.900000
vt 0.205582 0.900000
vt 0.225000 0.880583
vt 0.244418 0.900000
vt 0.225000 0.919418
vt 0.996053 0.809530
vt 0.996053 0.840470
vt 0.980583 0.825000
vt 0.150000 0.894418
vt 0.130582 0.875000
vt 0.150000 0.855583
vt 0.169418 0.875000
vt 0.000000 0.200000
vt 0.005582 0.200000
vt 0.025000 0.180582
vt 0.044418 0.200000
vt 0.050000 0.200000
vt 0.025000 0.219418
vt 0.805583 0.250000
vt 0.825000 0.230582
vt 0.844418 0.250000
vt 0.825000 0.269418
vt 0.100000 0.955582
vt 0.119418 0.975000
vt 0.100000 0.994418
vt 0.080582 0.975000
vt 0.505582 0.650000
vt 0.525000 0.630582
vt 0.544418 0.650000
vt 0.525000 0.669418
vt 0.000000 0.600000
vt 0.005582 0.600000
vt 0.025000 0.580582
vt 0.044418 0.600000
vt 0.025000 0.619418
vt 0.025000 0.625000
vt 0.555582 0.850000
vt 0.575000 0.830583
vt 0.594418 0.850000
vt 0.575000 0.869418
vt 0.605582 0.950000
vt 0.625000 0.930583
vt 0.644418 0.950000
vt 0.625000 0.969418
vt 0.450000 0.894418
vt 0.430582 0.875000
vt 0.450000 0.855583
vt 0.469418 0.875000
vt 0.400000 0.744418
vt 0.380582 0.725000
vt 0.400000 0.705582
vt 0.419418 0.725000
vt 0.355582 0.850000
vt 0.375000 0.830583
vt 0.394418 0.850000
vt 0.375000 0.869418
vt 0.055582 0.250000
vt 0.075000 0.230582
vt 0.094418 0.250000
vt 0.075000 0.269418
vt 0.855582 0.250000
vt 0.875000 0.230582
vt 0.894418 0.250000
vt 0.875000 0.269418
vt 0.800000 0.855583
vt 0.819418 0.875000
vt 0.800000 0.894418
vt 0.780583 0.875000
vt 0.955582 0.150000
vt 0.975000 0.130582
vt 0.994418 0.150000
vt 0.975000 0.169418
vt 0.100000 0.255582
vt 0.119418 0.275000
vt 0.100000 0.294418
vt 0.080582 0.275000
vt 0.003947 0.890470
vt 0.003947 0.859530
vt 0.019418 0.875000
vt 0.155582 0.650000
vt 0.175000 0.630582
vt 0.194418 0.650000
vt 0.175000 0.669418
vt 0.003947 0.840470
vt 0.003947 0.809530
vt 0.019418 0.825000
vt 0.700000 0.855583
vt 0.719418 0.875000
vt 0.700000 0.894418
vt 0.680582 0.875000
vt 0.050000 0.394418
vt 0.030582 0.375000
vt 0.050000 0.355582
vt 0.069418 0.375000
vt 0.996053 0.709530
vt 0.996053 0.740470
vt 0.980583 0.725000
vt 0.894418 0.700000
vt 0.875000 0.719418
vt 0.855583 0.700000
vt 0.875000 0.680583
vt 0.400000 0.755583
vt 0.419418 0.775000
vt 0.400000 0.794418
vt 0.380582 0.775000
vt 0.905582 0.600000
vt 0.925000 0.580582
vt 0.944418 0.600000
vt 0.925000 0.619418
vt 0.050000 0.905582
vt 0.069418 0.925000
vt 0.050000 0.944418
vt 0.030582 0.925000
vt 0.994418 0.300000
vt 0.975000 0.319418
vt 0.955582 0.300000
vt 0.975000 0.280582
vt 0.550000 0.294418
vt 0.530582 0.275000
vt 0.550000 0.255582
vt 0.569418 0.275000
vt 0.700000 0.244418
vt 0.680583 0.225000
vt 0.700000 0.205582
vt 0.719418 0.225000
vt 0.450000 0.200000
vt 0.450000 0.205582
vt 0.469418 0.225000
vt 0.450000 0.244418
vt 0.430582 0.225000
vt 0.300000 0.344418
vt 0.280582 0.325000
vt 0.300000 0.305582
vt 0.319418 0.325000
vt 0.405582 0.500000
vt 0.425000 0.480582
vt 0.444418 0.500000
vt 0.425000 0.519418
vt 0.294418 0.400000
vt 0.275000 0.419418
vt 0.255582 0.400000
vt 0.275000 0.380582
vt 0.694418 0.900000
vt 0.675000 0.919418
vt 0.655582 0.900000
vt 0.675000 0.880583
vt 0.255582 0.750000
vt 0.275000 0.730582
vt 0.294418 0.750000
vt 0.275000 0.769418
vt 0.294418 0.800000
vt 0.275000 0.819418
vt 0.255582 0.800000
vt 0.275000 0.780583
vt 0.200000 0.844418
vt 0.180582 0.825000
vt 0.200000 0.805583
vt 0.219418 0.825000
vt 0.805582 0.050000
vt 0.825000 0.030582
vt 0.844418 0.050000
vt 0.825000 0.069418
vt 0.003947 0.790470
vt 0.003947 0.759530
vt 0.019418 0.775000
vt 0.055582 0.750000
vt 0.075000 0.730582
vt 0.094418 0.750000
vt 0.075000 0.769418
vt 0.003947 0.740470
vt 0.003947 0.709530
vt 0.019418 0.725000
vt 0.594418 0.400000
vt 0.575000 0.419418
vt 0.555583 0.400000
vt 0.575000 0.380582
vt 0.655582 0.150000
vt 0.675000 0.130582
vt 0.694418 0.150000
vt 0.675000 0.169418
vt 0.996053 0.609530
vt 0.996053 0.640470
vt 0.980583 0.625000
vt 0.250000 0.094418
vt 0.230582 0.075000
vt 0.250000 0.055582
vt 0.269418 0.075000
vt 0.094418 0.800000
vt 0.075000 0.819418
vt 0.055582 0.800000
vt 0.075000 0.780583
vt 0.750000 0.994418
vt 0.730582 0.975000
vt 0.750000 0.955583
vt 0.769418 0.975000
vt 0.300000 0.744418
vt 0.280582 0.725000
vt 0.300000 0.705582
vt 0.319418 0.725000
vt 0.200000 0.400000
vt 0.205582 0.400000
vt 0.225000 0.380582
vt 0.244418 0.400000
vt 0.225000 0.419418
vt 0.594418 0.700000
vt 0.575000 0.719418
vt 0.555582 0.700000
vt 0.575000 0.680582
vt 0.150000 0.605582
vt 0.169418 0.625000
vt 0.150000 0.644418
vt 0.130582 0.625000
vt 0.305582 0.900000
vt 0.325000 0.880583
vt 0.344418 0.900000
vt 0.325000 0.919418
vt 0.450000 0.694418
vt 0.430582 0.675000
vt 0.450000 0.655583
vt 0.469418 0.675000
vt 0.950000 0.305582
vt 0.969418 0.325000
vt 0.950000 0.344418
vt 0.930583 0.325000
vt 0.350000 0.694418
vt 0.330582 0.675000
vt 0.350000 0.655582
vt 0.369418 0.675000
vt 0.194418 0.700000
vt 0.175000 0.719418
vt 0.155582 0.700000
vt 0.175000 0.680582
vt 0.055582 0.850000
vt 0.075000 0.830582
vt 0.094418 0.850000
vt 0.075000 0.869418
vt 0.905582 0.900000
vt 0.925000 0.880583
vt 0.944418 0.900000
vt 0.925000 0.919418
vt 0.050000 0.605582
vt 0.069418 0.625000
vt 0.050000 0.644418
vt 0.030582 0.625000
vt 0.900000 0.544418
vt 0.880583 0.525000
vt 0.900000 0.505582
vt 0.919418 0.525000
vt 0.003947 0.690470
vt 0.003947 0.659530
vt 0.000000 0.650000
vt 0.019418 0.675000
vt 0.705583 0.700000
vt 0.725000 0.680582
vt 0.744418 0.700000
vt 0.725000 0.719418
vt 0.003947 0.640470
vt 0.003947 0.609530
vt 0.019418 0.625000
vt 0.200000 0.100000
vt 0.205582 0.100000
vt 0.225000 0.080582
vt 0.244418 0.100000
vt 0.225000 0.119418
vt 0.700000 0.944418
vt 0.680583 0.925000
vt 0.700000 0.905582
vt 0.719418 0.925000
vt 0.996053 0.509530
vt 0.996053 0.540470
vt 0.980583 0.525000
vt 0.855583 0.550000
vt 0.875000 0.530582
vt 0.894418 0.550000
vt 0.875000 0.569418
vt 0.800000 0.755582
vt 0.819418 0.775000
vt 0.800000 0.794418
vt 0.780583 0.775000
vt 0.305582 0.550000
vt 0.325000 0.530582
vt 0.344418 0.550000
vt 0.325000 0.569418
vt 0.655583 0.450000
vt 0.675000 0.430582
vt 0.694418 0.450000
vt 0.675000 0.469418
vt 0.705583 0.650000
vt 0.725000 0.630582
vt 0.744418 0.650000
vt 0.725000 0.669418
vt 0.194418 0.100000
vt 0.175000 0.119418
vt 0.155582 0.100000
vt 0.175000 0.080582
vt 0.755582 0.550000
vt 0.775000 0.530582
vt 0.794418 0.550000
vt 0.775000 0.569418
vt 0.755583 0.450000
vt 0.775000 0.430582
vt 0.794418 0.450000
vt 0.775000 0.469418
vt 0.455582 0.550000
vt 0.475000 0.530582
vt 0.494418 0.550000
vt 0.475000 0.569418
vt 0.750000 0.494418
vt 0.730583 0.475000
vt 0.750000 0.455582
vt 0.769418 0.475000
vt 0.350000 0.594418
vt 0.330582 0.575000
vt 0.350000 0.555582
vt 0.369418 0.575000
vt 0.650000 0.405583
vt 0.669418 0.425000
vt 0.650000 0.444418
vt 0.630582 0.425000
vt 0.250000 0.594418
vt 0.230582 0.575000
vt 0.250000 0.555582
vt 0.269418 0.575000
vt 0.894418 0.100000
vt 0.875000 0.119418
vt 0.855583 0.100000
vt 0.875000 0.080582
vt 0.794418 0.800000
vt 0.775000 0.819418
vt 0.755582 0.800000
vt 0.775000 0.780583
vt 0.100000 0.555582
vt 0.119418 0.575000
vt 0.100000 0.594418
vt 0.080582 0.575000
vt 0.003947 0.590470
vt 0.003947 0.559530
vt 0.019418 0.575000
vt 0.550000 0.805583
vt 0.569418 0.825000
vt 0.550000 0.844418
vt 0.530582 0.825000
vt 0.003947 0.540470
vt 0.003947 0.509530
vt 0.000000 0.500000
vt 0.019418 0.525000
vt 0.605582 0.400000
vt 0.625000 0.380582
vt 0.644418 0.400000
vt 0.625000 0.419418
vt 0.550000 0.494418
vt 0.530582 0.475000
vt 0.550000 0.455582
vt 0.569418 0.475000
vt 0.996053 0.409530
vt 0.996053 0.440470
vt 0.980583 0.425000
vt 0.850000 0.394418
vt 0.830582 0.375000
vt 0.850000 0.355582
vt 0.869418 0.375000
vt 0.094418 0.600000
vt 0.075000 0.619418
vt 0.055582 0.600000
vt 0.075000 0.580582
vt 0.450000 0.405582
vt 0.469418 0.425000
vt 0.450000 0.444418
vt 0.430582 0.425000
vt 0.900000 0.444418
vt 0.880583 0.425000
vt 0.900000 0.405582
vt 0.919418 0.425000
vt 0.605582 0.450000
vt 0.625000 0.430582
vt 0.644418 0.450000
vt 0.625000 0.469418
vt 0.494418 0.500000
vt 0.475000 0.519418
vt 0.455582 0.500000
vt 0.475000 0.480582
vt 0.550000 0.305582
vt 0.569418 0.325000
vt 0.550000 0.344418
vt 0.530582 0.325000
vt 0.500000 0.355582
vt 0.519418 0.375000
vt 0.500000 0.394418
vt 0.480582 0.375000
vt 0.250000 0.494418
vt 0.230582 0.475000
vt 0.250000 0.455582
vt 0.269418 0.475000
vt 0.294418 0.500000
vt 0.275000 0.519418
vt 0.255582 0.500000
vt 0.275000 0.480582
vt 0.450000 0.494418
vt 0.430582 0.475000
vt 0.450000 0.455582
vt 0.469418 0.475000
vt 0.950000 0.494418
vt 0.930583 0.475000
vt 0.950000 0.455582
vt 0.969418 0.475000
vt 0.400000 0.644418
vt 0.380582 0.625000
vt 0.400000 0.605582
vt 0.419418 0.625000
vt 0.055582 0.650000
vt 0.075000 0.630582
vt 0.094418 0.650000
vt 0.075000 0.669418
vt 0.005582 0.650000
vt 0.025000 0.630582
vt 0.044418 0.650000
vt 0.025000 0.669418
vt 0.500000 0.755583
vt 0.519418 0.775000
vt 0.500000 0.794418
vt 0.480582 0.775000
vt 0.003947 0.490470
vt 0.003947 0.459530
vt 0.019418 0.475000
vt 0.150000 0.405582
vt 0.169418 0.425000
vt 0.150000 0.444418
vt 0.130582 0.425000
vt 0.003947 0.440470
vt 0.003947 0.409530
vt 0.019418 0.425000
vt 0.950000 0.394418
vt 0.930582 0.375000
vt 0.950000 0.355582
vt 0.969418 0.375000
vt 0.400000 0.344418
vt 0.380582 0.325000
vt 0.400000 0.305582
vt 0.419418 0.325000
vt 0.996053 0.309530
vt 0.996053 0.340470
vt 0.980583 0.325000
vt 0.850000 0.405582
vt 0.869418 0.425000
vt 0.850000 0.444418
vt 0.830582 0.425000
vt 0.405582 0.350000
vt 0.425000 0.330582
vt 0.444418 0.350000
vt 0.425000 0.369418
vt 0.500000 0.744418
vt 0.480582 0.725000
vt 0.500000 0.705583
vt 0.519418 0.725000
vt 0.900000 0.344418
vt 0.880583 0.325000
vt 0.900000 0.305582
vt 0.919418 0.325000
vt 0.650000 0.394418
vt 0.630582 0.375000
vt 0.650000 0.355582
vt 0.669418 0.375000
vt 0.305582 0.400000
vt 0.325000 0.380582
vt 0.344418 0.400000
vt 0.325000 0.419418
vt 0.550000 0.394418
vt 0.530582 0.375000
vt 0.550000 0.355582
vt 0.569418 0.375000
vt 0.800000 0.655582
vt 0.819418 0.675000
vt 0.800000 0.694418
vt 0.780582 0.675000
vt 0.750000 0.394418
vt 0.730582 0.375000
vt 0.750000 0.355582
vt 0.769418 0.375000
vt 0.994418 0.400000
vt 0.975000 0.419418
vt 0.955583 0.400000
vt 0.975000 0.380582
vt 0.100000 0.444418
vt 0.080582 0.425000
vt 0.100000 0.405582
vt 0.119418 0.425000
vt 0.450000 0.605582
vt 0.469418 0.625000
vt 0.450000 0.644418
vt 0.430582 0.625000
vt 0.250000 0.394418
vt 0.230582 0.375000
vt 0.250000 0.355582
vt 0.269418 0.375000
vt 0.955583 0.650000
vt 0.975000 0.630582
vt 0.994418 0.650000
vt 0.975000 0.669418
vt 0.005582 0.500000
vt 0.025000 0.480582
vt 0.044418 0.500000
vt 0.025000 0.519418
vt 0.905582 0.650000
vt 0.925000 0.630582
vt 0.944418 0.650000
vt 0.925000 0.669418
vt 0.003947 0.390470
vt 0.003947 0.359530
vt 0.019418 0.375000
vt 0.650000 0.705582
vt 0.669418 0.725000
vt 0.650000 0.744418
vt 0.630582 0.725000
vt 0.003947 0.340470
vt 0.003947 0.309530
vt 0.000000 0.300000
vt 0.019418 0.325000
vt 0.105582 0.050000
vt 0.125000 0.030582
vt 0.144418 0.050000
vt 0.125000 0.069418
vt 0.700000 0.044418
vt 0.680582 0.025000
vt 0.700000 0.005582
vt 0.719418 0.025000
vt 0.996053 0.209530
vt 0.996053 0.240470
vt 0.980583 0.225000
vt 0.600000 0.855583
vt 0.619418 0.875000
vt 0.600000 0.894418
vt 0.580582 0.875000
vt 0.150000 0.505582
vt 0.169418 0.525000
vt 0.150000 0.544418
vt 0.130582 0.525000
vt 0.555582 0.250000
vt 0.575000 0.230582
vt 0.594418 0.250000
vt 0.575000 0.269418
vt 0.805583 0.300000
vt 0.825000 0.280582
vt 0.844418 0.300000
vt 0.825000 0.319418
vt 0.050000 0.805583
vt 0.069418 0.825000
vt 0.050000 0.844418
vt 0.030582 0.825000
vt 0.594418 0.100000
vt 0.575000 0.119418
vt 0.555582 0.100000
vt 0.575000 0.080582
vt 0.205582 0.550000
vt 0.225000 0.530582
vt 0.244418 0.550000
vt 0.225000 0.569418
vt 0.400000 0.244418
vt 0.380582 0.225000
vt 0.400000 0.205582
vt 0.400000 0.200000
vt 0.419418 0.225000
vt 0.305582 0.250000
vt 0.325000 0.230582
vt 0.344418 0.250000
vt 0.325000 0.269418
vt 0.405582 0.700000
vt 0.425000 0.680582
vt 0.444418 0.700000
vt 0.425000 0.719418
vt 0.205582 0.250000
vt 0.225000 0.230582
vt 0.244418 0.250000
vt 0.225000 0.269418
vt 0.194418 0.300000
vt 0.175000 0.319418
vt 0.155582 0.300000
vt 0.175000 0.280582
vt 0.600000 0.955583
vt 0.619418 0.975000
vt 0.600000 0.994418
vt 0.580582 0.975000
vt 0.850000 0.794418
vt 0.830583 0.775000
vt 0.850000 0.755582
vt 0.869418 0.775000
vt 0.050000 0.205582
vt 0.069418 0.225000
vt 0.050000 0.244418
vt 0.030582 0.225000
vt 0.100000 0.544418
vt 0.080582 0.525000
vt 0.100000 0.505582
vt 0.119417 0.525000
vt 0.003947 0.290470
vt 0.003947 0.259530
vt 0.019418 0.275000
vt 0.950000 0.594418
vt 0.930583 0.575000
vt 0.950000 0.555582
vt 0.969418 0.575000
vt 0.003947 0.240470
vt 0.003947 0.209530
vt 0.000000 0.200000
vt 0.019418 0.225000
vt 0.700000 0.155582
vt 0.719418 0.175000
vt 0.700000 0.194418
vt 0.680583 0.175000
vt 0.700000 0.055582
vt 0.719418 0.075000
vt 0.700000 0.094418
vt 0.680582 0.075000
vt 0.996053 0.109530
vt 0.996053 0.140470
vt 0.980583 0.125000
vt 0.000000 0.050000
vt 0.005582 0.050000
vt 0.025000 0.030582
vt 0.044418 0.050000
vt 0.025000 0.069418
vt 0.800000 0.055582
vt 0.819418 0.075000
vt 0.800000 0.094418
vt 0.780583 0.075000
vt 0.905582 0.850000
vt 0.925000 0.830583
vt 0.944418 0.850000
vt 0.925000 0.869418
vt 0.800000 0.144418
vt 0.780583 0.125000
vt 0.800000 0.105582
vt 0.819418 0.125000
vt 0.400000 0.955583
vt 0.419418 0.975000
vt 0.400000 0.994418
vt 0.380582 0.975000
vt 0.650000 0.994418
vt 0.630582 0.975000
vt 0.650000 0.955583
vt 0.669418 0.975000
vt 0.300000 0.955583
vt 0.319418 0.975000
vt 0.300000 0.994418
vt 0.280582 0.975000
vt 0.405582 0.200000
vt 0.425000 0.180582
vt 0.444418 0.200000
vt 0.425000 0.219418
vt 0.800000 0.455582
vt 0.819418 0.475000
vt 0.800000 0.494418
vt 0.780583 0.475000
vt 0.394418 0.200000
vt 0.375000 0.219418
vt 0.355582 0.200000
vt 0.375000 0.180582
vt 0.400000 0.944418
vt 0.380582 0.925000
vt 0.400000 0.905583
vt 0.419418 0.925000
vt 0.605582 0.300000
vt 0.625000 0.280582
vt 0.644418 0.300000
vt 0.625000 0.319418
vt 0.750000 0.094418
vt 0.730582 0.075000
vt 0.750000 0.055582
vt 0.769418 0.075000
vt 0.300000 0.144418
vt 0.280582 0.125000
vt 0.300000 0.105582
vt 0.319418 0.125000
vt 0.905583 0.250000
vt 0.925000 0.230582
vt 0.944418 0.250000
vt 0.925000 0.269418
vt 0.200000 0.144418
vt 0.180582 0.125000
vt 0.200000 0.105582
vt 0.219418 0.125000
vt 0.003947 0.190470
vt 0.003947 0.159530
vt 0.019418 0.175000
vt 0.800000 0.955583
vt 0.819418 0.975000
vt 0.800000 0.994418
vt 0.780583 0.975000
vt 0.003947 0.140470
vt 0.003947 0.109530
vt 0.019418 0.125000
vt 0.100000 0.155582
vt 0.119418 0.175000
vt 0.100000 0.194418
vt 0.080582 0.175000
vt 0.050000 0.294418
vt 0.030582 0.275000
vt 0.050000 0.255582
vt 0.069418 0.275000
vt 0.996053 0.009530
vt 0.996053 0.040470
vt 0.980583 0.025000
vt 0.200000 0.044418
vt 0.180582 0.025000
vt 0.200000 0.005582
vt 0.219418 0.025000
vt 0.850000 0.194418
vt 0.830583 0.175000
vt 0.850000 0.155582
vt 0.869418 0.175000
vt 0.694417 0.100000
vt 0.675000 0.119418
vt 0.655582 0.100000
vt 0.675000 0.080582
vt 0.650000 0.894418
vt 0.630582 0.875000
vt 0.650000 0.855583
vt 0.669418 0.875000
vt 0.905583 0.500000
vt 0.925000 0.480583
vt 0.944418 0.500000
vt 0.925000 0.519418
vt 0.105582 0.750000
vt 0.125000 0.730583
vt 0.144418 0.750000
vt 0.125000 0.769418
vt 0.094418 0.700000
vt 0.075000 0.719418
vt 0.055582 0.700000
vt 0.075000 0.680583
vt 0.305582 0.050000
vt 0.325000 0.030582
vt 0.344418 0.050000
vt 0.325000 0.069418
vt 0.505582 0.500000
vt 0.525000 0.480582
vt 0.544418 0.500000
vt 0.525000 0.519418
vt 0.405582 0.950000
vt 0.425000 0.930583
vt 0.444418 0.950000
vt 0.425000 0.969418
vt 0.005582 0.300000
vt 0.025000 0.280582
vt 0.044418 0.300000
vt 0.025000 0.319418
vt 0.750000 0.005582
vt 0.769418 0.025000
vt 0.750000 0.044418
vt 0.730582 0.025000
vt 0.955582 0.850000
vt 0.975000 0.830582
vt 0.994418 0.850000
vt 0.975000 0.869418
vt 0.800000 0.155582
vt 0.819418 0.175000
vt 0.800000 0.194418
vt 0.780583 0.175000
vt 0.205582 0.150000
vt 0.225000 0.130582
vt 0.244418 0.150000
vt 0.225000 0.169418
vt 0.003947 0.090470
vt 0.003947 0.059530
vt 0.019418 0.075000
vt 0.900000 0.155582
vt 0.919418 0.175000
vt 0.900000 0.194418
vt 0.880583 0.175000
vt 0.003947 0.040470
vt 0.003947 0.009530
vt 0.019418 0.025000
s 0
f 142/1/1 842/2/1 843/3/1 819/4/1
f 819/4/1 843/3/1 844/5/1 434/6/1
f 434/6/1 844/5/1 845/7/1 818/8/1
f 818/8/1 845/7/1 842/2/1 142/1/1
f 243/9/1 846/10/1 847/11/1 655/12/1
f 655/12/1 847/11/1 848/13/1 379/14/1
f 379/14/1 848/13/1 849/15/1 654/16/1
f 654/16/1 849/15/1 846/10/1 243/9/1
f 64/17/1 850/18/1 851/19/1 695/20/1
f 695/20/1 851/19/1 852/21/1 234/22/1
f 234/22/1 852/21/1 853/23/1 666/24/1
f 666/24/1 853/23/1 850/18/1 64/17/1
f 438/25/1 854/26/1 855/27/1 832/28/1
f 832/28/1 855/27/1 856/29/1 133/30/1
f 133/30/1 856/29/1 857/31/1 445/32/1
f 445/32/1 857/31/1 854/26/1 438/25/1
f 109/33/1 858/34/1 859/35/1 547/36/1
f 547/36/1 859/35/1 860/37/1 318/38/1
f 318/38/1 860/37/1 861/39/1 530/40/1
f 530/40/1 861/39/1 858/34/1 109/33/1
f 441/41/1 862/42/1 863/43/1 841/44/1
f 841/44/1 863/43/1 864/45/1 124/46/1
f 124/46/1 864/45/1 865/47/1 442/48/1
f 442/48/1 865/47/1 862/42/1 441/41/1
f 238/49/1 866/50/1 867/51/1 687/52/1
f 687/52/1 867/51/1 868/53/1 390/54/1
f 390/54/1 868/53/1 869/55/1 686/56/1
f 686/56/1 869/55/1 866/50/1 238/49/1
f 145/57/1 870/58/1 871/59/1 820/60/1
f 820/60/1 871/59/1 872/61/1 9/62/1
f 9/62/1 872/61/1 873/63/1 816/64/1
f 816/64/1 873/63/1 870/58/1 145/57/1
f 94/65/1 874/66/1 875/67/1 589/68/1
f 589/68/1 875/67/1 876/69/1 289/70/1
f 289/70/1 876/69/1 877/71/1 516/72/1
f 516/72/1 877/71/1 874/66/1 94/65/1
f 152/73/1 878/74/1 879/75/1 784/76/1
f 784/76/1 879/75/1 880/77/1 422/78/1
f 422/78/1 880/77/1 881/79/1 783/80/1
f 783/80/1 881/79/1 878/74/1 152/73/1
f 153/81/1 882/82/1 883/83/1 810/84/1
f 810/84/1 883/83/1 884/85/1 431/86/1
f 431/86/1 884/85/1 885/87/1 809/88/1
f 809/88/1 885/87/1 882/82/1 153/81/1
f 424/89/1 886/90/1 887/91/1 790/92/1
f 790/92/1 887/91/1 888/93/1 168/94/1
f 168/94/1 888/93/1 889/95/1 459/96/1
f 459/96/1 889/95/1 886/90/1 424/89/1
f 158/97/1 890/98/1 891/99/1 801/100/1
f 801/100/1 891/99/1 892/101/1 428/102/1
f 428/102/1 892/101/1 893/103/1 800/104/1
f 800/104/1 893/103/1 890/98/1 158/97/1
f 231/105/1 894/106/1 895/107/1 696/108/1
f 696/108/1 895/107/1 896/109/1 393/110/1
f 393/110/1 896/109/1 897/111/1 695/20/1
f 695/20/1 897/111/1 894/106/1 231/105/1
f 162/112/1 898/113/1 899/114/1 795/115/1
f 795/115/1 899/114/1 900/116/1 426/117/1
f 426/117/1 900/116/1 901/118/1 794/119/1
f 794/119/1 901/118/1 898/113/1 162/112/1
f 271/120/1 902/121/1 903/122/1 638/123/1
f 638/123/1 903/122/1 904/124/1 85/125/1
f 85/125/1 904/124/1 905/126/1 508/127/1
f 508/127/1 905/126/1 902/121/1 271/120/1
f 124/46/1 906/128/1 907/129/1 841/44/1
f 841/44/1 907/129/1 908/130/1 2/131/1
f 2/131/1 908/130/1 909/132/1 837/133/1
f 837/133/1 909/132/1 906/128/1 124/46/1
f 302/134/1 910/135/1 911/136/1 599/137/1
f 599/137/1 911/136/1 912/138/1 361/139/1
f 361/139/1 912/138/1 913/140/1 522/141/1
f 522/141/1 913/140/1 910/135/1 302/134/1
f 123/142/1 914/143/1 915/144/1 841/44/1
f 841/44/1 915/144/1 916/145/1 441/41/1
f 441/41/1 916/145/1 917/146/1 840/147/1
f 840/147/1 917/146/1 914/143/1 123/142/1
f 170/148/1 918/149/1 919/150/1 783/80/1
f 783/80/1 919/150/1 920/151/1 422/78/1
f 422/78/1 920/151/1 921/152/1 782/153/1
f 782/153/1 921/152/1 918/149/1 170/148/1
f 47/154/1 922/155/1 923/156/1 718/157/1
f 718/157/1 923/156/1 924/158/1 199/159/1
f 199/159/1 924/158/1 925/160/1 473/161/1
f 473/161/1 925/160/1 922/155/1 47/154/1
f 143/162/1 926/163/1 927/164/1 793/165/1
f 793/165/1 927/164/1 928/166/1 425/167/1
f 425/167/1 928/166/1 929/168/1 792/169/1
f 792/169/1 929/168/1 926/163/1 143/162/1
f 225/170/1 930/171/1 931/172/1 704/173/1
f 704/173/1 931/172/1 932/174/1 61/175/1
f 61/175/1 932/174/1 933/176/1 486/177/1
f 486/177/1 933/176/1 930/171/1 225/170/1
f 181/178/1 934/179/1 935/180/1 768/181/1
f 768/181/1 935/180/1 936/182/1 417/183/1
f 417/183/1 936/182/1 937/184/1 767/185/1
f 767/185/1 937/184/1 934/179/1 181/178/1
f 183/186/1 938/187/1 939/188/1 765/189/1
f 765/189/1 939/188/1 940/190/1 416/191/1
f 416/191/1 940/190/1 941/192/1 764/193/1
f 764/193/1 941/192/1 938/187/1 183/186/1
f 249/194/1 942/195/1 943/196/1 646/197/1
f 646/197/1 943/196/1 944/198/1 376/199/1
f 376/199/1 944/198/1 945/200/1 645/201/1
f 645/201/1 945/200/1 942/195/1 249/194/1
f 169/202/1 946/203/1 947/204/1 760/205/1
f 760/205/1 947/204/1 948/206/1 414/207/1
f 414/207/1 948/206/1 949/208/1 759/209/1
f 759/209/1 949/208/1 946/203/1 169/202/1
f 316/210/1 950/211/1 951/212/1 578/213/1
f 578/213/1 951/212/1 952/214/1 354/215/1
f 354/215/1 952/214/1 953/216/1 529/217/1
f 529/217/1 953/216/1 950/211/1 316/210/1
f 324/218/1 954/219/1 955/220/1 564/221/1
f 564/221/1 955/220/1 956/222/1 349/223/1
f 349/223/1 956/222/1 957/224/1 563/225/1
f 563/225/1 957/224/1 954/219/1 324/218/1
f 190/226/1 958/227/1 959/228/1 758/229/1
f 758/229/1 959/228/1 960/230/1 414/207/1
f 414/207/1 960/230/1 961/231/1 469/232/1
f 469/232/1 961/231/1 958/227/1 190/226/1
f 77/233/1 962/234/1 963/235/1 634/236/1
f 634/236/1 963/235/1 964/237/1 257/238/1
f 257/238/1 964/237/1 965/239/1 501/240/1
f 501/240/1 965/239/1 962/234/1 77/233/1
f 414/207/1 966/241/1 967/242/1 760/205/1
f 760/205/1 967/242/1 968/243/1 189/244/1
f 189/244/1 968/243/1 969/245/1 469/232/1
f 469/232/1 969/245/1 966/241/1 414/207/1
f 203/246/1 970/247/1 971/248/1 740/249/1
f 740/249/1 971/248/1 972/250/1 408/251/1
f 408/251/1 972/250/1 973/252/1 475/253/1
f 475/253/1 973/252/1 970/247/1 203/246/1
f 185/254/1 974/255/1 975/256/1 761/257/1
f 761/257/1 975/256/1 976/258/1 40/259/1
f 40/259/1 976/258/1 977/260/1 467/261/1
f 467/261/1 977/260/1 974/255/1 185/254/1
f 309/262/1 978/263/1 979/264/1 584/265/1
f 584/265/1 979/264/1 980/266/1 105/267/1
f 105/267/1 980/266/1 981/268/1 526/269/1
f 526/269/1 981/268/1 978/263/1 309/262/1
f 204/270/1 982/271/1 983/272/1 735/273/1
f 735/273/1 983/272/1 984/274/1 406/275/1
f 406/275/1 984/274/1 985/276/1 734/277/1
f 734/277/1 985/276/1 982/271/1 204/270/1
f 188/278/1 986/279/1 987/280/1 733/281/1
f 733/281/1 987/280/1 988/282/1 405/283/1
f 405/283/1 988/282/1 989/284/1 732/285/1
f 732/285/1 989/284/1 986/279/1 188/278/1
f 206/286/1 990/287/1 991/288/1 732/285/1
f 732/285/1 991/288/1 992/289/1 405/283/1
f 405/283/1 992/289/1 993/290/1 731/291/1
f 731/291/1 993/290/1 990/287/1 206/286/1
f 52/292/1 994/293/1 995/294/1 728/295/1
f 728/295/1 995/294/1 996/296/1 211/297/1
f 211/297/1 996/296/1 997/298/1 699/299/1
f 699/299/1 997/298/1 994/293/1 52/292/1
f 124/46/1 998/300/1 999/301/1 836/302/1
f 836/302/1 999/301/1 1000/303/1 13/304/1
f 13/304/1 1000/303/1 1001/305/1 442/48/1
f 442/48/1 1001/305/1 998/300/1 124/46/1
f 87/306/1 1002/307/1 1003/308/1 632/309/1
f 632/309/1 1003/308/1 1004/310/1 278/311/1
f 278/311/1 1004/310/1 1005/312/1 603/313/1
f 603/313/1 1005/312/1 1002/307/1 87/306/1
f 398/314/1 1006/315/1 1007/316/1 712/317/1
f 712/317/1 1007/316/1 1008/318/1 223/319/1
f 223/319/1 1008/318/1 1009/320/1 485/321/1
f 485/321/1 1009/320/1 1006/315/1 398/314/1
f 307/322/1 1010/323/1 1011/324/1 587/325/1
f 587/325/1 1011/324/1 1012/326/1 104/327/1
f 104/327/1 1012/326/1 1013/328/1 525/329/1
f 525/329/1 1013/328/1 1010/323/1 307/322/1
f 223/319/1 1014/330/1 1015/331/1 707/332/1
f 707/332/1 1015/331/1 1016/333/1 60/334/1
f 60/334/1 1016/333/1 1017/335/1 485/321/1
f 485/321/1 1017/335/1 1014/330/1 223/319/1
f 59/336/1 1018/337/1 1019/338/1 710/339/1
f 710/339/1 1019/338/1 1020/340/1 224/341/1
f 224/341/1 1020/340/1 1021/342/1 681/343/1
f 681/343/1 1021/342/1 1018/337/1 59/336/1
f 74/344/1 1022/345/1 1023/346/1 643/347/1
f 643/347/1 1023/346/1 1024/348/1 251/349/1
f 251/349/1 1024/348/1 1025/350/1 498/351/1
f 498/351/1 1025/350/1 1022/345/1 74/344/1
f 399/352/1 1026/353/1 1027/354/1 715/355/1
f 715/355/1 1027/354/1 1028/356/1 221/357/1
f 221/357/1 1028/356/1 1029/358/1 484/359/1
f 484/359/1 1029/358/1 1026/353/1 399/352/1
f 246/360/1 1030/361/1 1031/362/1 679/363/1
f 679/363/1 1031/362/1 1032/364/1 61/175/1
f 61/175/1 1032/364/1 1033/365/1 675/366/1
f 675/366/1 1033/365/1 1030/361/1 246/360/1
f 217/367/1 1034/368/1 1035/369/1 717/370/1
f 717/370/1 1035/369/1 1036/371/1 400/372/1
f 400/372/1 1036/371/1 1037/373/1 716/374/1
f 716/374/1 1037/373/1 1034/368/1 217/367/1
f 22/375/1 1038/376/1 1039/377/1 784/76/1
f 784/76/1 1039/377/1 1040/378/1 152/73/1
f 152/73/1 1040/378/1 1041/379/1 451/380/1
f 451/380/1 1041/379/1 1038/376/1 22/375/1
f 189/244/1 1042/381/1 1043/382/1 760/205/1
f 760/205/1 1043/382/1 1044/383/1 31/384/1
f 31/384/1 1044/383/1 1045/385/1 756/386/1
f 756/386/1 1045/385/1 1042/381/1 189/244/1
f 69/387/1 1046/388/1 1047/389/1 658/390/1
f 658/390/1 1047/389/1 1048/391/1 241/392/1
f 241/392/1 1048/391/1 1049/393/1 493/394/1
f 493/394/1 1049/393/1 1046/388/1 69/387/1
f 222/395/1 1050/396/1 1051/397/1 685/398/1
f 685/398/1 1051/397/1 1052/399/1 389/400/1
f 389/400/1 1052/399/1 1053/401/1 684/402/1
f 684/402/1 1053/401/1 1050/396/1 222/395/1
f 215/403/1 1054/404/1 1055/405/1 694/406/1
f 694/406/1 1055/405/1 1056/407/1 392/408/1
f 392/408/1 1056/407/1 1057/409/1 693/410/1
f 693/410/1 1057/409/1 1054/404/1 215/403/1
f 72/411/1 1058/412/1 1059/413/1 674/414/1
f 674/414/1 1059/413/1 1060/415/1 249/194/1
f 249/194/1 1060/415/1 1061/416/1 645/201/1
f 645/201/1 1061/416/1 1058/412/1 72/411/1
f 95/417/1 1062/418/1 1063/419/1 611/420/1
f 611/420/1 1063/419/1 1064/421/1 293/422/1
f 293/422/1 1064/421/1 1065/423/1 582/424/1
f 582/424/1 1065/423/1 1062/418/1 95/417/1
f 291/425/1 1066/426/1 1067/427/1 614/428/1
f 614/428/1 1067/427/1 1068/429/1 366/430/1
f 366/430/1 1068/429/1 1069/431/1 517/432/1
f 517/432/1 1069/431/1 1066/426/1 291/425/1
f 194/433/1 1070/434/1 1071/435/1 752/436/1
f 752/436/1 1071/435/1 1072/437/1 412/438/1
f 412/438/1 1072/437/1 1073/439/1 471/440/1
f 471/440/1 1073/439/1 1070/434/1 194/433/1
f 434/6/1 1074/441/1 1075/442/1 820/60/1
f 820/60/1 1075/442/1 1076/443/1 145/57/1
f 145/57/1 1076/443/1 1077/444/1 449/445/1
f 449/445/1 1077/444/1 1074/441/1 434/6/1
f 231/105/1 1078/446/1 1079/447/1 700/448/1
f 700/448/1 1079/447/1 1080/449/1 53/450/1
f 53/450/1 1080/449/1 1081/451/1 696/108/1
f 696/108/1 1081/451/1 1078/446/1 231/105/1
f 376/199/1 1082/452/1 1083/453/1 646/197/1
f 646/197/1 1083/453/1 1084/454/1 269/455/1
f 269/455/1 1084/454/1 1085/456/1 507/457/1
f 507/457/1 1085/456/1 1082/452/1 376/199/1
f 251/349/1 1086/458/1 1087/459/1 671/460/1
f 671/460/1 1087/459/1 1088/461/1 385/462/1
f 385/462/1 1088/461/1 1089/463/1 498/351/1
f 498/351/1 1089/463/1 1086/458/1 251/349/1
f 53/450/1 1090/464/1 1091/465/1 700/448/1
f 700/448/1 1091/465/1 1092/466/1 211/297/1
f 211/297/1 1092/466/1 1093/467/1 479/468/1
f 479/468/1 1093/467/1 1090/464/1 53/450/1
f 253/469/1 1094/470/1 1095/471/1 668/472/1
f 668/472/1 1095/471/1 1096/473/1 384/474/1
f 384/474/1 1096/473/1 1097/475/1 499/476/1
f 499/476/1 1097/475/1 1094/470/1 253/469/1
f 148/477/1 1098/478/1 1099/479/1 817/480/1
f 817/480/1 1099/479/1 1100/481/1 10/482/1
f 10/482/1 1100/481/1 1101/483/1 813/484/1
f 813/484/1 1101/483/1 1098/478/1 148/477/1
f 210/485/1 1102/486/1 1103/487/1 730/488/1
f 730/488/1 1103/487/1 1104/489/1 42/490/1
f 42/490/1 1104/489/1 1105/491/1 726/492/1
f 726/492/1 1105/491/1 1102/486/1 210/485/1
f 88/493/1 1106/494/1 1107/495/1 604/496/1
f 604/496/1 1107/495/1 1108/497/1 278/311/1
f 278/311/1 1108/497/1 1109/498/1 511/499/1
f 511/499/1 1109/498/1 1106/494/1 88/493/1
f 293/422/1 1110/500/1 1111/501/1 611/420/1
f 611/420/1 1111/501/1 1112/502/1 365/503/1
f 365/503/1 1112/502/1 1113/504/1 518/505/1
f 518/505/1 1113/504/1 1110/500/1 293/422/1
f 198/506/1 1114/507/1 1115/508/1 743/509/1
f 743/509/1 1115/508/1 1116/510/1 47/154/1
f 47/154/1 1116/510/1 1117/511/1 473/161/1
f 473/161/1 1117/511/1 1114/507/1 198/506/1
f 262/512/1 1118/513/1 1119/514/1 628/515/1
f 628/515/1 1119/514/1 1120/516/1 370/517/1
f 370/517/1 1120/516/1 1121/518/1 627/519/1
f 627/519/1 1121/518/1 1118/513/1 262/512/1
f 210/485/1 1122/520/1 1123/521/1 726/492/1
f 726/492/1 1123/521/1 1124/522/1 403/523/1
f 403/523/1 1124/522/1 1125/524/1 725/525/1
f 725/525/1 1125/524/1 1122/520/1 210/485/1
f 196/526/1 1126/527/1 1127/528/1 751/529/1
f 751/529/1 1127/528/1 1128/530/1 35/531/1
f 35/531/1 1128/530/1 1129/532/1 747/533/1
f 747/533/1 1129/532/1 1126/527/1 196/526/1
f 196/526/1 1130/534/1 1131/535/1 746/536/1
f 746/536/1 1131/535/1 1132/537/1 46/538/1
f 46/538/1 1132/537/1 1133/539/1 472/540/1
f 472/540/1 1133/539/1 1130/534/1 196/526/1
f 229/541/1 1134/542/1 1135/543/1 703/544/1
f 703/544/1 1135/543/1 1136/545/1 52/292/1
f 52/292/1 1136/545/1 1137/546/1 699/299/1
f 699/299/1 1137/546/1 1134/542/1 229/541/1
f 282/547/1 1138/548/1 1139/549/1 624/550/1
f 624/550/1 1139/549/1 1140/551/1 369/552/1
f 369/552/1 1140/551/1 1141/553/1 623/554/1
f 623/554/1 1141/553/1 1138/548/1 282/547/1
f 192/555/1 1142/556/1 1143/557/1 755/558/1
f 755/558/1 1143/557/1 1144/559/1 413/560/1
f 413/560/1 1144/559/1 1145/561/1 470/562/1
f 470/562/1 1145/561/1 1142/556/1 192/555/1
f 295/563/1 1146/564/1 1147/565/1 608/566/1
f 608/566/1 1147/565/1 1148/567/1 364/568/1
f 364/568/1 1148/567/1 1149/569/1 519/570/1
f 519/570/1 1149/569/1 1146/564/1 295/563/1
f 169/571/1 1150/572/1 1151/573/1 788/574/1
f 788/574/1 1151/573/1 1152/575/1 424/89/1
f 424/89/1 1152/575/1 1153/576/1 459/96/1
f 459/96/1 1153/576/1 1150/572/1 169/571/1
f 166/577/1 1154/578/1 1155/579/1 789/580/1
f 789/580/1 1155/579/1 1156/581/1 424/89/1
f 424/89/1 1156/581/1 1157/582/1 788/574/1
f 788/574/1 1157/582/1 1154/578/1 166/577/1
f 255/583/1 1158/584/1 1159/585/1 637/586/1
f 637/586/1 1159/585/1 1160/587/1 373/588/1
f 373/588/1 1160/587/1 1161/589/1 636/590/1
f 636/590/1 1161/589/1 1158/584/1 255/583/1
f 299/591/1 1162/592/1 1163/593/1 602/594/1
f 602/594/1 1163/593/1 1164/595/1 362/596/1
f 362/596/1 1164/595/1 1165/597/1 521/598/1
f 521/598/1 1165/597/1 1162/592/1 299/591/1
f 91/599/1 1166/600/1 1167/601/1 598/602/1
f 598/602/1 1167/601/1 1168/603/1 283/604/1
f 283/604/1 1168/603/1 1169/605/1 513/606/1
f 513/606/1 1169/605/1 1166/600/1 91/599/1
f 364/568/1 1170/607/1 1171/608/1 610/609/1
f 610/609/1 1171/608/1 1172/610/1 294/611/1
f 294/611/1 1172/610/1 1173/612/1 519/570/1
f 519/570/1 1173/612/1 1170/607/1 364/568/1
f 268/613/1 1174/614/1 1175/615/1 619/616/1
f 619/616/1 1175/615/1 1176/617/1 367/618/1
f 367/618/1 1176/617/1 1177/619/1 618/620/1
f 618/620/1 1177/619/1 1174/614/1 268/613/1
f 29/621/1 1178/622/1 1179/623/1 766/624/1
f 766/624/1 1179/623/1 1180/625/1 165/626/1
f 165/626/1 1180/625/1 1181/627/1 457/628/1
f 457/628/1 1181/627/1 1178/622/1 29/621/1
f 127/629/1 1182/630/1 1183/631/1 834/632/1
f 834/632/1 1183/631/1 1184/633/1 439/634/1
f 439/634/1 1184/633/1 1185/635/1 833/636/1
f 833/636/1 1185/635/1 1182/630/1 127/629/1
f 76/637/1 1186/638/1 1187/639/1 637/586/1
f 637/586/1 1187/639/1 1188/640/1 255/583/1
f 255/583/1 1188/640/1 1189/641/1 500/642/1
f 500/642/1 1189/641/1 1186/638/1 76/637/1
f 433/643/1 1190/644/1 1191/645/1 817/480/1
f 817/480/1 1191/645/1 1192/646/1 148/477/1
f 148/477/1 1192/646/1 1193/647/1 450/648/1
f 450/648/1 1193/647/1 1190/644/1 433/643/1
f 301/649/1 1194/650/1 1195/651/1 597/652/1
f 597/652/1 1195/651/1 1196/653/1 360/654/1
f 360/654/1 1196/653/1 1197/655/1 596/656/1
f 596/656/1 1197/655/1 1194/650/1 301/649/1
f 24/657/1 1198/658/1 1199/659/1 781/660/1
f 781/660/1 1199/659/1 1200/661/1 155/662/1
f 155/662/1 1200/661/1 1201/663/1 452/664/1
f 452/664/1 1201/663/1 1198/658/1 24/657/1
f 426/117/1 1202/665/1 1203/666/1 796/667/1
f 796/667/1 1203/666/1 1204/668/1 164/669/1
f 164/669/1 1204/668/1 1205/670/1 457/628/1
f 457/628/1 1205/670/1 1202/665/1 426/117/1
f 321/671/1 1206/672/1 1207/673/1 570/674/1
f 570/674/1 1207/673/1 1208/675/1 351/676/1
f 351/676/1 1208/675/1 1209/677/1 569/678/1
f 569/678/1 1209/677/1 1206/672/1 321/671/1
f 308/679/1 1210/680/1 1211/681/1 590/682/1
f 590/682/1 1211/681/1 1212/683/1 358/684/1
f 358/684/1 1212/683/1 1213/685/1 525/329/1
f 525/329/1 1213/685/1 1210/680/1 308/679/1
f 200/686/1 1214/687/1 1215/688/1 740/249/1
f 740/249/1 1215/688/1 1216/689/1 48/690/1
f 48/690/1 1216/689/1 1217/691/1 474/692/1
f 474/692/1 1217/691/1 1214/687/1 200/686/1
f 374/693/1 1218/694/1 1219/695/1 640/696/1
f 640/696/1 1219/695/1 1220/697/1 273/698/1
f 273/698/1 1220/697/1 1221/699/1 509/700/1
f 509/700/1 1221/699/1 1218/694/1 374/693/1
f 248/701/1 1222/702/1 1223/703/1 672/704/1
f 672/704/1 1223/703/1 1224/705/1 385/462/1
f 385/462/1 1224/705/1 1225/706/1 671/460/1
f 671/460/1 1225/706/1 1222/702/1 248/701/1
f 343/707/1 1226/708/1 1227/709/1 547/36/1
f 547/36/1 1227/709/1 1228/710/1 338/711/1
f 338/711/1 1228/710/1 1229/712/1 540/713/1
f 540/713/1 1229/712/1 1226/708/1 343/707/1
f 297/714/1 1230/715/1 1231/716/1 577/717/1
f 577/717/1 1231/716/1 1232/718/1 353/719/1
f 353/719/1 1232/718/1 1233/720/1 576/721/1
f 576/721/1 1233/720/1 1230/715/1 297/714/1
f 13/304/1 1234/722/1 1235/723/1 811/724/1
f 811/724/1 1235/723/1 1236/725/1 125/726/1
f 125/726/1 1236/725/1 1237/727/1 442/48/1
f 442/48/1 1237/727/1 1234/722/1 13/304/1
f 320/728/1 1238/729/1 1239/730/1 544/731/1
f 544/731/1 1239/730/1 1240/732/1 342/733/1
f 342/733/1 1240/732/1 1241/734/1 543/735/1
f 543/735/1 1241/734/1 1238/729/1 320/728/1
f 98/736/1 1242/737/1 1243/738/1 602/594/1
f 602/594/1 1243/738/1 1244/739/1 299/591/1
f 299/591/1 1244/739/1 1245/740/1 573/741/1
f 573/741/1 1245/740/1 1242/737/1 98/736/1
f 350/742/1 1246/743/1 1247/744/1 568/745/1
f 568/745/1 1247/744/1 1248/746/1 324/747/1
f 324/747/1 1248/746/1 1249/748/1 533/749/1
f 533/749/1 1249/748/1 1246/743/1 350/742/1
f 100/750/1 1250/751/1 1251/752/1 599/137/1
f 599/137/1 1251/752/1 1252/753/1 302/134/1
f 302/134/1 1252/753/1 1253/754/1 570/674/1
f 570/674/1 1253/754/1 1250/751/1 100/750/1
f 336/755/1 1254/756/1 1255/757/1 546/758/1
f 546/758/1 1255/757/1 1256/759/1 343/707/1
f 343/707/1 1256/759/1 1257/760/1 545/761/1
f 545/761/1 1257/760/1 1254/756/1 336/755/1
f 157/762/1 1258/763/1 1259/764/1 778/765/1
f 778/765/1 1259/764/1 1260/766/1 420/767/1
f 420/767/1 1260/766/1 1261/768/1 777/769/1
f 777/769/1 1261/768/1 1258/763/1 157/762/1
f 69/770/1 1262/771/1 1263/772/1 683/773/1
f 683/773/1 1263/772/1 1264/774/1 243/9/1
f 243/9/1 1264/774/1 1265/775/1 654/16/1
f 654/16/1 1265/775/1 1262/771/1 69/770/1
f 275/776/1 1266/777/1 1267/778/1 637/586/1
f 637/586/1 1267/778/1 1268/779/1 76/637/1
f 76/637/1 1268/779/1 1269/780/1 633/781/1
f 633/781/1 1269/780/1 1266/777/1 275/776/1
f 334/782/1 1270/783/1 1271/784/1 549/785/1
f 549/785/1 1271/784/1 1272/786/1 344/787/1
f 344/787/1 1272/786/1 1273/788/1 548/789/1
f 548/789/1 1273/788/1 1270/783/1 334/782/1
f 312/790/1 1274/791/1 1275/792/1 556/793/1
f 556/793/1 1275/792/1 1276/794/1 346/795/1
f 346/795/1 1276/794/1 1277/796/1 555/797/1
f 555/797/1 1277/796/1 1274/791/1 312/790/1
f 326/798/1 1278/799/1 1279/800/1 561/801/1
f 561/801/1 1279/800/1 1280/802/1 348/803/1
f 348/803/1 1280/802/1 1281/804/1 560/805/1
f 560/805/1 1281/804/1 1278/799/1 326/798/1
f 105/267/1 1282/806/1 1283/807/1 559/808/1
f 559/808/1 1283/807/1 1284/809/1 310/810/1
f 310/810/1 1284/809/1 1285/811/1 526/269/1
f 526/269/1 1285/811/1 1282/806/1 105/267/1
f 348/803/1 1286/812/1 1287/813/1 562/814/1
f 562/814/1 1287/813/1 1288/815/1 328/816/1
f 328/816/1 1288/815/1 1289/817/1 535/818/1
f 535/818/1 1289/817/1 1286/812/1 348/803/1
f 104/327/1 1290/819/1 1291/820/1 562/814/1
f 562/814/1 1291/820/1 1292/821/1 308/679/1
f 308/679/1 1292/821/1 1293/822/1 525/329/1
f 525/329/1 1293/822/1 1290/819/1 104/327/1
f 344/787/1 1294/823/1 1295/824/1 550/825/1
f 550/825/1 1295/824/1 1296/826/1 336/755/1
f 336/755/1 1296/826/1 1297/827/1 539/828/1
f 539/828/1 1297/827/1 1294/823/1 344/787/1
f 296/829/1 1298/830/1 1299/831/1 603/313/1
f 603/313/1 1299/831/1 1300/832/1 362/596/1
f 362/596/1 1300/832/1 1301/833/1 602/594/1
f 602/594/1 1301/833/1 1298/830/1 296/829/1
f 304/834/1 1302/835/1 1303/836/1 568/745/1
f 568/745/1 1303/836/1 1304/837/1 350/742/1
f 350/742/1 1304/837/1 1305/838/1 567/839/1
f 567/839/1 1305/838/1 1302/835/1 304/834/1
f 305/840/1 1306/841/1 1307/842/1 590/682/1
f 590/682/1 1307/842/1 1308/843/1 103/844/1
f 103/844/1 1308/843/1 1309/845/1 524/846/1
f 524/846/1 1309/845/1 1306/841/1 305/840/1
f 330/847/1 1310/848/1 1311/849/1 555/797/1
f 555/797/1 1311/849/1 1312/850/1 346/795/1
f 346/795/1 1312/850/1 1313/851/1 554/852/1
f 554/852/1 1313/851/1 1310/848/1 330/847/1
f 317/853/1 1314/854/1 1315/855/1 577/717/1
f 577/717/1 1315/855/1 1316/856/1 98/736/1
f 98/736/1 1316/856/1 1317/857/1 573/741/1
f 573/741/1 1317/857/1 1314/854/1 317/853/1
f 327/858/1 1318/859/1 1319/860/1 563/225/1
f 563/225/1 1319/860/1 1320/861/1 349/223/1
f 349/223/1 1320/861/1 1321/862/1 534/863/1
f 534/863/1 1321/862/1 1318/859/1 327/858/1
f 86/864/1 1322/865/1 1323/866/1 610/609/1
f 610/609/1 1323/866/1 1324/867/1 274/868/1
f 274/868/1 1324/867/1 1325/869/1 509/700/1
f 509/700/1 1325/869/1 1322/865/1 86/864/1
f 300/870/1 1326/871/1 1327/872/1 600/873/1
f 600/873/1 1327/872/1 1328/874/1 361/139/1
f 361/139/1 1328/874/1 1329/875/1 599/137/1
f 599/137/1 1329/875/1 1326/871/1 300/870/1
f 313/876/1 1330/877/1 1331/878/1 579/879/1
f 579/879/1 1331/878/1 1332/880/1 354/215/1
f 354/215/1 1332/880/1 1333/881/1 578/213/1
f 578/213/1 1333/881/1 1330/877/1 313/876/1
f 315/882/1 1334/883/1 1335/884/1 580/885/1
f 580/885/1 1335/884/1 1336/886/1 97/887/1
f 97/887/1 1336/886/1 1337/888/1 576/721/1
f 576/721/1 1337/888/1 1334/883/1 315/882/1
f 282/889/1 1338/890/1 1339/891/1 628/515/1
f 628/515/1 1339/891/1 1340/892/1 80/893/1
f 80/893/1 1340/892/1 1341/894/1 624/550/1
f 624/550/1 1341/894/1 1338/890/1 282/889/1
f 316/210/1 1342/895/1 1343/896/1 550/825/1
f 550/825/1 1343/896/1 1344/897/1 344/787/1
f 344/787/1 1344/897/1 1345/898/1 549/785/1
f 549/785/1 1345/898/1 1342/895/1 316/210/1
f 284/899/1 1346/900/1 1347/901/1 620/902/1
f 620/902/1 1347/901/1 1348/903/1 92/904/1
f 92/904/1 1348/903/1 1349/905/1 514/906/1
f 514/906/1 1349/905/1 1346/900/1 284/899/1
f 234/22/1 1350/907/1 1351/908/1 667/909/1
f 667/909/1 1351/908/1 1352/910/1 383/911/1
f 383/911/1 1352/910/1 1353/912/1 666/24/1
f 666/24/1 1353/912/1 1350/907/1 234/22/1
f 252/913/1 1354/914/1 1355/915/1 670/916/1
f 670/916/1 1355/915/1 1356/917/1 64/17/1
f 64/17/1 1356/917/1 1357/918/1 666/24/1
f 666/24/1 1357/918/1 1354/914/1 252/913/1
f 289/70/1 1358/919/1 1359/920/1 589/68/1
f 589/68/1 1359/920/1 1360/921/1 357/922/1
f 357/922/1 1360/921/1 1361/923/1 588/924/1
f 588/924/1 1361/923/1 1358/919/1 289/70/1
f 432/925/1 1362/926/1 1363/927/1 814/928/1
f 814/928/1 1363/927/1 1364/929/1 151/930/1
f 151/930/1 1364/929/1 1365/931/1 451/380/1
f 451/380/1 1365/931/1 1362/926/1 432/925/1
f 287/932/1 1366/933/1 1367/934/1 592/935/1
f 592/935/1 1367/934/1 1368/936/1 358/684/1
f 358/684/1 1368/936/1 1369/937/1 591/938/1
f 591/938/1 1369/937/1 1366/933/1 287/932/1
f 93/939/1 1370/940/1 1371/941/1 592/935/1
f 592/935/1 1371/941/1 1372/942/1 287/932/1
f 287/932/1 1372/942/1 1373/943/1 515/944/1
f 515/944/1 1373/943/1 1370/940/1 93/939/1
f 177/945/1 1374/946/1 1375/947/1 778/765/1
f 778/765/1 1375/947/1 1376/948/1 25/949/1
f 25/949/1 1376/948/1 1377/950/1 774/951/1
f 774/951/1 1377/950/1 1374/946/1 177/945/1
f 237/952/1 1378/953/1 1379/954/1 690/955/1
f 690/955/1 1379/954/1 1380/956/1 391/957/1
f 391/957/1 1380/956/1 1381/958/1 689/959/1
f 689/959/1 1381/958/1 1378/953/1 237/952/1
f 147/960/1 1382/961/1 1383/962/1 817/480/1
f 817/480/1 1383/962/1 1384/963/1 433/643/1
f 433/643/1 1384/963/1 1385/964/1 816/64/1
f 816/64/1 1385/964/1 1382/961/1 147/960/1
f 99/965/1 1386/966/1 1387/967/1 574/968/1
f 574/968/1 1387/967/1 1388/969/1 299/591/1
f 299/591/1 1388/969/1 1389/970/1 521/598/1
f 521/598/1 1389/970/1 1386/966/1 99/965/1
f 320/728/1 1390/971/1 1391/972/1 572/973/1
f 572/973/1 1391/972/1 1392/974/1 352/975/1
f 352/975/1 1392/974/1 1393/976/1 531/977/1
f 531/977/1 1393/976/1 1390/971/1 320/728/1
f 156/978/1 1394/979/1 1395/980/1 803/981/1
f 803/981/1 1395/980/1 1396/982/1 25/983/1
f 25/983/1 1396/982/1 1397/984/1 453/985/1
f 453/985/1 1397/984/1 1394/979/1 156/978/1
f 97/887/1 1398/986/1 1399/987/1 605/988/1
f 605/988/1 1399/987/1 1400/989/1 297/714/1
f 297/714/1 1400/989/1 1401/990/1 576/721/1
f 576/721/1 1401/990/1 1398/986/1 97/887/1
f 136/991/1 1402/992/1 1403/993/1 829/994/1
f 829/994/1 1403/993/1 1404/995/1 6/996/1
f 6/996/1 1404/995/1 1405/997/1 825/998/1
f 825/998/1 1405/997/1 1402/992/1 136/991/1
f 306/999/1 1406/1000/1 1407/1001/1 593/1002/1
f 593/1002/1 1407/1001/1 1408/1003/1 359/1004/1
f 359/1004/1 1408/1003/1 1409/1005/1 524/846/1
f 524/846/1 1409/1005/1 1406/1000/1 306/999/1
f 345/1006/1 1410/1007/1 1411/1008/1 553/1009/1
f 553/1009/1 1411/1008/1 1412/1010/1 334/782/1
f 334/782/1 1412/1010/1 1413/1011/1 538/1012/1
f 538/1012/1 1413/1011/1 1410/1007/1 345/1006/1
f 274/868/1 1414/1013/1 1415/1014/1 610/609/1
f 610/609/1 1415/1014/1 1416/1015/1 364/568/1
f 364/568/1 1416/1015/1 1417/1016/1 609/1017/1
f 609/1017/1 1417/1016/1 1414/1013/1 274/868/1
f 275/776/1 1418/1018/1 1419/1019/1 632/309/1
f 632/309/1 1419/1019/1 1420/1020/1 87/306/1
f 87/306/1 1420/1020/1 1421/1021/1 510/1022/1
f 510/1022/1 1421/1021/1 1418/1018/1 275/776/1
f 32/1023/1 1422/1024/1 1423/1025/1 757/1026/1
f 757/1026/1 1423/1025/1 1424/1027/1 171/1028/1
f 171/1028/1 1424/1027/1 1425/1029/1 460/1030/1
f 460/1030/1 1425/1029/1 1422/1024/1 32/1023/1
f 171/1031/1 1426/1032/1 1427/1033/1 757/1026/1
f 757/1026/1 1427/1033/1 1428/1034/1 413/560/1
f 413/560/1 1428/1034/1 1429/1035/1 756/386/1
f 756/386/1 1429/1035/1 1426/1032/1 171/1031/1
f 366/430/1 1430/1036/1 1431/1037/1 616/1038/1
f 616/1038/1 1431/1037/1 1432/1039/1 290/1040/1
f 290/1040/1 1432/1039/1 1433/1041/1 517/432/1
f 517/432/1 1433/1041/1 1430/1036/1 366/430/1
f 164/669/1 1434/1042/1 1435/1043/1 791/1044/1
f 791/1044/1 1435/1043/1 1436/1045/1 29/1046/1
f 29/1046/1 1436/1045/1 1437/1047/1 457/628/1
f 457/628/1 1437/1047/1 1434/1042/1 164/669/1
f 367/618/1 1438/1048/1 1439/1049/1 619/616/1
f 619/616/1 1439/1049/1 1440/1050/1 288/1051/1
f 288/1051/1 1440/1050/1 1441/1052/1 516/72/1
f 516/72/1 1441/1052/1 1438/1048/1 367/618/1
f 223/319/1 1442/1053/1 1443/1054/1 712/317/1
f 712/317/1 1443/1054/1 1444/1055/1 49/1056/1
f 49/1056/1 1444/1055/1 1445/1057/1 708/1058/1
f 708/1058/1 1445/1057/1 1442/1053/1 223/319/1
f 368/1059/1 1446/1060/1 1447/1061/1 622/1062/1
f 622/1062/1 1447/1061/1 1448/1063/1 286/1064/1
f 286/1064/1 1448/1063/1 1449/1065/1 515/944/1
f 515/944/1 1449/1065/1 1446/1060/1 368/1059/1
f 206/286/1 1450/1066/1 1451/1067/1 736/1068/1
f 736/1068/1 1451/1067/1 1452/1069/1 40/259/1
f 40/259/1 1452/1069/1 1453/1070/1 732/285/1
f 732/285/1 1453/1070/1 1450/1066/1 206/286/1
f 285/1071/1 1454/1072/1 1455/1073/1 623/554/1
f 623/554/1 1455/1073/1 1456/1074/1 369/552/1
f 369/552/1 1456/1074/1 1457/1075/1 514/906/1
f 514/906/1 1457/1075/1 1454/1072/1 285/1071/1
f 292/1076/1 1458/1077/1 1459/1078/1 608/566/1
f 608/566/1 1459/1078/1 1460/1079/1 96/1080/1
f 96/1080/1 1460/1079/1 1461/1081/1 518/505/1
f 518/505/1 1461/1081/1 1458/1077/1 292/1076/1
f 362/596/1 1462/1082/1 1463/1083/1 604/496/1
f 604/496/1 1463/1083/1 1464/1084/1 298/1085/1
f 298/1085/1 1464/1084/1 1465/1086/1 521/598/1
f 521/598/1 1465/1086/1 1462/1082/1 362/596/1
f 161/1087/1 1466/1088/1 1467/1089/1 800/104/1
f 800/104/1 1467/1089/1 1468/1090/1 428/102/1
f 428/102/1 1468/1090/1 1469/1091/1 455/1092/1
f 455/1092/1 1469/1091/1 1466/1088/1 161/1087/1
f 79/1093/1 1470/1094/1 1471/1095/1 656/1096/1
f 656/1096/1 1471/1095/1 1472/1097/1 262/512/1
f 262/512/1 1472/1097/1 1473/1098/1 627/519/1
f 627/519/1 1473/1098/1 1470/1094/1 79/1093/1
f 263/1099/1 1474/1100/1 1475/1101/1 650/1102/1
f 650/1102/1 1475/1101/1 1476/1103/1 81/1104/1
f 81/1104/1 1476/1103/1 1477/1105/1 504/1106/1
f 504/1106/1 1477/1105/1 1474/1100/1 263/1099/1
f 198/1107/1 1478/1108/1 1479/1109/1 748/1110/1
f 748/1110/1 1479/1109/1 1480/1111/1 36/1112/1
f 36/1112/1 1480/1111/1 1481/1113/1 744/1114/1
f 744/1114/1 1481/1113/1 1478/1108/1 198/1107/1
f 284/899/1 1482/1115/1 1483/1116/1 621/1117/1
f 621/1117/1 1483/1116/1 1484/1118/1 368/1059/1
f 368/1059/1 1484/1118/1 1485/1119/1 620/902/1
f 620/902/1 1485/1119/1 1482/1115/1 284/899/1
f 188/278/1 1486/1120/1 1487/1121/1 761/257/1
f 761/257/1 1487/1121/1 1488/1122/1 415/1123/1
f 415/1123/1 1488/1122/1 1489/1124/1 468/1125/1
f 468/1125/1 1489/1124/1 1486/1120/1 188/278/1
f 233/1126/1 1490/1127/1 1491/1128/1 693/410/1
f 693/410/1 1491/1128/1 1492/1129/1 392/408/1
f 392/408/1 1492/1129/1 1493/1130/1 692/1131/1
f 692/1131/1 1493/1130/1 1490/1127/1 233/1126/1
f 167/1132/1 1494/1133/1 1495/1134/1 763/1135/1
f 763/1135/1 1495/1134/1 1496/1136/1 415/1123/1
f 415/1123/1 1496/1136/1 1497/1137/1 762/1138/1
f 762/1138/1 1497/1137/1 1494/1133/1 167/1132/1
f 81/1104/1 1498/1139/1 1499/1140/1 650/1102/1
f 650/1102/1 1499/1140/1 1500/1141/1 266/1142/1
f 266/1142/1 1500/1141/1 1501/1143/1 621/1117/1
f 621/1117/1 1501/1143/1 1498/1139/1 81/1104/1
f 251/349/1 1502/1144/1 1503/1145/1 643/347/1
f 643/347/1 1503/1145/1 1504/1146/1 375/1147/1
f 375/1147/1 1504/1146/1 1505/1148/1 642/1149/1
f 642/1149/1 1505/1148/1 1502/1144/1 251/349/1
f 261/1150/1 1506/1151/1 1507/1152/1 653/1153/1
f 653/1153/1 1507/1152/1 1508/1154/1 80/893/1
f 80/893/1 1508/1154/1 1509/1155/1 503/1156/1
f 503/1156/1 1509/1155/1 1506/1151/1 261/1150/1
f 167/1157/1 1510/1158/1 1511/1159/1 791/1044/1
f 791/1044/1 1511/1159/1 1512/1160/1 425/167/1
f 425/167/1 1512/1160/1 1513/1161/1 458/1162/1
f 458/1162/1 1513/1161/1 1510/1158/1 167/1157/1
f 19/1163/1 1514/1164/1 1515/1165/1 818/8/1
f 818/8/1 1515/1165/1 1516/1166/1 146/1167/1
f 146/1167/1 1516/1166/1 1517/1168/1 789/580/1
f 789/580/1 1517/1168/1 1514/1164/1 19/1163/1
f 263/1099/1 1518/1169/1 1519/1170/1 651/1171/1
f 651/1171/1 1519/1170/1 1520/1172/1 378/1173/1
f 378/1173/1 1520/1172/1 1521/1174/1 650/1102/1
f 650/1102/1 1521/1174/1 1518/1169/1 263/1099/1
f 246/360/1 1522/1175/1 1523/1176/1 674/414/1
f 674/414/1 1523/1176/1 1524/1177/1 72/411/1
f 72/411/1 1524/1177/1 1525/1178/1 496/1179/1
f 496/1179/1 1525/1178/1 1522/1175/1 246/360/1
f 54/1180/1 1526/1181/1 1527/1182/1 697/1183/1
f 697/1183/1 1527/1182/1 1528/1184/1 213/1185/1
f 213/1185/1 1528/1184/1 1529/1186/1 480/1187/1
f 480/1187/1 1529/1186/1 1526/1181/1 54/1180/1
f 74/344/1 1530/1188/1 1531/1189/1 668/472/1
f 668/472/1 1531/1189/1 1532/1190/1 253/469/1
f 253/469/1 1532/1190/1 1533/1191/1 639/1192/1
f 639/1192/1 1533/1191/1 1530/1188/1 74/344/1
f 92/904/1 1534/1193/1 1535/1194/1 620/902/1
f 620/902/1 1535/1194/1 1536/1195/1 287/932/1
f 287/932/1 1536/1195/1 1537/1196/1 591/938/1
f 591/938/1 1537/1196/1 1534/1193/1 92/904/1
f 158/97/1 1538/1197/1 1539/1198/1 800/104/1
f 800/104/1 1539/1198/1 1540/1199/1 26/1200/1
f 26/1200/1 1540/1199/1 1541/1201/1 454/1202/1
f 454/1202/1 1541/1201/1 1538/1197/1 158/97/1
f 15/1203/1 1542/1204/1 1543/1205/1 830/1206/1
f 830/1206/1 1543/1205/1 1544/1207/1 134/1208/1
f 134/1208/1 1544/1207/1 1545/1209/1 801/100/1
f 801/100/1 1545/1209/1 1542/1204/1 15/1203/1
f 133/30/1 1546/1210/1 1547/1211/1 827/1212/1
f 827/1212/1 1547/1211/1 1548/1213/1 16/1214/1
f 16/1214/1 1548/1213/1 1549/1215/1 445/32/1
f 445/32/1 1549/1215/1 1546/1210/1 133/30/1
f 293/422/1 1550/1216/1 1551/1217/1 583/1218/1
f 583/1218/1 1551/1217/1 1552/1219/1 355/1220/1
f 355/1220/1 1552/1219/1 1553/1221/1 582/424/1
f 582/424/1 1553/1221/1 1550/1216/1 293/422/1
f 75/1222/1 1554/1223/1 1555/1224/1 665/1225/1
f 665/1225/1 1555/1224/1 1556/1226/1 255/583/1
f 255/583/1 1556/1226/1 1557/1227/1 636/590/1
f 636/590/1 1557/1227/1 1554/1223/1 75/1222/1
f 29/1046/1 1558/1228/1 1559/1229/1 791/1044/1
f 791/1044/1 1559/1229/1 1560/1230/1 167/1132/1
f 167/1132/1 1560/1230/1 1561/1231/1 762/1138/1
f 762/1138/1 1561/1231/1 1558/1228/1 29/1046/1
f 323/1232/1 1562/1233/1 1563/1234/1 569/678/1
f 569/678/1 1563/1234/1 1564/1235/1 351/676/1
f 351/676/1 1564/1235/1 1565/1236/1 532/1237/1
f 532/1237/1 1565/1236/1 1562/1233/1 323/1232/1
f 282/547/1 1566/1238/1 1567/1239/1 623/554/1
f 623/554/1 1567/1239/1 1568/1240/1 91/599/1
f 91/599/1 1568/1240/1 1569/1241/1 513/606/1
f 513/606/1 1569/1241/1 1566/1238/1 282/547/1
f 307/322/1 1570/1242/1 1571/1243/1 588/924/1
f 588/924/1 1571/1243/1 1572/1244/1 357/922/1
f 357/922/1 1572/1244/1 1573/1245/1 587/325/1
f 587/325/1 1573/1245/1 1570/1242/1 307/322/1
f 65/1246/1 1574/1247/1 1575/1248/1 667/909/1
f 667/909/1 1575/1248/1 1576/1249/1 234/22/1
f 234/22/1 1576/1249/1 1577/1250/1 490/1251/1
f 490/1251/1 1577/1250/1 1574/1247/1 65/1246/1
f 181/178/1 1578/1252/1 1579/1253/1 767/185/1
f 767/185/1 1579/1253/1 1580/1254/1 38/1255/1
f 38/1255/1 1580/1254/1 1581/1256/1 465/1257/1
f 465/1257/1 1581/1256/1 1578/1252/1 181/178/1
f 385/462/1 1582/1258/1 1583/1259/1 673/1260/1
f 673/1260/1 1583/1259/1 1584/1261/1 250/1262/1
f 250/1262/1 1584/1261/1 1585/1263/1 498/351/1
f 498/351/1 1585/1263/1 1582/1258/1 385/462/1
f 229/541/1 1586/1264/1 1587/1265/1 698/1266/1
f 698/1266/1 1587/1265/1 1588/1267/1 63/1268/1
f 63/1268/1 1588/1267/1 1589/1269/1 488/1270/1
f 488/1270/1 1589/1269/1 1586/1264/1 229/541/1
f 228/1271/1 1590/1272/1 1591/1273/1 676/1274/1
f 676/1274/1 1591/1273/1 1592/1275/1 386/1276/1
f 386/1276/1 1592/1275/1 1593/1277/1 675/366/1
f 675/366/1 1593/1277/1 1590/1272/1 228/1271/1
f 244/1278/1 1594/1279/1 1595/1280/1 677/1281/1
f 677/1281/1 1595/1280/1 1596/1282/1 71/1283/1
f 71/1283/1 1596/1282/1 1597/1284/1 495/1285/1
f 495/1285/1 1597/1284/1 1594/1279/1 244/1278/1
f 226/1286/1 1598/1287/1 1599/1288/1 679/363/1
f 679/363/1 1599/1288/1 1600/1289/1 387/1290/1
f 387/1290/1 1600/1289/1 1601/1291/1 678/1292/1
f 678/1292/1 1601/1291/1 1598/1287/1 226/1286/1
f 58/1293/1 1602/1294/1 1603/1295/1 713/1296/1
f 713/1296/1 1603/1295/1 1604/1297/1 222/395/1
f 222/395/1 1604/1297/1 1605/1298/1 684/402/1
f 684/402/1 1605/1298/1 1602/1294/1 58/1293/1
f 50/1299/1 1606/1300/1 1607/1301/1 734/277/1
f 734/277/1 1607/1301/1 1608/1302/1 207/1303/1
f 207/1303/1 1608/1302/1 1609/1304/1 705/1305/1
f 705/1305/1 1609/1304/1 1606/1300/1 50/1299/1
f 204/270/1 1610/1306/1 1611/1307/1 739/1308/1
f 739/1308/1 1611/1307/1 1612/1309/1 39/1310/1
f 39/1310/1 1612/1309/1 1613/1311/1 735/273/1
f 735/273/1 1613/1311/1 1610/1306/1 204/270/1
f 246/360/1 1614/1312/1 1615/1313/1 675/366/1
f 675/366/1 1615/1313/1 1616/1314/1 386/1276/1
f 386/1276/1 1616/1314/1 1617/1315/1 674/414/1
f 674/414/1 1617/1315/1 1614/1312/1 246/360/1
f 133/30/1 1618/1316/1 1619/1317/1 832/28/1
f 832/28/1 1619/1317/1 1620/1318/1 5/1319/1
f 5/1319/1 1620/1318/1 1621/1320/1 828/1321/1
f 828/1321/1 1621/1320/1 1618/1316/1 133/30/1
f 175/1322/1 1622/1323/1 1623/1324/1 777/769/1
f 777/769/1 1623/1324/1 1624/1325/1 420/767/1
f 420/767/1 1624/1325/1 1625/1326/1 776/1327/1
f 776/1327/1 1625/1326/1 1622/1323/1 175/1322/1
f 128/1328/1 1626/1329/1 1627/1330/1 836/302/1
f 836/302/1 1627/1330/1 1628/1331/1 440/1332/1
f 440/1332/1 1628/1331/1 1629/1333/1 443/1334/1
f 443/1334/1 1629/1333/1 1626/1329/1 128/1328/1
f 31/384/1 1630/1335/1 1631/1336/1 760/205/1
f 760/205/1 1631/1336/1 1632/1337/1 169/571/1
f 169/571/1 1632/1337/1 1633/1338/1 459/96/1
f 459/96/1 1633/1338/1 1630/1335/1 31/384/1
f 400/372/1 1634/1339/1 1635/1340/1 718/157/1
f 718/157/1 1635/1340/1 1636/1341/1 219/1342/1
f 219/1342/1 1636/1341/1 1637/1343/1 483/1344/1
f 483/1344/1 1637/1343/1 1634/1339/1 400/372/1
f 392/408/1 1638/1345/1 1639/1346/1 694/406/1
f 694/406/1 1639/1346/1 1640/1347/1 235/1348/1
f 235/1348/1 1640/1347/1 1641/1349/1 491/1350/1
f 491/1350/1 1641/1349/1 1638/1345/1 392/408/1
f 104/327/1 1642/1351/1 1643/1352/1 587/325/1
f 587/325/1 1643/1352/1 1644/1353/1 310/810/1
f 310/810/1 1644/1353/1 1645/1354/1 558/1355/1
f 558/1355/1 1645/1354/1 1642/1351/1 104/327/1
f 160/1356/1 1646/1357/1 1647/1358/1 797/1359/1
f 797/1359/1 1647/1358/1 1648/1360/1 27/1361/1
f 27/1361/1 1648/1360/1 1649/1362/1 455/1092/1
f 455/1092/1 1649/1362/1 1646/1357/1 160/1356/1
f 195/1363/1 1650/1364/1 1651/1365/1 750/1366/1
f 750/1366/1 1651/1365/1 1652/1367/1 411/1368/1
f 411/1368/1 1652/1367/1 1653/1369/1 749/1370/1
f 749/1370/1 1653/1369/1 1650/1364/1 195/1363/1
f 207/1303/1 1654/1371/1 1655/1372/1 706/1373/1
f 706/1373/1 1655/1372/1 1656/1374/1 396/1375/1
f 396/1375/1 1656/1374/1 1657/1376/1 705/1305/1
f 705/1305/1 1657/1376/1 1654/1371/1 207/1303/1
f 208/1377/1 1658/1378/1 1659/1379/1 729/1380/1
f 729/1380/1 1659/1379/1 1660/1381/1 404/1382/1
f 404/1382/1 1660/1381/1 1661/1383/1 728/295/1
f 728/295/1 1661/1383/1 1658/1378/1 208/1377/1
f 250/1262/1 1662/1384/1 1663/1385/1 673/1260/1
f 673/1260/1 1663/1385/1 1664/1386/1 63/1268/1
f 63/1268/1 1664/1386/1 1665/1387/1 669/1388/1
f 669/1388/1 1665/1387/1 1662/1384/1 250/1262/1
f 211/297/1 1666/1389/1 1667/1390/1 700/448/1
f 700/448/1 1667/1390/1 1668/1391/1 394/1392/1
f 394/1392/1 1668/1391/1 1669/1393/1 699/299/1
f 699/299/1 1669/1393/1 1666/1389/1 211/297/1
f 219/1394/1 1670/1395/1 1671/1396/1 714/1397/1
f 714/1397/1 1671/1396/1 1672/1398/1 399/352/1
f 399/352/1 1672/1398/1 1673/1399/1 713/1296/1
f 713/1296/1 1673/1399/1 1670/1395/1 219/1394/1
f 224/341/1 1674/1400/1 1675/1401/1 682/1402/1
f 682/1402/1 1675/1401/1 1676/1403/1 388/1404/1
f 388/1404/1 1676/1403/1 1677/1405/1 681/343/1
f 681/343/1 1677/1405/1 1674/1400/1 224/341/1
f 221/357/1 1678/1406/1 1679/1407/1 711/1408/1
f 711/1408/1 1679/1407/1 1680/1409/1 398/314/1
f 398/314/1 1680/1409/1 1681/1410/1 710/339/1
f 710/339/1 1681/1410/1 1678/1406/1 221/357/1
f 64/17/1 1682/1411/1 1683/1412/1 670/916/1
f 670/916/1 1683/1412/1 1684/1413/1 232/1414/1
f 232/1414/1 1684/1413/1 1685/1415/1 489/1416/1
f 489/1416/1 1685/1415/1 1682/1411/1 64/17/1
f 224/341/1 1686/1417/1 1687/1418/1 710/339/1
f 710/339/1 1687/1418/1 1688/1419/1 398/314/1
f 398/314/1 1688/1419/1 1689/1420/1 485/321/1
f 485/321/1 1689/1420/1 1686/1417/1 224/341/1
f 49/1056/1 1690/1421/1 1691/1422/1 737/1423/1
f 737/1423/1 1691/1422/1 1692/1424/1 205/1425/1
f 205/1425/1 1692/1424/1 1693/1426/1 708/1058/1
f 708/1058/1 1693/1426/1 1690/1421/1 49/1056/1
f 408/251/1 1694/1427/1 1695/1428/1 742/1429/1
f 742/1429/1 1695/1428/1 1696/1430/1 202/1431/1
f 202/1431/1 1696/1430/1 1697/1432/1 475/253/1
f 475/253/1 1697/1432/1 1694/1427/1 408/251/1
f 265/1433/1 1698/1434/1 1699/1435/1 648/1436/1
f 648/1436/1 1699/1435/1 1700/1437/1 377/1438/1
f 377/1438/1 1700/1437/1 1701/1439/1 647/1440/1
f 647/1440/1 1701/1439/1 1698/1434/1 265/1433/1
f 401/1441/1 1702/1442/1 1703/1443/1 721/1444/1
f 721/1444/1 1703/1443/1 1704/1445/1 217/367/1
f 217/367/1 1704/1445/1 1705/1446/1 482/1447/1
f 482/1447/1 1705/1446/1 1702/1442/1 401/1441/1
f 259/1448/1 1706/1449/1 1707/1450/1 657/1451/1
f 657/1451/1 1707/1450/1 1708/1452/1 380/1453/1
f 380/1453/1 1708/1452/1 1709/1454/1 656/1096/1
f 656/1096/1 1709/1454/1 1706/1449/1 259/1448/1
f 199/159/1 1710/1455/1 1711/1456/1 746/536/1
f 746/536/1 1711/1456/1 1712/1457/1 410/1458/1
f 410/1458/1 1712/1457/1 1713/1459/1 473/161/1
f 473/161/1 1713/1459/1 1710/1455/1 199/159/1
f 370/517/1 1714/1460/1 1715/1461/1 628/515/1
f 628/515/1 1715/1461/1 1716/1462/1 282/889/1
f 282/889/1 1716/1462/1 1717/1463/1 513/606/1
f 513/606/1 1717/1463/1 1714/1460/1 370/517/1
f 402/1464/1 1718/1465/1 1719/1466/1 724/1467/1
f 724/1467/1 1719/1466/1 1720/1468/1 214/1469/1
f 214/1469/1 1720/1468/1 1721/1470/1 481/1471/1
f 481/1471/1 1721/1470/1 1718/1465/1 402/1464/1
f 259/1448/1 1722/1472/1 1723/1473/1 656/1096/1
f 656/1096/1 1723/1473/1 1724/1474/1 79/1093/1
f 79/1093/1 1724/1474/1 1725/1475/1 502/1476/1
f 502/1476/1 1725/1475/1 1722/1472/1 259/1448/1
f 363/1477/1 1726/1478/1 1727/1479/1 607/1480/1
f 607/1480/1 1727/1479/1 1728/1481/1 296/829/1
f 296/829/1 1728/1481/1 1729/1482/1 520/1483/1
f 520/1483/1 1729/1482/1 1726/1478/1 363/1477/1
f 42/490/1 1730/1484/1 1731/1485/1 730/488/1
f 730/488/1 1731/1485/1 1732/1486/1 190/226/1
f 190/226/1 1732/1486/1 1733/1487/1 469/232/1
f 469/232/1 1733/1487/1 1730/1484/1 42/490/1
f 196/526/1 1734/1488/1 1735/1489/1 747/533/1
f 747/533/1 1735/1489/1 1736/1490/1 410/1458/1
f 410/1458/1 1736/1490/1 1737/1491/1 746/536/1
f 746/536/1 1737/1491/1 1734/1488/1 196/526/1
f 35/531/1 1738/1492/1 1739/1493/1 751/529/1
f 751/529/1 1739/1493/1 1740/1494/1 176/1495/1
f 176/1495/1 1740/1494/1 1741/1496/1 462/1497/1
f 462/1497/1 1741/1496/1 1738/1492/1 35/531/1
f 404/1382/1 1742/1498/1 1743/1499/1 730/488/1
f 730/488/1 1743/1499/1 1744/1500/1 210/485/1
f 210/485/1 1744/1500/1 1745/1501/1 479/468/1
f 479/468/1 1745/1501/1 1742/1498/1 404/1382/1
f 30/1502/1 1746/1503/1 1747/1504/1 763/1135/1
f 763/1135/1 1747/1504/1 1748/1505/1 167/1157/1
f 167/1157/1 1748/1505/1 1749/1506/1 458/1162/1
f 458/1162/1 1749/1506/1 1746/1503/1 30/1502/1
f 198/506/1 1750/1507/1 1751/1508/1 744/1114/1
f 744/1114/1 1751/1508/1 1752/1509/1 409/1510/1
f 409/1510/1 1752/1509/1 1753/1511/1 743/509/1
f 743/509/1 1753/1511/1 1750/1507/1 198/506/1
f 250/1262/1 1754/1512/1 1755/1513/1 668/472/1
f 668/472/1 1755/1513/1 1756/1514/1 74/344/1
f 74/344/1 1756/1514/1 1757/1515/1 498/351/1
f 498/351/1 1757/1515/1 1754/1512/1 250/1262/1
f 200/686/1 1758/1516/1 1759/1517/1 741/1518/1
f 741/1518/1 1759/1517/1 1760/1519/1 408/251/1
f 408/251/1 1760/1519/1 1761/1520/1 740/249/1
f 740/249/1 1761/1520/1 1758/1516/1 200/686/1
f 46/538/1 1762/1521/1 1763/1522/1 721/1444/1
f 721/1444/1 1763/1522/1 1764/1523/1 197/1524/1
f 197/1524/1 1764/1523/1 1765/1525/1 472/540/1
f 472/540/1 1765/1525/1 1762/1521/1 46/538/1
f 182/1526/1 1766/1527/1 1767/1528/1 742/1429/1
f 742/1429/1 1767/1528/1 1768/1529/1 408/251/1
f 408/251/1 1768/1529/1 1769/1530/1 741/1518/1
f 741/1518/1 1769/1530/1 1766/1527/1 182/1526/1
f 329/1531/1 1770/1532/1 1771/1533/1 560/805/1
f 560/805/1 1771/1533/1 1772/1534/1 348/803/1
f 348/803/1 1772/1534/1 1773/1535/1 535/818/1
f 535/818/1 1773/1535/1 1770/1532/1 329/1531/1
f 180/1536/1 1774/1537/1 1775/1538/1 745/1539/1
f 745/1539/1 1775/1538/1 1776/1540/1 409/1510/1
f 409/1510/1 1776/1540/1 1777/1541/1 744/1114/1
f 744/1114/1 1777/1541/1 1774/1537/1 180/1536/1
f 96/1080/1 1778/1542/1 1779/1543/1 583/1218/1
f 583/1218/1 1779/1543/1 1780/1544/1 293/422/1
f 293/422/1 1780/1544/1 1781/1545/1 518/505/1
f 518/505/1 1781/1545/1 1778/1542/1 96/1080/1
f 411/1368/1 1782/1546/1 1783/1547/1 751/529/1
f 751/529/1 1783/1547/1 1784/1548/1 196/526/1
f 196/526/1 1784/1548/1 1785/1549/1 472/540/1
f 472/540/1 1785/1549/1 1782/1546/1 411/1368/1
f 236/1550/1 1786/1551/1 1787/1552/1 664/1553/1
f 664/1553/1 1787/1552/1 1788/1554/1 382/1555/1
f 382/1555/1 1788/1554/1 1789/1556/1 663/1557/1
f 663/1557/1 1789/1556/1 1786/1551/1 236/1550/1
f 410/1458/1 1790/1558/1 1791/1559/1 748/1110/1
f 748/1110/1 1791/1559/1 1792/1560/1 198/1107/1
f 198/1107/1 1792/1560/1 1793/1561/1 473/161/1
f 473/161/1 1793/1561/1 1790/1558/1 410/1458/1
f 110/1562/1 1794/1563/1 1795/1564/1 544/731/1
f 544/731/1 1795/1564/1 1796/1565/1 320/728/1
f 320/728/1 1796/1565/1 1797/1566/1 531/977/1
f 531/977/1 1797/1566/1 1794/1563/1 110/1562/1
f 179/1567/1 1798/1568/1 1799/1569/1 770/1570/1
f 770/1570/1 1799/1569/1 1800/1571/1 37/1572/1
f 37/1572/1 1800/1571/1 1801/1573/1 464/1574/1
f 464/1574/1 1801/1573/1 1798/1568/1 179/1567/1
f 57/1575/1 1802/1576/1 1803/1577/1 716/374/1
f 716/374/1 1803/1577/1 1804/1578/1 220/1579/1
f 220/1579/1 1804/1578/1 1805/1580/1 687/52/1
f 687/52/1 1805/1580/1 1802/1576/1 57/1575/1
f 287/932/1 1806/1581/1 1807/1582/1 620/902/1
f 620/902/1 1807/1582/1 1808/1583/1 368/1059/1
f 368/1059/1 1808/1583/1 1809/1584/1 515/944/1
f 515/944/1 1809/1584/1 1806/1581/1 287/932/1
f 98/736/1 1810/1585/1 1811/1586/1 577/717/1
f 577/717/1 1811/1586/1 1812/1587/1 297/714/1
f 297/714/1 1812/1587/1 1813/1588/1 520/1483/1
f 520/1483/1 1813/1588/1 1810/1585/1 98/736/1
f 182/1526/1 1814/1589/1 1815/1590/1 770/1570/1
f 770/1570/1 1815/1590/1 1816/1591/1 418/1592/1
f 418/1592/1 1816/1591/1 1817/1593/1 465/1257/1
f 465/1257/1 1817/1593/1 1814/1589/1 182/1526/1
f 96/1080/1 1818/1594/1 1819/1595/1 608/566/1
f 608/566/1 1819/1595/1 1820/1596/1 295/563/1
f 295/563/1 1820/1596/1 1821/1597/1 579/879/1
f 579/879/1 1821/1597/1 1818/1594/1 96/1080/1
f 105/267/1 1822/1598/1 1823/1599/1 584/265/1
f 584/265/1 1823/1599/1 1824/1600/1 312/790/1
f 312/790/1 1824/1600/1 1825/1601/1 555/797/1
f 555/797/1 1825/1601/1 1822/1598/1 105/267/1
f 431/86/1 1826/1602/1 1827/1603/1 811/724/1
f 811/724/1 1827/1603/1 1828/1604/1 154/1605/1
f 154/1605/1 1828/1604/1 1829/1606/1 452/664/1
f 452/664/1 1829/1606/1 1826/1602/1 431/86/1
f 161/1607/1 1830/1608/1 1831/1609/1 772/1610/1
f 772/1610/1 1831/1609/1 1832/1611/1 418/1592/1
f 418/1592/1 1832/1611/1 1833/1612/1 771/1613/1
f 771/1613/1 1833/1612/1 1830/1608/1 161/1607/1
f 85/125/1 1834/1614/1 1835/1615/1 613/1616/1
f 613/1616/1 1835/1615/1 1836/1617/1 272/1618/1
f 272/1618/1 1836/1617/1 1837/1619/1 508/127/1
f 508/127/1 1837/1619/1 1834/1614/1 85/125/1
f 227/1620/1 1838/1621/1 1839/1622/1 701/1623/1
f 701/1623/1 1839/1622/1 1840/1624/1 62/1625/1
f 62/1625/1 1840/1624/1 1841/1626/1 487/1627/1
f 487/1627/1 1841/1626/1 1838/1621/1 227/1620/1
f 286/1064/1 1842/1628/1 1843/1629/1 618/620/1
f 618/620/1 1843/1629/1 1844/1630/1 367/618/1
f 367/618/1 1844/1630/1 1845/1631/1 617/1632/1
f 617/1632/1 1845/1631/1 1842/1628/1 286/1064/1
f 418/1592/1 1846/1633/1 1847/1634/1 772/1610/1
f 772/1610/1 1847/1634/1 1848/1635/1 181/178/1
f 181/178/1 1848/1635/1 1849/1636/1 465/1257/1
f 465/1257/1 1849/1636/1 1846/1633/1 418/1592/1
f 164/669/1 1850/1637/1 1851/1638/1 796/667/1
f 796/667/1 1851/1638/1 1852/1639/1 18/1640/1
f 18/1640/1 1852/1639/1 1853/1641/1 792/169/1
f 792/169/1 1853/1641/1 1850/1637/1 164/669/1
f 159/1642/1 1854/1643/1 1855/1644/1 775/1645/1
f 775/1645/1 1855/1644/1 1856/1646/1 419/1647/1
f 419/1647/1 1856/1646/1 1857/1648/1 774/951/1
f 774/951/1 1857/1648/1 1854/1643/1 159/1642/1
f 299/591/1 1858/1649/1 1859/1650/1 574/968/1
f 574/968/1 1859/1650/1 1860/1651/1 352/975/1
f 352/975/1 1860/1651/1 1861/1652/1 573/741/1
f 573/741/1 1861/1652/1 1858/1649/1 299/591/1
f 24/1653/1 1862/1654/1 1863/1655/1 806/1656/1
f 806/1656/1 1863/1655/1 1864/1657/1 157/762/1
f 157/762/1 1864/1657/1 1865/1658/1 777/769/1
f 777/769/1 1865/1658/1 1862/1654/1 24/1653/1
f 33/1659/1 1866/1660/1 1867/1661/1 754/1662/1
f 754/1662/1 1867/1661/1 1868/1663/1 173/1664/1
f 173/1664/1 1868/1663/1 1869/1665/1 461/1666/1
f 461/1666/1 1869/1665/1 1866/1660/1 33/1659/1
f 294/611/1 1870/1667/1 1871/1668/1 606/1669/1
f 606/1669/1 1871/1668/1 1872/1670/1 363/1477/1
f 363/1477/1 1872/1670/1 1873/1671/1 605/988/1
f 605/988/1 1873/1671/1 1870/1667/1 294/611/1
f 126/1672/1 1874/1673/1 1875/1674/1 838/1675/1
f 838/1675/1 1875/1674/1 1876/1676/1 440/1332/1
f 440/1332/1 1876/1676/1 1877/1677/1 837/133/1
f 837/133/1 1877/1677/1 1874/1673/1 126/1672/1
f 13/304/1 1878/1678/1 1879/1679/1 836/302/1
f 836/302/1 1879/1679/1 1880/1680/1 128/1328/1
f 128/1328/1 1880/1680/1 1881/1681/1 807/1682/1
f 807/1682/1 1881/1681/1 1878/1678/1 13/304/1
f 43/1683/1 1882/1684/1 1883/1685/1 752/436/1
f 752/436/1 1883/1685/1 1884/1686/1 194/433/1
f 194/433/1 1884/1686/1 1885/1687/1 723/1688/1
f 723/1688/1 1885/1687/1 1882/1684/1 43/1683/1
f 280/1689/1 1886/1690/1 1887/1691/1 626/1692/1
f 626/1692/1 1887/1691/1 1888/1693/1 90/1694/1
f 90/1694/1 1888/1693/1 1889/1695/1 512/1696/1
f 512/1696/1 1889/1695/1 1886/1690/1 280/1689/1
f 12/1697/1 1890/1698/1 1891/1699/1 839/1700/1
f 839/1700/1 1891/1699/1 1892/1701/1 125/726/1
f 125/726/1 1892/1701/1 1893/1702/1 810/84/1
f 810/84/1 1893/1702/1 1890/1698/1 12/1697/1
f 429/1703/1 1894/1704/1 1895/1705/1 805/1706/1
f 805/1706/1 1895/1705/1 1896/1707/1 158/97/1
f 158/97/1 1896/1707/1 1897/1708/1 454/1202/1
f 454/1202/1 1897/1708/1 1894/1704/1 429/1703/1
f 73/1709/1 1898/1710/1 1899/1711/1 646/197/1
f 646/197/1 1899/1711/1 1900/1712/1 249/194/1
f 249/194/1 1900/1712/1 1901/1713/1 497/1714/1
f 497/1714/1 1901/1713/1 1898/1710/1 73/1709/1
f 37/1572/1 1902/1715/1 1903/1716/1 745/1539/1
f 745/1539/1 1903/1716/1 1904/1717/1 180/1536/1
f 180/1536/1 1904/1717/1 1905/1718/1 464/1574/1
f 464/1574/1 1905/1718/1 1902/1715/1 37/1572/1
f 338/711/1 1906/1719/1 1907/1720/1 547/36/1
f 547/36/1 1907/1720/1 1908/1721/1 109/33/1
f 109/33/1 1908/1721/1 1909/1722/1 543/735/1
f 543/735/1 1909/1722/1 1906/1719/1 338/711/1
f 346/795/1 1910/1723/1 1911/1724/1 556/793/1
f 556/793/1 1911/1724/1 1912/1725/1 332/1726/1
f 332/1726/1 1912/1725/1 1913/1727/1 537/1728/1
f 537/1728/1 1913/1727/1 1910/1723/1 346/795/1
f 386/1276/1 1914/1729/1 1915/1730/1 676/1274/1
f 676/1274/1 1915/1730/1 1916/1731/1 248/701/1
f 248/701/1 1916/1731/1 1917/1732/1 497/1714/1
f 497/1714/1 1917/1732/1 1914/1729/1 386/1276/1
f 289/70/1 1918/1733/1 1919/1734/1 617/1632/1
f 617/1632/1 1919/1734/1 1920/1735/1 367/618/1
f 367/618/1 1920/1735/1 1921/1736/1 516/72/1
f 516/72/1 1921/1736/1 1918/1733/1 289/70/1
f 143/162/1 1922/1737/1 1923/1738/1 821/1739/1
f 821/1739/1 1923/1738/1 1924/1740/1 435/1741/1
f 435/1741/1 1924/1740/1 1925/1742/1 448/1743/1
f 448/1743/1 1925/1742/1 1922/1737/1 143/162/1
f 427/1744/1 1926/1745/1 1927/1746/1 799/1747/1
f 799/1747/1 1927/1746/1 1928/1748/1 162/112/1
f 162/112/1 1928/1748/1 1929/1749/1 456/1750/1
f 456/1750/1 1929/1749/1 1926/1745/1 427/1744/1
f 219/1342/1 1930/1751/1 1931/1752/1 718/157/1
f 718/157/1 1931/1752/1 1932/1753/1 47/154/1
f 47/154/1 1932/1753/1 1933/1754/1 714/1397/1
f 714/1397/1 1933/1754/1 1930/1751/1 219/1342/1
f 90/1694/1 1934/1755/1 1935/1756/1 626/1692/1
f 626/1692/1 1935/1756/1 1936/1757/1 283/604/1
f 283/604/1 1936/1757/1 1937/1758/1 597/652/1
f 597/652/1 1937/1758/1 1934/1755/1 90/1694/1
f 20/1759/1 1938/1760/1 1939/1761/1 790/92/1
f 790/92/1 1939/1761/1 1940/1762/1 146/1167/1
f 146/1167/1 1940/1762/1 1941/1763/1 449/445/1
f 449/445/1 1941/1763/1 1938/1760/1 20/1759/1
f 139/1764/1 1942/1765/1 1943/1766/1 822/1767/1
f 822/1767/1 1943/1766/1 1944/1768/1 435/1741/1
f 435/1741/1 1944/1768/1 1945/1769/1 821/1739/1
f 821/1739/1 1945/1769/1 1942/1765/1 139/1764/1
f 322/1770/1 1946/1771/1 1947/1772/1 571/1773/1
f 571/1773/1 1947/1772/1 1948/1774/1 101/1775/1
f 101/1775/1 1948/1774/1 1949/1776/1 567/839/1
f 567/839/1 1949/1776/1 1946/1771/1 322/1770/1
f 440/1332/1 1950/1777/1 1951/1778/1 838/1675/1
f 838/1675/1 1951/1778/1 1952/1779/1 127/1780/1
f 127/1780/1 1952/1779/1 1953/1781/1 443/1334/1
f 443/1334/1 1953/1781/1 1950/1777/1 440/1332/1
f 185/254/1 1954/1782/1 1955/1783/1 766/624/1
f 766/624/1 1955/1783/1 1956/1784/1 29/621/1
f 29/621/1 1956/1784/1 1957/1785/1 762/1138/1
f 762/1138/1 1957/1785/1 1954/1782/1 185/254/1
f 154/1605/1 1958/1786/1 1959/1787/1 807/1682/1
f 807/1682/1 1959/1787/1 1960/1788/1 430/1789/1
f 430/1789/1 1960/1788/1 1961/1790/1 806/1656/1
f 806/1656/1 1961/1790/1 1958/1786/1 154/1605/1
f 10/482/1 1962/1791/1 1963/1792/1 150/1793/1
f 150/1793/1 1963/1792/1 1964/1794/1 813/484/1
f 813/484/1 1964/1794/1 1962/1791/1 10/482/1
f 150/1793/1 1965/1795/1 1966/1796/1 11/1797/1
f 11/1797/1 1966/1796/1 1967/1798/1 814/928/1
f 814/928/1 1967/1798/1 1965/1795/1 150/1793/1
f 274/868/1 1968/1799/1 1969/1800/1 638/123/1
f 638/123/1 1969/1800/1 1970/1801/1 374/693/1
f 374/693/1 1970/1801/1 1971/1802/1 509/700/1
f 509/700/1 1971/1802/1 1968/1799/1 274/868/1
f 9/62/1 1972/1803/1 1973/1804/1 147/960/1
f 147/960/1 1973/1804/1 1974/1805/1 816/64/1
f 816/64/1 1974/1805/1 1972/1803/1 9/62/1
f 147/960/1 1975/1806/1 1976/1807/1 10/482/1
f 10/482/1 1976/1807/1 1977/1808/1 817/480/1
f 817/480/1 1977/1808/1 1975/1806/1 147/960/1
f 253/469/1 1978/1809/1 1979/1810/1 640/696/1
f 640/696/1 1979/1810/1 1980/1811/1 374/693/1
f 374/693/1 1980/1811/1 1981/1812/1 639/1192/1
f 639/1192/1 1981/1812/1 1978/1809/1 253/469/1
f 8/1813/1 1982/1814/1 1983/1815/1 144/1816/1
f 144/1816/1 1983/1815/1 1984/1817/1 819/4/1
f 819/4/1 1984/1817/1 1982/1814/1 8/1813/1
f 144/1816/1 1985/1818/1 1986/1819/1 9/62/1
f 9/62/1 1986/1819/1 1987/1820/1 820/60/1
f 820/60/1 1987/1820/1 1985/1818/1 144/1816/1
f 435/1741/1 1988/1821/1 1989/1822/1 823/1823/1
f 823/1823/1 1989/1822/1 1990/1824/1 142/1/1
f 142/1/1 1990/1824/1 1991/1825/1 448/1743/1
f 448/1743/1 1991/1825/1 1988/1821/1 435/1741/1
f 7/1826/1 1992/1827/1 1993/1828/1 141/1829/1
f 141/1829/1 1993/1828/1 1994/1830/1 822/1767/1
f 822/1767/1 1994/1830/1 1992/1827/1 7/1826/1
f 141/1829/1 1995/1831/1 1996/1832/1 8/1813/1
f 8/1813/1 1996/1832/1 1997/1833/1 823/1823/1
f 823/1823/1 1997/1833/1 1995/1831/1 141/1829/1
f 436/1834/1 1998/1835/1 1999/1836/1 826/1837/1
f 826/1837/1 1999/1836/1 2000/1838/1 139/1764/1
f 139/1764/1 2000/1838/1 2001/1839/1 447/1840/1
f 447/1840/1 2001/1839/1 1998/1835/1 436/1834/1
f 6/996/1 2002/1841/1 2003/1842/1 138/1843/1
f 138/1843/1 2003/1842/1 2004/1844/1 825/998/1
f 825/998/1 2004/1844/1 2002/1841/1 6/996/1
f 138/1843/1 2005/1845/1 2006/1846/1 7/1826/1
f 7/1826/1 2006/1846/1 2007/1847/1 826/1837/1
f 826/1837/1 2007/1847/1 2005/1845/1 138/1843/1
f 347/1848/1 2008/1849/1 2009/1850/1 559/808/1
f 559/808/1 2009/1850/1 2010/1851/1 330/847/1
f 330/847/1 2010/1851/1 2011/1852/1 536/1853/1
f 536/1853/1 2011/1852/1 2008/1849/1 347/1848/1
f 5/1319/1 2012/1854/1 2013/1855/1 135/1856/1
f 135/1856/1 2013/1855/1 2014/1857/1 828/1321/1
f 828/1321/1 2014/1857/1 2012/1854/1 5/1319/1
f 135/1856/1 2015/1858/1 2016/1859/1 6/996/1
f 6/996/1 2016/1859/1 2017/1860/1 829/994/1
f 829/994/1 2017/1860/1 2015/1858/1 135/1856/1
f 437/1861/1 2018/1862/1 2019/1863/1 829/994/1
f 829/994/1 2019/1863/1 2020/1864/1 136/991/1
f 136/991/1 2020/1864/1 2021/1865/1 446/1866/1
f 446/1866/1 2021/1865/1 2018/1862/1 437/1861/1
f 4/1867/1 2022/1868/1 2023/1869/1 132/1870/1
f 132/1870/1 2023/1869/1 2024/1871/1 831/1872/1
f 831/1872/1 2024/1871/1 2022/1868/1 4/1867/1
f 132/1870/1 2025/1873/1 2026/1874/1 5/1319/1
f 5/1319/1 2026/1874/1 2027/1875/1 832/28/1
f 832/28/1 2027/1875/1 2025/1873/1 132/1870/1
f 382/1555/1 2028/1876/1 2029/1877/1 664/1553/1
f 664/1553/1 2029/1877/1 2030/1878/1 256/1879/1
f 256/1879/1 2030/1878/1 2031/1880/1 501/240/1
f 501/240/1 2031/1880/1 2028/1876/1 382/1555/1
f 3/1881/1 2032/1882/1 2033/1883/1 129/1884/1
f 129/1884/1 2033/1883/1 2034/1885/1 834/632/1
f 834/632/1 2034/1885/1 2032/1882/1 3/1881/1
f 129/1884/1 2035/1886/1 2036/1887/1 4/1867/1
f 4/1867/1 2036/1887/1 2037/1888/1 835/1889/1
f 835/1889/1 2037/1888/1 2035/1886/1 129/1884/1
f 241/392/1 2038/1890/1 2039/1891/1 686/56/1
f 686/56/1 2039/1891/1 2040/1892/1 390/54/1
f 390/54/1 2040/1892/1 2041/1893/1 493/394/1
f 493/394/1 2041/1893/1 2038/1890/1 241/392/1
f 2/131/1 2042/1894/1 2043/1895/1 126/1672/1
f 126/1672/1 2043/1895/1 2044/1896/1 837/133/1
f 837/133/1 2044/1896/1 2042/1894/1 2/131/1
f 126/1672/1 2045/1897/1 2046/1898/1 3/1881/1
f 3/1881/1 2046/1898/1 2047/1899/1 838/1675/1
f 838/1675/1 2047/1899/1 2045/1897/1 126/1672/1
f 439/634/1 2048/1900/1 2049/1901/1 835/1889/1
f 835/1889/1 2049/1901/1 2050/1902/1 130/1903/1
f 130/1903/1 2050/1902/1 2051/1904/1 444/1905/1
f 444/1905/1 2051/1904/1 2048/1900/1 439/634/1
f 1/1906/1 2052/1907/1 2053/1908/1 123/142/1
f 123/142/1 2053/1908/1 2054/1909/1 840/147/1
f 840/147/1 2054/1909/1 2052/1907/1 1/1906/1
f 123/142/1 2055/1910/1 2056/1911/1 2/131/1
f 2/131/1 2056/1911/1 2057/1912/1 841/44/1
f 841/44/1 2057/1912/1 2055/1910/1 123/142/1
f 165/1913/1 2058/1914/1 2059/1915/1 766/624/1
f 766/624/1 2059/1915/1 2060/1916/1 416/191/1
f 416/191/1 2060/1916/1 2061/1917/1 765/189/1
f 765/189/1 2061/1917/1 2058/1914/1 165/1913/1
f 262/512/1 2062/1918/1 2063/1919/1 656/1096/1
f 656/1096/1 2063/1919/1 2064/1920/1 380/1453/1
f 380/1453/1 2064/1920/1 2065/1921/1 503/1156/1
f 503/1156/1 2065/1921/1 2062/1918/1 262/512/1
f 254/1922/1 2066/1923/1 2067/1924/1 663/1557/1
f 663/1557/1 2067/1924/1 2068/1925/1 382/1555/1
f 382/1555/1 2068/1925/1 2069/1926/1 662/1927/1
f 662/1927/1 2069/1926/1 2066/1923/1 254/1922/1
f 140/1928/1 2070/1929/1 2071/1930/1 824/1931/1
f 824/1931/1 2071/1930/1 2072/1932/1 436/1834/1
f 436/1834/1 2072/1932/1 2073/1933/1 447/1840/1
f 447/1840/1 2073/1933/1 2070/1929/1 140/1928/1
f 191/1934/1 2074/1935/1 2075/1936/1 757/1026/1
f 757/1026/1 2075/1936/1 2076/1937/1 32/1023/1
f 32/1023/1 2076/1937/1 2077/1938/1 753/1939/1
f 753/1939/1 2077/1938/1 2074/1935/1 191/1934/1
f 254/1922/1 2078/1940/1 2079/1941/1 662/1927/1
f 662/1927/1 2079/1941/1 2080/1942/1 76/637/1
f 76/637/1 2080/1942/1 2081/1943/1 500/642/1
f 500/642/1 2081/1943/1 2078/1940/1 254/1922/1
f 49/1056/1 2082/1944/1 2083/1945/1 712/317/1
f 712/317/1 2083/1945/1 2084/1946/1 203/246/1
f 203/246/1 2084/1946/1 2085/1947/1 475/253/1
f 475/253/1 2085/1947/1 2082/1944/1 49/1056/1
f 333/1948/1 2086/1949/1 2087/1950/1 554/852/1
f 554/852/1 2087/1950/1 2088/1951/1 346/795/1
f 346/795/1 2088/1951/1 2089/1952/1 537/1728/1
f 537/1728/1 2089/1952/1 2086/1949/1 333/1948/1
f 259/1448/1 2090/1953/1 2091/1954/1 661/1955/1
f 661/1955/1 2091/1954/1 2092/1956/1 68/1957/1
f 68/1957/1 2092/1956/1 2093/1958/1 657/1451/1
f 657/1451/1 2093/1958/1 2090/1953/1 259/1448/1
f 50/1299/1 2094/1959/1 2095/1960/1 709/1961/1
f 709/1961/1 2095/1960/1 2096/1962/1 205/1425/1
f 205/1425/1 2096/1962/1 2097/1963/1 476/1964/1
f 476/1964/1 2097/1963/1 2094/1959/1 50/1299/1
f 306/999/1 2098/1965/1 2099/1966/1 565/1967/1
f 565/1967/1 2099/1966/1 2100/1968/1 349/223/1
f 349/223/1 2100/1968/1 2101/1969/1 564/221/1
f 564/221/1 2101/1969/1 2098/1965/1 306/999/1
f 160/1356/1 2102/1970/1 2103/1971/1 802/1972/1
f 802/1972/1 2103/1971/1 2104/1973/1 16/1214/1
f 16/1214/1 2104/1973/1 2105/1974/1 798/1975/1
f 798/1975/1 2105/1974/1 2102/1970/1 160/1356/1
f 37/1572/1 2106/1976/1 2107/1977/1 770/1570/1
f 770/1570/1 2107/1977/1 2108/1978/1 182/1526/1
f 182/1526/1 2108/1978/1 2109/1979/1 741/1518/1
f 741/1518/1 2109/1979/1 2106/1976/1 37/1572/1
f 292/1076/1 2110/1980/1 2111/1981/1 609/1017/1
f 609/1017/1 2111/1981/1 2112/1982/1 364/568/1
f 364/568/1 2112/1982/1 2113/1983/1 608/566/1
f 608/566/1 2113/1983/1 2110/1980/1 292/1076/1
f 330/847/1 2114/1984/1 2115/1985/1 559/808/1
f 559/808/1 2115/1985/1 2116/1986/1 105/267/1
f 105/267/1 2116/1986/1 2117/1987/1 555/797/1
f 555/797/1 2117/1987/1 2114/1984/1 330/847/1
f 310/810/1 2118/1988/1 2119/1989/1 559/808/1
f 559/808/1 2119/1989/1 2120/1990/1 347/1848/1
f 347/1848/1 2120/1990/1 2121/1991/1 558/1355/1
f 558/1355/1 2121/1991/1 2118/1988/1 310/810/1
f 331/1992/1 2122/1993/1 2123/1994/1 557/1995/1
f 557/1995/1 2123/1994/1 2124/1996/1 347/1848/1
f 347/1848/1 2124/1996/1 2125/1997/1 536/1853/1
f 536/1853/1 2125/1997/1 2122/1993/1 331/1992/1
f 332/1726/1 2126/1998/1 2127/1999/1 556/793/1
f 556/793/1 2127/1999/1 2128/2000/1 106/2001/1
f 106/2001/1 2128/2000/1 2129/2002/1 552/2003/1
f 552/2003/1 2129/2002/1 2126/1998/1 332/1726/1
f 15/1203/1 2130/2004/1 2131/2005/1 805/1706/1
f 805/1706/1 2131/2005/1 2132/2006/1 131/2007/1
f 131/2007/1 2132/2006/1 2133/2008/1 444/1905/1
f 444/1905/1 2133/2008/1 2130/2004/1 15/1203/1
f 32/2009/1 2134/2010/1 2135/2011/1 782/153/1
f 782/153/1 2135/2011/1 2136/2012/1 173/2013/1
f 173/2013/1 2136/2012/1 2137/2014/1 753/1939/1
f 753/1939/1 2137/2014/1 2134/2010/1 32/2009/1
f 41/2015/1 2138/2016/1 2139/2017/1 758/229/1
f 758/229/1 2139/2017/1 2140/2018/1 190/226/1
f 190/226/1 2140/2018/1 2141/2019/1 729/1380/1
f 729/1380/1 2141/2019/1 2138/2016/1 41/2015/1
f 322/1770/1 2142/2020/1 2143/2021/1 567/839/1
f 567/839/1 2143/2021/1 2144/2022/1 350/742/1
f 350/742/1 2144/2022/1 2145/2023/1 566/2024/1
f 566/2024/1 2145/2023/1 2142/2020/1 322/1770/1
f 16/1214/1 2146/2025/1 2147/2026/1 802/1972/1
f 802/1972/1 2147/2026/1 2148/2027/1 134/1208/1
f 134/1208/1 2148/2027/1 2149/2028/1 445/32/1
f 445/32/1 2149/2028/1 2146/2025/1 16/1214/1
f 170/148/1 2150/2029/1 2151/2030/1 787/2031/1
f 787/2031/1 2151/2030/1 2152/2032/1 21/2033/1
f 21/2033/1 2152/2032/1 2153/2034/1 783/80/1
f 783/80/1 2153/2034/1 2150/2029/1 170/148/1
f 240/2035/1 2154/2036/1 2155/2037/1 683/773/1
f 683/773/1 2155/2037/1 2156/2038/1 69/387/1
f 69/387/1 2156/2038/1 2157/2039/1 493/394/1
f 493/394/1 2157/2039/1 2154/2036/1 240/2035/1
f 339/2040/1 2158/2041/1 2159/2042/1 545/761/1
f 545/761/1 2159/2042/1 2160/2043/1 343/707/1
f 343/707/1 2160/2043/1 2161/2044/1 540/713/1
f 540/713/1 2161/2044/1 2158/2041/1 339/2040/1
f 391/957/1 2162/2045/1 2163/2046/1 691/2047/1
f 691/2047/1 2163/2046/1 2164/2048/1 238/49/1
f 238/49/1 2164/2048/1 2165/2049/1 492/2050/1
f 492/2050/1 2165/2049/1 2162/2045/1 391/957/1
f 25/2051/1 2166/2052/1 2167/2053/1 803/981/1
f 803/981/1 2167/2053/1 2168/2054/1 159/1642/1
f 159/1642/1 2168/2054/1 2169/2055/1 774/951/1
f 774/951/1 2169/2055/1 2166/2052/1 25/2051/1
f 280/1689/1 2170/2056/1 2171/2057/1 631/2058/1
f 631/2058/1 2171/2057/1 2172/2059/1 79/1093/1
f 79/1093/1 2172/2059/1 2173/2060/1 627/519/1
f 627/519/1 2173/2060/1 2170/2056/1 280/1689/1
f 151/930/1 2174/2061/1 2175/2062/1 22/375/1
f 22/375/1 2175/2062/1 2176/2063/1 451/380/1
f 451/380/1 2176/2063/1 2174/2061/1 151/930/1
f 130/1903/1 2177/2064/1 2178/2065/1 830/1206/1
f 830/1206/1 2178/2065/1 2179/2066/1 15/1203/1
f 15/1203/1 2179/2066/1 2180/2067/1 444/1905/1
f 444/1905/1 2180/2067/1 2177/2064/1 130/1903/1
f 341/2068/1 2181/2069/1 2182/2070/1 542/2071/1
f 542/2071/1 2182/2070/1 2183/2072/1 342/733/1
f 342/733/1 2183/2072/1 2184/2073/1 541/2074/1
f 541/2074/1 2184/2073/1 2181/2069/1 341/2068/1
f 175/1322/1 2185/2075/1 2186/2076/1 781/660/1
f 781/660/1 2186/2076/1 2187/2077/1 24/657/1
f 24/657/1 2187/2077/1 2188/2078/1 777/769/1
f 777/769/1 2188/2078/1 2185/2075/1 175/1322/1
f 154/1605/1 2189/2079/1 2190/2080/1 811/724/1
f 811/724/1 2190/2080/1 2191/2081/1 13/304/1
f 13/304/1 2191/2081/1 2192/2082/1 807/1682/1
f 807/1682/1 2192/2082/1 2189/2079/1 154/1605/1
f 379/14/1 2193/2083/1 2194/2084/1 655/12/1
f 655/12/1 2194/2084/1 2195/2085/1 263/1099/1
f 263/1099/1 2195/2085/1 2196/2086/1 504/1106/1
f 504/1106/1 2196/2086/1 2193/2083/1 379/14/1
f 260/2087/1 2197/2088/1 2198/2089/1 631/2058/1
f 631/2058/1 2198/2089/1 2199/2090/1 371/2091/1
f 371/2091/1 2199/2090/1 2200/2092/1 630/2093/1
f 630/2093/1 2200/2092/1 2197/2088/1 260/2087/1
f 31/2094/1 2201/2095/1 2202/2096/1 785/2097/1
f 785/2097/1 2202/2096/1 2203/2098/1 171/1031/1
f 171/1031/1 2203/2098/1 2204/2099/1 756/386/1
f 756/386/1 2204/2099/1 2201/2095/1 31/2094/1
f 301/649/1 2205/2100/1 2206/2101/1 596/656/1
f 596/656/1 2206/2101/1 2207/2102/1 101/1775/1
f 101/1775/1 2207/2102/1 2208/2103/1 522/141/1
f 522/141/1 2208/2103/1 2205/2100/1 301/649/1
f 242/2104/1 2209/2105/1 2210/2106/1 680/2107/1
f 680/2107/1 2210/2106/1 2211/2108/1 70/2109/1
f 70/2109/1 2211/2108/1 2212/2110/1 494/2111/1
f 494/2111/1 2212/2110/1 2209/2105/1 242/2104/1
f 189/244/1 2213/2112/1 2214/2113/1 755/558/1
f 755/558/1 2214/2113/1 2215/2114/1 42/490/1
f 42/490/1 2215/2114/1 2216/2115/1 469/232/1
f 469/232/1 2216/2115/1 2213/2112/1 189/244/1
f 420/767/1 2217/2116/1 2218/2117/1 778/765/1
f 778/765/1 2218/2117/1 2219/2118/1 177/945/1
f 177/945/1 2219/2118/1 2220/2119/1 463/2120/1
f 463/2120/1 2220/2119/1 2217/2116/1 420/767/1
f 220/1579/1 2221/2121/1 2222/2122/1 716/374/1
f 716/374/1 2222/2122/1 2223/2123/1 400/372/1
f 400/372/1 2223/2123/1 2224/2124/1 483/1344/1
f 483/1344/1 2224/2124/1 2221/2121/1 220/1579/1
f 26/1200/1 2225/2125/1 2226/2126/1 800/104/1
f 800/104/1 2226/2126/1 2227/2127/1 161/1607/1
f 161/1607/1 2227/2127/1 2228/2128/1 771/1613/1
f 771/1613/1 2228/2128/1 2225/2125/1 26/1200/1
f 285/1071/1 2229/2129/1 2230/2130/1 595/2131/1
f 595/2131/1 2230/2130/1 2231/2132/1 359/1004/1
f 359/1004/1 2231/2132/1 2232/2133/1 594/2134/1
f 594/2134/1 2232/2133/1 2229/2129/1 285/1071/1
f 52/292/1 2233/2135/1 2234/2136/1 703/544/1
f 703/544/1 2234/2136/1 2235/2137/1 209/2138/1
f 209/2138/1 2235/2137/1 2236/2139/1 478/2140/1
f 478/2140/1 2236/2139/1 2233/2135/1 52/292/1
f 162/112/1 2237/2141/1 2238/2142/1 799/1747/1
f 799/1747/1 2238/2142/1 2239/2143/1 17/2144/1
f 17/2144/1 2239/2143/1 2240/2145/1 795/115/1
f 795/115/1 2240/2145/1 2237/2141/1 162/112/1
f 160/1356/1 2241/2146/1 2242/2147/1 798/1975/1
f 798/1975/1 2242/2147/1 2243/2148/1 427/1744/1
f 427/1744/1 2243/2148/1 2244/2149/1 797/1359/1
f 797/1359/1 2244/2149/1 2241/2146/1 160/1356/1
f 70/2109/1 2245/2150/1 2246/2151/1 655/12/1
f 655/12/1 2246/2151/1 2247/2152/1 243/9/1
f 243/9/1 2247/2152/1 2248/2153/1 494/2111/1
f 494/2111/1 2248/2153/1 2245/2150/1 70/2109/1
f 303/2154/1 2249/2155/1 2250/2156/1 594/2134/1
f 594/2134/1 2250/2156/1 2251/2157/1 359/1004/1
f 359/1004/1 2251/2157/1 2252/2158/1 593/1002/1
f 593/1002/1 2252/2158/1 2249/2155/1 303/2154/1
f 95/417/1 2253/2159/1 2254/2160/1 586/2161/1
f 586/2161/1 2254/2160/1 2255/2162/1 291/425/1
f 291/425/1 2255/2162/1 2256/2163/1 517/432/1
f 517/432/1 2256/2163/1 2253/2159/1 95/417/1
f 86/864/1 2257/2164/1 2258/2165/1 635/2166/1
f 635/2166/1 2258/2165/1 2259/2167/1 276/2168/1
f 276/2168/1 2259/2167/1 2260/2169/1 606/1669/1
f 606/1669/1 2260/2169/1 2257/2164/1 86/864/1
f 166/577/1 2261/2170/1 2262/2171/1 793/165/1
f 793/165/1 2262/2171/1 2263/2172/1 19/1163/1
f 19/1163/1 2263/2172/1 2264/2173/1 789/580/1
f 789/580/1 2264/2173/1 2261/2170/1 166/577/1
f 155/662/1 2265/2174/1 2266/2175/1 809/88/1
f 809/88/1 2266/2175/1 2267/2176/1 431/86/1
f 431/86/1 2267/2176/1 2268/2177/1 452/664/1
f 452/664/1 2268/2177/1 2265/2174/1 155/662/1
f 365/503/1 2269/2178/1 2270/2179/1 613/1616/1
f 613/1616/1 2270/2179/1 2271/2180/1 292/1076/1
f 292/1076/1 2271/2180/1 2272/2181/1 518/505/1
f 518/505/1 2272/2181/1 2269/2178/1 365/503/1
f 252/913/1 2273/2182/1 2274/2183/1 666/24/1
f 666/24/1 2274/2183/1 2275/2184/1 383/911/1
f 383/911/1 2275/2184/1 2276/2185/1 665/1225/1
f 665/1225/1 2276/2185/1 2273/2182/1 252/913/1
f 66/2186/1 2277/2187/1 2278/2188/1 664/1553/1
f 664/1553/1 2278/2188/1 2279/2189/1 236/1550/1
f 236/1550/1 2279/2189/1 2280/2190/1 491/1350/1
f 491/1350/1 2280/2190/1 2277/2187/1 66/2186/1
f 102/2191/1 2281/2192/1 2282/2193/1 568/745/1
f 568/745/1 2282/2193/1 2283/2194/1 304/834/1
f 304/834/1 2283/2194/1 2284/2195/1 523/2196/1
f 523/2196/1 2284/2195/1 2281/2192/1 102/2191/1
f 178/2197/1 2285/2198/1 2286/2199/1 776/1327/1
f 776/1327/1 2286/2199/1 2287/2200/1 420/767/1
f 420/767/1 2287/2200/1 2288/2201/1 463/2120/1
f 463/2120/1 2288/2201/1 2285/2198/1 178/2197/1
f 315/882/1 2289/2202/1 2290/2203/1 576/721/1
f 576/721/1 2290/2203/1 2291/2204/1 353/719/1
f 353/719/1 2291/2204/1 2292/2205/1 575/2206/1
f 575/2206/1 2292/2205/1 2289/2202/1 315/882/1
f 172/2207/1 2293/2208/1 2294/2209/1 33/2210/1
f 33/2210/1 2294/2209/1 2295/2211/1 461/1666/1
f 461/1666/1 2295/2211/1 2293/2208/1 172/2207/1
f 412/438/1 2296/2212/1 2297/2213/1 754/1662/1
f 754/1662/1 2297/2213/1 2298/2214/1 193/2215/1
f 193/2215/1 2298/2214/1 2299/2216/1 471/440/1
f 471/440/1 2299/2216/1 2296/2212/1 412/438/1
f 107/2217/1 2300/2218/1 2301/2219/1 578/213/1
f 578/213/1 2301/2219/1 2302/2220/1 316/210/1
f 316/210/1 2302/2220/1 2303/2221/1 549/785/1
f 549/785/1 2303/2221/1 2300/2218/1 107/2217/1
f 138/1843/1 2304/2222/1 2305/2223/1 826/1837/1
f 826/1837/1 2305/2223/1 2306/2224/1 436/1834/1
f 436/1834/1 2306/2224/1 2307/2225/1 825/998/1
f 825/998/1 2307/2225/1 2304/2222/1 138/1843/1
f 127/629/1 2308/2226/1 2309/2227/1 833/636/1
f 833/636/1 2309/2227/1 2310/2228/1 14/2229/1
f 14/2229/1 2310/2228/1 2311/2230/1 443/1334/1
f 443/1334/1 2311/2230/1 2308/2226/1 127/629/1
f 296/829/1 2312/2231/1 2313/2232/1 607/1480/1
f 607/1480/1 2313/2232/1 2314/2233/1 87/306/1
f 87/306/1 2314/2233/1 2315/2234/1 603/313/1
f 603/313/1 2315/2234/1 2312/2231/1 296/829/1
f 294/611/1 2316/2235/1 2317/2236/1 610/609/1
f 610/609/1 2317/2236/1 2318/2237/1 86/864/1
f 86/864/1 2318/2237/1 2319/2238/1 606/1669/1
f 606/1669/1 2319/2238/1 2316/2235/1 294/611/1
f 73/1709/1 2320/2239/1 2321/2240/1 671/460/1
f 671/460/1 2321/2240/1 2322/2241/1 251/349/1
f 251/349/1 2322/2241/1 2323/2242/1 642/1149/1
f 642/1149/1 2323/2242/1 2320/2239/1 73/1709/1
f 283/604/1 2324/2243/1 2325/2244/1 598/602/1
f 598/602/1 2325/2244/1 2326/2245/1 360/654/1
f 360/654/1 2326/2245/1 2327/2246/1 597/652/1
f 597/652/1 2327/2246/1 2324/2243/1 283/604/1
f 185/254/1 2328/2247/1 2329/2248/1 762/1138/1
f 762/1138/1 2329/2248/1 2330/2249/1 415/1123/1
f 415/1123/1 2330/2249/1 2331/2250/1 761/257/1
f 761/257/1 2331/2250/1 2328/2247/1 185/254/1
f 81/1104/1 2332/2251/1 2333/2252/1 625/2253/1
f 625/2253/1 2333/2252/1 2334/2254/1 264/2255/1
f 264/2255/1 2334/2254/1 2335/2256/1 504/1106/1
f 504/1106/1 2335/2256/1 2332/2251/1 81/1104/1
f 419/1647/1 2336/2257/1 2337/2258/1 775/1645/1
f 775/1645/1 2337/2258/1 2338/2259/1 179/1567/1
f 179/1567/1 2338/2259/1 2339/2260/1 464/1574/1
f 464/1574/1 2339/2260/1 2336/2257/1 419/1647/1
f 233/1126/1 2340/2261/1 2341/2262/1 692/1131/1
f 692/1131/1 2341/2262/1 2342/2263/1 65/1246/1
f 65/1246/1 2342/2263/1 2343/2264/1 490/1251/1
f 490/1251/1 2343/2264/1 2340/2261/1 233/1126/1
f 290/1040/1 2344/2265/1 2345/2266/1 611/420/1
f 611/420/1 2345/2266/1 2346/2267/1 95/417/1
f 95/417/1 2346/2267/1 2347/2268/1 517/432/1
f 517/432/1 2347/2268/1 2344/2265/1 290/1040/1
f 180/1536/1 2348/2269/1 2349/2270/1 773/2271/1
f 773/2271/1 2349/2270/1 2350/2272/1 419/1647/1
f 419/1647/1 2350/2272/1 2351/2273/1 464/1574/1
f 464/1574/1 2351/2273/1 2348/2269/1 180/1536/1
f 63/1268/1 2352/2274/1 2353/2275/1 698/1266/1
f 698/1266/1 2353/2275/1 2354/2276/1 232/1414/1
f 232/1414/1 2354/2276/1 2355/2277/1 669/1388/1
f 669/1388/1 2355/2277/1 2352/2274/1 63/1268/1
f 40/259/1 2356/2278/1 2357/2279/1 736/1068/1
f 736/1068/1 2357/2279/1 2358/2280/1 186/2281/1
f 186/2281/1 2358/2280/1 2359/2282/1 467/261/1
f 467/261/1 2359/2282/1 2356/2278/1 40/259/1
f 137/2283/1 2360/2284/1 2361/2285/1 799/1747/1
f 799/1747/1 2361/2285/1 2362/2286/1 427/1744/1
f 427/1744/1 2362/2286/1 2363/2287/1 798/1975/1
f 798/1975/1 2363/2287/1 2360/2284/1 137/2283/1
f 57/1575/1 2364/2288/1 2365/2289/1 691/2047/1
f 691/2047/1 2365/2289/1 2366/2290/1 218/2291/1
f 218/2291/1 2366/2290/1 2367/2292/1 482/1447/1
f 482/1447/1 2367/2292/1 2364/2288/1 57/1575/1
f 208/1377/1 2368/2293/1 2369/2294/1 733/281/1
f 733/281/1 2369/2294/1 2370/2295/1 41/2015/1
f 41/2015/1 2370/2295/1 2371/2296/1 729/1380/1
f 729/1380/1 2371/2296/1 2368/2293/1 208/1377/1
f 309/262/1 2372/2297/1 2373/2298/1 589/68/1
f 589/68/1 2373/2298/1 2374/2299/1 94/65/1
f 94/65/1 2374/2299/1 2375/2300/1 585/2301/1
f 585/2301/1 2375/2300/1 2372/2297/1 309/262/1
f 164/669/1 2376/2302/1 2377/2303/1 792/169/1
f 792/169/1 2377/2303/1 2378/2304/1 425/167/1
f 425/167/1 2378/2304/1 2379/2305/1 791/1044/1
f 791/1044/1 2379/2305/1 2376/2302/1 164/669/1
f 78/2306/1 2380/2307/1 2381/2308/1 659/2309/1
f 659/2309/1 2381/2308/1 2382/2310/1 260/2087/1
f 260/2087/1 2382/2310/1 2383/2311/1 630/2093/1
f 630/2093/1 2383/2311/1 2380/2307/1 78/2306/1
f 283/604/1 2384/2312/1 2385/2313/1 626/1692/1
f 626/1692/1 2385/2313/1 2386/2314/1 370/517/1
f 370/517/1 2386/2314/1 2387/2315/1 513/606/1
f 513/606/1 2387/2315/1 2384/2312/1 283/604/1
f 177/2316/1 2388/2317/1 2389/2318/1 773/2271/1
f 773/2271/1 2389/2318/1 2390/2319/1 36/1112/1
f 36/1112/1 2390/2319/1 2391/2320/1 463/2120/1
f 463/2120/1 2391/2320/1 2388/2317/1 177/2316/1
f 257/238/1 2392/2321/1 2393/2322/1 634/236/1
f 634/236/1 2393/2322/1 2394/2323/1 372/2324/1
f 372/2324/1 2394/2323/1 2395/2325/1 633/781/1
f 633/781/1 2395/2325/1 2392/2321/1 257/238/1
f 187/2326/1 2396/2327/1 2397/2328/1 759/209/1
f 759/209/1 2397/2328/1 2398/2329/1 414/207/1
f 414/207/1 2398/2329/1 2399/2330/1 758/229/1
f 758/229/1 2399/2330/1 2396/2327/1 187/2326/1
f 108/2331/1 2400/2332/1 2401/2333/1 550/825/1
f 550/825/1 2401/2333/1 2402/2334/1 316/210/1
f 316/210/1 2402/2334/1 2403/2335/1 529/217/1
f 529/217/1 2403/2335/1 2400/2332/1 108/2331/1
f 278/311/1 2404/2336/1 2405/2337/1 632/309/1
f 632/309/1 2405/2337/1 2406/2338/1 372/2324/1
f 372/2324/1 2406/2338/1 2407/2339/1 511/499/1
f 511/499/1 2407/2339/1 2404/2336/1 278/311/1
f 359/1004/1 2408/2340/1 2409/2341/1 595/2131/1
f 595/2131/1 2409/2341/1 2410/2342/1 305/840/1
f 305/840/1 2410/2342/1 2411/2343/1 524/846/1
f 524/846/1 2411/2343/1 2408/2340/1 359/1004/1
f 193/2215/1 2412/2344/1 2413/2345/1 44/2346/1
f 44/2346/1 2413/2345/1 2414/2347/1 471/440/1
f 471/440/1 2414/2347/1 2412/2344/1 193/2215/1
f 108/2331/1 2415/2348/1 2416/2349/1 575/2206/1
f 575/2206/1 2416/2349/1 2417/2350/1 318/38/1
f 318/38/1 2417/2350/1 2418/2351/1 546/758/1
f 546/758/1 2418/2351/1 2415/2348/1 108/2331/1
f 255/583/1 2419/2352/1 2420/2353/1 665/1225/1
f 665/1225/1 2420/2353/1 2421/2354/1 383/911/1
f 383/911/1 2421/2354/1 2422/2355/1 500/642/1
f 500/642/1 2422/2355/1 2419/2352/1 255/583/1
f 264/2255/1 2423/2356/1 2424/2357/1 625/2253/1
f 625/2253/1 2424/2357/1 2425/2358/1 369/552/1
f 369/552/1 2425/2358/1 2426/2359/1 624/550/1
f 624/550/1 2426/2359/1 2423/2356/1 264/2255/1
f 46/538/1 2427/2360/1 2428/2361/1 746/536/1
f 746/536/1 2428/2361/1 2429/2362/1 199/159/1
f 199/159/1 2429/2362/1 2430/2363/1 717/370/1
f 717/370/1 2430/2363/1 2427/2360/1 46/538/1
f 234/22/1 2431/2364/1 2432/2365/1 695/20/1
f 695/20/1 2432/2365/1 2433/2366/1 393/110/1
f 393/110/1 2433/2366/1 2434/2367/1 490/1251/1
f 490/1251/1 2434/2367/1 2431/2364/1 234/22/1
f 272/1618/1 2435/2368/1 2436/2369/1 641/2370/1
f 641/2370/1 2436/2369/1 2437/2371/1 375/1147/1
f 375/1147/1 2437/2371/1 2438/2372/1 508/127/1
f 508/127/1 2438/2372/1 2435/2368/1 272/1618/1
f 279/2373/1 2439/2374/1 2440/2375/1 630/2093/1
f 630/2093/1 2440/2375/1 2441/2376/1 371/2091/1
f 371/2091/1 2441/2376/1 2442/2377/1 629/2378/1
f 629/2378/1 2442/2377/1 2439/2374/1 279/2373/1
f 428/102/1 2443/2379/1 2444/2380/1 802/1972/1
f 802/1972/1 2444/2380/1 2445/2381/1 160/1356/1
f 160/1356/1 2445/2381/1 2446/2382/1 455/1092/1
f 455/1092/1 2446/2382/1 2443/2379/1 428/102/1
f 377/1438/1 2447/2383/1 2448/2384/1 649/2385/1
f 649/2385/1 2448/2384/1 2449/2386/1 267/2387/1
f 267/2387/1 2449/2386/1 2450/2388/1 506/2389/1
f 506/2389/1 2450/2388/1 2447/2383/1 377/1438/1
f 265/1433/1 2451/2390/1 2452/2391/1 647/1440/1
f 647/1440/1 2452/2391/1 2453/2392/1 82/2393/1
f 82/2393/1 2453/2392/1 2454/2394/1 505/2395/1
f 505/2395/1 2454/2394/1 2451/2390/1 265/1433/1
f 409/1510/1 2455/2396/1 2456/2397/1 745/1539/1
f 745/1539/1 2456/2397/1 2457/2398/1 200/686/1
f 200/686/1 2457/2398/1 2458/2399/1 474/692/1
f 474/692/1 2458/2399/1 2455/2396/1 409/1510/1
f 62/1625/1 2459/2400/1 2460/2401/1 676/1274/1
f 676/1274/1 2460/2401/1 2461/2402/1 228/1271/1
f 228/1271/1 2461/2402/1 2462/2403/1 487/1627/1
f 487/1627/1 2462/2403/1 2459/2400/1 62/1625/1
f 249/194/1 2463/2404/1 2464/2405/1 674/414/1
f 674/414/1 2464/2405/1 2465/2406/1 386/1276/1
f 386/1276/1 2465/2406/1 2466/2407/1 497/1714/1
f 497/1714/1 2466/2407/1 2463/2404/1 249/194/1
f 417/183/1 2467/2408/1 2468/2409/1 769/2410/1
f 769/2410/1 2468/2409/1 2469/2411/1 183/186/1
f 183/186/1 2469/2411/1 2470/2412/1 466/2413/1
f 466/2413/1 2470/2412/1 2467/2408/1 417/183/1
f 83/2414/1 2471/2415/1 2472/2416/1 619/616/1
f 619/616/1 2472/2416/1 2473/2417/1 268/613/1
f 268/613/1 2473/2417/1 2474/2418/1 506/2389/1
f 506/2389/1 2474/2418/1 2471/2415/1 83/2414/1
f 206/286/1 2475/2419/1 2476/2420/1 731/291/1
f 731/291/1 2476/2420/1 2477/2421/1 51/2422/1
f 51/2422/1 2477/2421/1 2478/2423/1 477/2424/1
f 477/2424/1 2478/2423/1 2475/2419/1 206/286/1
f 190/226/1 2479/2425/1 2480/2426/1 730/488/1
f 730/488/1 2480/2426/1 2481/2427/1 404/1382/1
f 404/1382/1 2481/2427/1 2482/2428/1 729/1380/1
f 729/1380/1 2482/2428/1 2479/2425/1 190/226/1
f 60/334/1 2483/2429/1 2484/2430/1 682/1402/1
f 682/1402/1 2484/2430/1 2485/2431/1 224/341/1
f 224/341/1 2485/2431/1 2486/2432/1 485/321/1
f 485/321/1 2486/2432/1 2483/2429/1 60/334/1
f 269/455/1 2487/2433/1 2488/2434/1 641/2370/1
f 641/2370/1 2488/2434/1 2489/2435/1 84/2436/1
f 84/2436/1 2489/2435/1 2490/2437/1 507/457/1
f 507/457/1 2490/2437/1 2487/2433/1 269/455/1
f 54/1180/1 2491/2438/1 2492/2439/1 722/2440/1
f 722/2440/1 2492/2439/1 2493/2441/1 215/403/1
f 215/403/1 2493/2441/1 2494/2442/1 693/410/1
f 693/410/1 2494/2442/1 2491/2438/1 54/1180/1
f 212/2443/1 2495/2444/1 2496/2445/1 722/2440/1
f 722/2440/1 2496/2445/1 2497/2446/1 54/1180/1
f 54/1180/1 2497/2446/1 2498/2447/1 480/1187/1
f 480/1187/1 2498/2447/1 2495/2444/1 212/2443/1
f 221/357/1 2499/2448/1 2500/2449/1 715/355/1
f 715/355/1 2500/2449/1 2501/2450/1 48/690/1
f 48/690/1 2501/2450/1 2502/2451/1 711/1408/1
f 711/1408/1 2502/2451/1 2499/2448/1 221/357/1
f 405/283/1 2503/2452/1 2504/2453/1 733/281/1
f 733/281/1 2504/2453/1 2505/2454/1 208/1377/1
f 208/1377/1 2505/2454/1 2506/2455/1 478/2140/1
f 478/2140/1 2506/2455/1 2503/2452/1 405/283/1
f 212/2443/1 2507/2456/1 2508/2457/1 723/1688/1
f 723/1688/1 2508/2457/1 2509/2458/1 402/1464/1
f 402/1464/1 2509/2458/1 2510/2459/1 722/2440/1
f 722/2440/1 2510/2459/1 2507/2456/1 212/2443/1
f 396/1375/1 2511/2460/1 2512/2461/1 706/1373/1
f 706/1373/1 2512/2461/1 2513/2462/1 227/1620/1
f 227/1620/1 2513/2462/1 2514/2463/1 487/1627/1
f 487/1627/1 2514/2463/1 2511/2460/1 396/1375/1
f 205/1425/1 2515/2464/1 2516/2465/1 737/1423/1
f 737/1423/1 2516/2465/1 2517/2466/1 407/2467/1
f 407/2467/1 2517/2466/1 2518/2468/1 476/1964/1
f 476/1964/1 2518/2468/1 2515/2464/1 205/1425/1
f 267/2387/1 2519/2469/1 2520/2470/1 649/2385/1
f 649/2385/1 2520/2470/1 2521/2471/1 72/411/1
f 72/411/1 2521/2471/1 2522/2472/1 645/201/1
f 645/201/1 2522/2472/1 2519/2469/1 267/2387/1
f 245/2473/1 2523/2474/1 2524/2475/1 652/2476/1
f 652/2476/1 2524/2475/1 2525/2477/1 378/1173/1
f 378/1173/1 2525/2477/1 2526/2478/1 651/1171/1
f 651/1171/1 2526/2478/1 2523/2474/1 245/2473/1
f 278/311/1 2527/2479/1 2528/2480/1 604/496/1
f 604/496/1 2528/2480/1 2529/2481/1 362/596/1
f 362/596/1 2529/2481/1 2530/2482/1 603/313/1
f 603/313/1 2530/2482/1 2527/2479/1 278/311/1
f 214/1469/1 2531/2483/1 2532/2484/1 55/2485/1
f 55/2485/1 2532/2484/1 2533/2486/1 481/1471/1
f 481/1471/1 2533/2486/1 2531/2483/1 214/1469/1
f 229/541/1 2534/2487/1 2535/2488/1 699/299/1
f 699/299/1 2535/2488/1 2536/2489/1 394/1392/1
f 394/1392/1 2536/2489/1 2537/2490/1 698/1266/1
f 698/1266/1 2537/2490/1 2534/2487/1 229/541/1
f 403/523/1 2538/2491/1 2539/2492/1 727/2493/1
f 727/2493/1 2539/2492/1 2540/2494/1 212/2443/1
f 212/2443/1 2540/2494/1 2541/2495/1 480/1187/1
f 480/1187/1 2541/2495/1 2538/2491/1 403/523/1
f 219/1394/1 2542/2496/1 2543/2497/1 713/1296/1
f 713/1296/1 2543/2497/1 2544/2498/1 58/2499/1
f 58/2499/1 2544/2498/1 2545/2500/1 483/1344/1
f 483/1344/1 2545/2500/1 2542/2496/1 219/1394/1
f 63/1268/1 2546/2501/1 2547/2502/1 673/1260/1
f 673/1260/1 2547/2502/1 2548/2503/1 230/2504/1
f 230/2504/1 2548/2503/1 2549/2505/1 488/1270/1
f 488/1270/1 2549/2505/1 2546/2501/1 63/1268/1
f 176/1495/1 2550/2506/1 2551/2507/1 751/529/1
f 751/529/1 2551/2507/1 2552/2508/1 411/1368/1
f 411/1368/1 2552/2508/1 2553/2509/1 750/1366/1
f 750/1366/1 2553/2509/1 2550/2506/1 176/1495/1
f 184/2510/1 2554/2511/1 2555/2512/1 767/185/1
f 767/185/1 2555/2512/1 2556/2513/1 417/183/1
f 417/183/1 2556/2513/1 2557/2514/1 466/2413/1
f 466/2413/1 2557/2514/1 2554/2511/1 184/2510/1
f 227/1620/1 2558/2515/1 2559/2516/1 706/1373/1
f 706/1373/1 2559/2516/1 2560/2517/1 51/2422/1
f 51/2422/1 2560/2517/1 2561/2518/1 702/2519/1
f 702/2519/1 2561/2518/1 2558/2515/1 227/1620/1
f 178/2197/1 2562/2520/1 2563/2521/1 748/1110/1
f 748/1110/1 2563/2521/1 2564/2522/1 410/1458/1
f 410/1458/1 2564/2522/1 2565/2523/1 747/533/1
f 747/533/1 2565/2523/1 2562/2520/1 178/2197/1
f 70/2109/1 2566/2524/1 2567/2525/1 680/2107/1
f 680/2107/1 2567/2525/1 2568/2526/1 245/2473/1
f 245/2473/1 2568/2526/1 2569/2527/1 651/1171/1
f 651/1171/1 2569/2527/1 2566/2524/1 70/2109/1
f 58/2499/1 2570/2528/1 2571/2529/1 688/2530/1
f 688/2530/1 2571/2529/1 2572/2531/1 220/1579/1
f 220/1579/1 2572/2531/1 2573/2532/1 483/1344/1
f 483/1344/1 2573/2532/1 2570/2528/1 58/2499/1
f 184/2510/1 2574/2533/1 2575/2534/1 739/1308/1
f 739/1308/1 2575/2534/1 2576/2535/1 407/2467/1
f 407/2467/1 2576/2535/1 2577/2536/1 738/2537/1
f 738/2537/1 2577/2536/1 2574/2533/1 184/2510/1
f 208/1377/1 2578/2538/1 2579/2539/1 728/295/1
f 728/295/1 2579/2539/1 2580/2540/1 52/292/1
f 52/292/1 2580/2540/1 2581/2541/1 478/2140/1
f 478/2140/1 2581/2541/1 2578/2538/1 208/1377/1
f 72/411/1 2582/2542/1 2583/2543/1 649/2385/1
f 649/2385/1 2583/2543/1 2584/2544/1 247/2545/1
f 247/2545/1 2584/2544/1 2585/2546/1 496/1179/1
f 496/1179/1 2585/2546/1 2582/2542/1 72/411/1
f 407/2467/1 2586/2547/1 2587/2548/1 739/1308/1
f 739/1308/1 2587/2548/1 2588/2549/1 204/270/1
f 204/270/1 2588/2549/1 2589/2550/1 476/1964/1
f 476/1964/1 2589/2550/1 2586/2547/1 407/2467/1
f 135/1856/1 2590/2551/1 2591/2552/1 829/994/1
f 829/994/1 2591/2552/1 2592/2553/1 437/1861/1
f 437/1861/1 2592/2553/1 2593/2554/1 828/1321/1
f 828/1321/1 2593/2554/1 2590/2551/1 135/1856/1
f 202/1431/1 2594/2555/1 2595/2556/1 737/1423/1
f 737/1423/1 2595/2556/1 2596/2557/1 49/1056/1
f 49/1056/1 2596/2557/1 2597/2558/1 475/253/1
f 475/253/1 2597/2558/1 2594/2555/1 202/1431/1
f 225/170/1 2598/2559/1 2599/2560/1 705/1305/1
f 705/1305/1 2599/2560/1 2600/2561/1 396/1375/1
f 396/1375/1 2600/2561/1 2601/2562/1 704/173/1
f 704/173/1 2601/2562/1 2598/2559/1 225/170/1
f 307/322/1 2602/2563/1 2603/2564/1 592/935/1
f 592/935/1 2603/2564/1 2604/2565/1 93/939/1
f 93/939/1 2604/2565/1 2605/2566/1 588/924/1
f 588/924/1 2605/2566/1 2602/2563/1 307/322/1
f 247/2545/1 2606/2567/1 2607/2568/1 677/1281/1
f 677/1281/1 2607/2568/1 2608/2569/1 387/1290/1
f 387/1290/1 2608/2569/1 2609/2570/1 496/1179/1
f 496/1179/1 2609/2570/1 2606/2567/1 247/2545/1
f 38/1255/1 2610/2571/1 2611/2572/1 742/1429/1
f 742/1429/1 2611/2572/1 2612/2573/1 182/1526/1
f 182/1526/1 2612/2573/1 2613/2574/1 465/1257/1
f 465/1257/1 2613/2574/1 2610/2571/1 38/1255/1
f 39/1310/1 2614/2575/1 2615/2576/1 739/1308/1
f 739/1308/1 2615/2576/1 2616/2577/1 184/2510/1
f 184/2510/1 2616/2577/1 2617/2578/1 466/2413/1
f 466/2413/1 2617/2578/1 2614/2575/1 39/1310/1
f 136/991/1 2618/2579/1 2619/2580/1 824/1931/1
f 824/1931/1 2619/2580/1 2620/2581/1 17/2144/1
f 17/2144/1 2620/2581/1 2621/2582/1 446/1866/1
f 446/1866/1 2621/2582/1 2618/2579/1 136/991/1
f 133/30/1 2622/2583/1 2623/2584/1 828/1321/1
f 828/1321/1 2623/2584/1 2624/2585/1 437/1861/1
f 437/1861/1 2624/2585/1 2625/2586/1 827/1212/1
f 827/1212/1 2625/2586/1 2622/2583/1 133/30/1
f 137/2283/1 2626/2587/1 2627/2588/1 827/1212/1
f 827/1212/1 2627/2588/1 2628/2589/1 437/1861/1
f 437/1861/1 2628/2589/1 2629/2590/1 446/1866/1
f 446/1866/1 2629/2590/1 2626/2587/1 137/2283/1
f 244/1278/1 2630/2591/1 2631/2592/1 682/1402/1
f 682/1402/1 2631/2592/1 2632/2593/1 60/334/1
f 60/334/1 2632/2593/1 2633/2594/1 678/1292/1
f 678/1292/1 2633/2594/1 2630/2591/1 244/1278/1
f 393/110/1 2634/2595/1 2635/2596/1 697/1183/1
f 697/1183/1 2635/2596/1 2636/2597/1 233/1126/1
f 233/1126/1 2636/2597/1 2637/2598/1 490/1251/1
f 490/1251/1 2637/2598/1 2634/2595/1 393/110/1
f 38/1255/1 2638/2599/1 2639/2600/1 767/185/1
f 767/185/1 2639/2600/1 2640/2601/1 184/2510/1
f 184/2510/1 2640/2601/1 2641/2602/1 738/2537/1
f 738/2537/1 2641/2602/1 2638/2599/1 38/1255/1
f 389/400/1 2642/2603/1 2643/2604/1 685/398/1
f 685/398/1 2643/2604/1 2644/2605/1 242/2104/1
f 242/2104/1 2644/2605/1 2645/2606/1 494/2111/1
f 494/2111/1 2645/2606/1 2642/2603/1 389/400/1
f 93/939/1 2646/2607/1 2647/2608/1 617/1632/1
f 617/1632/1 2647/2608/1 2648/2609/1 289/70/1
f 289/70/1 2648/2609/1 2649/2610/1 588/924/1
f 588/924/1 2649/2610/1 2646/2607/1 93/939/1
f 235/1348/1 2650/2611/1 2651/2612/1 66/2186/1
f 66/2186/1 2651/2612/1 2652/2613/1 491/1350/1
f 491/1350/1 2652/2613/1 2650/2611/1 235/1348/1
f 163/2614/1 2653/2615/1 2654/2616/1 797/1359/1
f 797/1359/1 2654/2616/1 2655/2617/1 427/1744/1
f 427/1744/1 2655/2617/1 2656/2618/1 456/1750/1
f 456/1750/1 2656/2618/1 2653/2615/1 163/2614/1
f 230/2504/1 2657/2619/1 2658/2620/1 701/1623/1
f 701/1623/1 2658/2620/1 2659/2621/1 395/2622/1
f 395/2622/1 2659/2621/1 2660/2623/1 488/1270/1
f 488/1270/1 2660/2623/1 2657/2619/1 230/2504/1
f 301/649/1 2661/2624/1 2662/2625/1 601/2626/1
f 601/2626/1 2662/2625/1 2663/2627/1 90/1694/1
f 90/1694/1 2663/2627/1 2664/2628/1 597/652/1
f 597/652/1 2664/2628/1 2661/2624/1 301/649/1
f 314/2629/1 2665/2630/1 2666/2631/1 553/1009/1
f 553/1009/1 2666/2631/1 2667/2632/1 345/1006/1
f 345/1006/1 2667/2632/1 2668/2633/1 552/2003/1
f 552/2003/1 2668/2633/1 2665/2630/1 314/2629/1
f 91/2634/1 2669/2635/1 2670/2636/1 623/554/1
f 623/554/1 2670/2636/1 2671/2637/1 285/1071/1
f 285/1071/1 2671/2637/1 2672/2638/1 594/2134/1
f 594/2134/1 2672/2638/1 2669/2635/1 91/2634/1
f 240/2639/1 2673/2640/1 2674/2641/1 688/2530/1
f 688/2530/1 2674/2641/1 2675/2642/1 58/2499/1
f 58/2499/1 2675/2642/1 2676/2643/1 684/402/1
f 684/402/1 2676/2643/1 2673/2640/1 240/2639/1
f 242/2104/1 2677/2644/1 2678/2645/1 685/398/1
f 685/398/1 2678/2645/1 2679/2646/1 59/336/1
f 59/336/1 2679/2646/1 2680/2647/1 681/343/1
f 681/343/1 2680/2647/1 2677/2644/1 242/2104/1
f 239/2648/1 2681/2649/1 2682/2650/1 689/959/1
f 689/959/1 2682/2650/1 2683/2651/1 391/957/1
f 391/957/1 2683/2651/1 2684/2652/1 492/2050/1
f 492/2050/1 2684/2652/1 2681/2649/1 239/2648/1
f 39/1310/1 2685/2653/1 2686/2654/1 764/193/1
f 764/193/1 2686/2654/1 2687/2655/1 186/2281/1
f 186/2281/1 2687/2655/1 2688/2656/1 735/273/1
f 735/273/1 2688/2656/1 2685/2653/1 39/1310/1
f 223/319/1 2689/2657/1 2690/2658/1 708/1058/1
f 708/1058/1 2690/2658/1 2691/2659/1 397/2660/1
f 397/2660/1 2691/2659/1 2692/2661/1 707/332/1
f 707/332/1 2692/2661/1 2689/2657/1 223/319/1
f 201/2662/1 2693/2663/1 2694/2664/1 715/355/1
f 715/355/1 2694/2664/1 2695/2665/1 399/352/1
f 399/352/1 2695/2665/1 2696/2666/1 714/1397/1
f 714/1397/1 2696/2666/1 2693/2663/1 201/2662/1
f 71/1283/1 2697/2667/1 2698/2668/1 677/1281/1
f 677/1281/1 2698/2668/1 2699/2669/1 247/2545/1
f 247/2545/1 2699/2669/1 2700/2670/1 648/1436/1
f 648/1436/1 2700/2670/1 2697/2667/1 71/1283/1
f 225/170/1 2701/2671/1 2702/2672/1 709/1961/1
f 709/1961/1 2702/2672/1 2703/2673/1 50/1299/1
f 50/1299/1 2703/2673/1 2704/2674/1 705/1305/1
f 705/1305/1 2704/2674/1 2701/2671/1 225/170/1
f 388/1404/1 2705/2675/1 2706/2676/1 682/1402/1
f 682/1402/1 2706/2676/1 2707/2677/1 244/1278/1
f 244/1278/1 2707/2677/1 2708/2678/1 495/1285/1
f 495/1285/1 2708/2678/1 2705/2675/1 388/1404/1
f 183/186/1 2709/2679/1 2710/2680/1 769/2410/1
f 769/2410/1 2710/2680/1 2711/2681/1 28/2682/1
f 28/2682/1 2711/2681/1 2712/2683/1 765/189/1
f 765/189/1 2712/2683/1 2709/2679/1 183/186/1
f 71/1283/1 2713/2684/1 2714/2685/1 652/2476/1
f 652/2476/1 2714/2685/1 2715/2686/1 245/2473/1
f 245/2473/1 2715/2686/1 2716/2687/1 495/1285/1
f 495/1285/1 2716/2687/1 2713/2684/1 71/1283/1
f 244/1278/1 2717/2688/1 2718/2689/1 678/1292/1
f 678/1292/1 2718/2689/1 2719/2690/1 387/1290/1
f 387/1290/1 2719/2690/1 2720/2691/1 677/1281/1
f 677/1281/1 2720/2691/1 2717/2688/1 244/1278/1
f 20/1759/1 2721/2692/1 2722/2693/1 815/2694/1
f 815/2694/1 2722/2693/1 2723/2695/1 149/2696/1
f 149/2696/1 2723/2695/1 2724/2697/1 786/2698/1
f 786/2698/1 2724/2697/1 2721/2692/1 20/1759/1
f 248/701/1 2725/2699/1 2726/2700/1 671/460/1
f 671/460/1 2726/2700/1 2727/2701/1 73/1709/1
f 73/1709/1 2727/2701/1 2728/2702/1 497/1714/1
f 497/1714/1 2728/2702/1 2725/2699/1 248/701/1
f 17/2144/1 2729/2703/1 2730/2704/1 824/1931/1
f 824/1931/1 2730/2704/1 2731/2705/1 140/1928/1
f 140/1928/1 2731/2705/1 2732/2706/1 795/115/1
f 795/115/1 2732/2706/1 2729/2703/1 17/2144/1
f 179/1567/1 2733/2707/1 2734/2708/1 775/1645/1
f 775/1645/1 2734/2708/1 2735/2709/1 26/2710/1
f 26/2710/1 2735/2709/1 2736/2711/1 771/1613/1
f 771/1613/1 2736/2711/1 2733/2707/1 179/1567/1
f 269/455/1 2737/2712/1 2738/2713/1 646/197/1
f 646/197/1 2738/2713/1 2739/2714/1 73/1709/1
f 73/1709/1 2739/2714/1 2740/2715/1 642/1149/1
f 642/1149/1 2740/2715/1 2737/2712/1 269/455/1
f 273/698/1 2741/2716/1 2742/2717/1 636/590/1
f 636/590/1 2742/2717/1 2743/2718/1 373/588/1
f 373/588/1 2743/2718/1 2744/2719/1 635/2166/1
f 635/2166/1 2744/2719/1 2741/2716/1 273/698/1
f 390/54/1 2745/2720/1 2746/2721/1 688/2530/1
f 688/2530/1 2746/2721/1 2747/2722/1 240/2639/1
f 240/2639/1 2747/2722/1 2748/2723/1 493/394/1
f 493/394/1 2748/2723/1 2745/2720/1 390/54/1
f 311/2724/1 2749/2725/1 2750/2726/1 586/2161/1
f 586/2161/1 2750/2726/1 2751/2727/1 95/417/1
f 95/417/1 2751/2727/1 2752/2728/1 582/424/1
f 582/424/1 2752/2728/1 2749/2725/1 311/2724/1
f 232/1414/1 2753/2729/1 2754/2730/1 670/916/1
f 670/916/1 2754/2730/1 2755/2731/1 384/474/1
f 384/474/1 2755/2731/1 2756/2732/1 669/1388/1
f 669/1388/1 2756/2732/1 2753/2729/1 232/1414/1
f 21/2033/1 2757/2733/1 2758/2734/1 812/2735/1
f 812/2735/1 2758/2734/1 2759/2736/1 152/73/1
f 152/73/1 2759/2736/1 2760/2737/1 783/80/1
f 783/80/1 2760/2737/1 2757/2733/1 21/2033/1
f 312/790/1 2761/2738/1 2762/2739/1 584/265/1
f 584/265/1 2762/2739/1 2763/2740/1 356/2741/1
f 356/2741/1 2763/2740/1 2764/2742/1 527/2743/1
f 527/2743/1 2764/2742/1 2761/2738/1 312/790/1
f 173/2013/1 2765/2744/1 2766/2745/1 754/1662/1
f 754/1662/1 2766/2745/1 2767/2746/1 412/438/1
f 412/438/1 2767/2746/1 2768/2747/1 753/1939/1
f 753/1939/1 2768/2747/1 2765/2744/1 173/2013/1
f 256/1879/1 2769/2748/1 2770/2749/1 77/233/1
f 77/233/1 2770/2749/1 2771/2750/1 501/240/1
f 501/240/1 2771/2750/1 2769/2748/1 256/1879/1
f 159/2751/1 2772/2752/1 2773/2753/1 803/981/1
f 803/981/1 2773/2753/1 2774/2754/1 429/1703/1
f 429/1703/1 2774/2754/1 2775/2755/1 454/1202/1
f 454/1202/1 2775/2755/1 2772/2752/1 159/2751/1
f 35/531/1 2776/2756/1 2777/2757/1 776/1327/1
f 776/1327/1 2777/2757/1 2778/2758/1 178/2197/1
f 178/2197/1 2778/2758/1 2779/2759/1 747/533/1
f 747/533/1 2779/2759/1 2776/2756/1 35/531/1
f 41/2015/1 2780/2760/1 2781/2761/1 733/281/1
f 733/281/1 2781/2761/1 2782/2762/1 188/278/1
f 188/278/1 2782/2762/1 2783/2763/1 468/1125/1
f 468/1125/1 2783/2763/1 2780/2760/1 41/2015/1
f 295/563/1 2784/2764/1 2785/2765/1 580/885/1
f 580/885/1 2785/2765/1 2786/2766/1 354/215/1
f 354/215/1 2786/2766/1 2787/2767/1 579/879/1
f 579/879/1 2787/2767/1 2784/2764/1 295/563/1
f 106/2001/1 2788/2768/1 2789/2769/1 581/2770/1
f 581/2770/1 2789/2769/1 2790/2771/1 314/2629/1
f 314/2629/1 2790/2771/1 2791/2772/1 552/2003/1
f 552/2003/1 2791/2772/1 2788/2768/1 106/2001/1
f 270/2773/1 2792/2774/1 2793/2775/1 616/1038/1
f 616/1038/1 2793/2775/1 2794/2776/1 366/430/1
f 366/430/1 2794/2776/1 2795/2777/1 615/2778/1
f 615/2778/1 2795/2777/1 2792/2774/1 270/2773/1
f 261/2779/1 2796/2780/1 2797/2781/1 658/390/1
f 658/390/1 2797/2781/1 2798/2782/1 69/387/1
f 69/387/1 2798/2782/1 2799/2783/1 654/16/1
f 654/16/1 2799/2783/1 2796/2780/1 261/2779/1
f 260/2087/1 2800/2784/1 2801/2785/1 659/2309/1
f 659/2309/1 2801/2785/1 2802/2786/1 381/2787/1
f 381/2787/1 2802/2786/1 2803/2788/1 502/1476/1
f 502/1476/1 2803/2788/1 2800/2784/1 260/2087/1
f 43/1683/1 2804/2789/1 2805/2790/1 727/2493/1
f 727/2493/1 2805/2790/1 2806/2791/1 192/555/1
f 192/555/1 2806/2791/1 2807/2792/1 470/562/1
f 470/562/1 2807/2792/1 2804/2789/1 43/1683/1
f 148/477/1 2808/2793/1 2809/2794/1 813/484/1
f 813/484/1 2809/2794/1 2810/2795/1 432/925/1
f 432/925/1 2810/2795/1 2811/2796/1 812/2735/1
f 812/2735/1 2811/2796/1 2808/2793/1 148/477/1
f 276/2168/1 2812/2797/1 2813/2798/1 635/2166/1
f 635/2166/1 2813/2798/1 2814/2799/1 373/588/1
f 373/588/1 2814/2799/1 2815/2800/1 510/1022/1
f 510/1022/1 2815/2800/1 2812/2797/1 276/2168/1
f 269/455/1 2816/2801/1 2817/2802/1 642/1149/1
f 642/1149/1 2817/2802/1 2818/2803/1 375/1147/1
f 375/1147/1 2818/2803/1 2819/2804/1 641/2370/1
f 641/2370/1 2819/2804/1 2816/2801/1 269/455/1
f 221/357/1 2820/2805/1 2821/2806/1 710/339/1
f 710/339/1 2821/2806/1 2822/2807/1 59/336/1
f 59/336/1 2822/2807/1 2823/2808/1 484/359/1
f 484/359/1 2823/2808/1 2820/2805/1 221/357/1
f 378/1173/1 2824/2809/1 2825/2810/1 652/2476/1
f 652/2476/1 2825/2810/1 2826/2811/1 265/1433/1
f 265/1433/1 2826/2811/1 2827/2812/1 505/2395/1
f 505/2395/1 2827/2812/1 2824/2809/1 378/1173/1
f 397/2660/1 2828/2813/1 2829/2814/1 709/1961/1
f 709/1961/1 2829/2814/1 2830/2815/1 225/170/1
f 225/170/1 2830/2815/1 2831/2816/1 486/177/1
f 486/177/1 2831/2816/1 2828/2813/1 397/2660/1
f 82/2393/1 2832/2817/1 2833/2818/1 622/1062/1
f 622/1062/1 2833/2818/1 2834/2819/1 266/1142/1
f 266/1142/1 2834/2819/1 2835/2820/1 505/2395/1
f 505/2395/1 2835/2820/1 2832/2817/1 82/2393/1
f 162/112/1 2836/2821/1 2837/2822/1 794/119/1
f 794/119/1 2837/2822/1 2838/2823/1 28/2824/1
f 28/2824/1 2838/2823/1 2839/2825/1 456/1750/1
f 456/1750/1 2839/2825/1 2836/2821/1 162/112/1
f 83/2414/1 2840/2826/1 2841/2827/1 644/2828/1
f 644/2828/1 2841/2827/1 2842/2829/1 270/2773/1
f 270/2773/1 2842/2829/1 2843/2830/1 615/2778/1
f 615/2778/1 2843/2830/1 2840/2826/1 83/2414/1
f 406/275/1 2844/2831/1 2845/2832/1 736/1068/1
f 736/1068/1 2845/2832/1 2846/2833/1 206/286/1
f 206/286/1 2846/2833/1 2847/2834/1 477/2424/1
f 477/2424/1 2847/2834/1 2844/2831/1 406/275/1
f 415/1123/1 2848/2835/1 2849/2836/1 763/1135/1
f 763/1135/1 2849/2836/1 2850/2837/1 187/2326/1
f 187/2326/1 2850/2837/1 2851/2838/1 468/1125/1
f 468/1125/1 2851/2838/1 2848/2835/1 415/1123/1
f 309/262/1 2852/2839/1 2853/2840/1 585/2301/1
f 585/2301/1 2853/2840/1 2854/2841/1 356/2741/1
f 356/2741/1 2854/2841/1 2855/2842/1 584/265/1
f 584/265/1 2855/2842/1 2852/2839/1 309/262/1
f 30/2843/1 2856/2844/1 2857/2845/1 788/574/1
f 788/574/1 2857/2845/1 2858/2846/1 169/202/1
f 169/202/1 2858/2846/1 2859/2847/1 759/209/1
f 759/209/1 2859/2847/1 2856/2844/1 30/2843/1
f 375/1147/1 2860/2848/1 2861/2849/1 643/347/1
f 643/347/1 2861/2849/1 2862/2850/1 271/120/1
f 271/120/1 2862/2850/1 2863/2851/1 508/127/1
f 508/127/1 2863/2851/1 2860/2848/1 375/1147/1
f 250/1262/1 2864/2852/1 2865/2853/1 669/1388/1
f 669/1388/1 2865/2853/1 2866/2854/1 384/474/1
f 384/474/1 2866/2854/1 2867/2855/1 668/472/1
f 668/472/1 2867/2855/1 2864/2852/1 250/1262/1
f 273/698/1 2868/2856/1 2869/2857/1 640/696/1
f 640/696/1 2869/2857/1 2870/2858/1 75/1222/1
f 75/1222/1 2870/2858/1 2871/2859/1 636/590/1
f 636/590/1 2871/2859/1 2868/2856/1 273/698/1
f 264/2255/1 2872/2860/1 2873/2861/1 653/1153/1
f 653/1153/1 2873/2861/1 2874/2862/1 379/14/1
f 379/14/1 2874/2862/1 2875/2863/1 504/1106/1
f 504/1106/1 2875/2863/1 2872/2860/1 264/2255/1
f 271/120/1 2876/2864/1 2877/2865/1 643/347/1
f 643/347/1 2877/2865/1 2878/2866/1 74/344/1
f 74/344/1 2878/2866/1 2879/2867/1 639/1192/1
f 639/1192/1 2879/2867/1 2876/2864/1 271/120/1
f 136/991/1 2880/2868/1 2881/2869/1 825/998/1
f 825/998/1 2881/2869/1 2882/2870/1 436/1834/1
f 436/1834/1 2882/2870/1 2883/2871/1 824/1931/1
f 824/1931/1 2883/2871/1 2880/2868/1 136/991/1
f 355/1220/1 2884/2872/1 2885/2873/1 583/1218/1
f 583/1218/1 2885/2873/1 2886/2874/1 313/876/1
f 313/876/1 2886/2874/1 2887/2875/1 528/2876/1
f 528/2876/1 2887/2875/1 2884/2872/1 355/1220/1
f 277/2877/1 2888/2878/1 2889/2879/1 88/493/1
f 88/493/1 2889/2879/1 2890/2880/1 511/499/1
f 511/499/1 2890/2880/1 2888/2878/1 277/2877/1
f 141/1829/1 2891/2881/1 2892/2882/1 823/1823/1
f 823/1823/1 2892/2882/1 2893/2883/1 435/1741/1
f 435/1741/1 2893/2883/1 2894/2884/1 822/1767/1
f 822/1767/1 2894/2884/1 2891/2881/1 141/1829/1
f 18/1640/1 2895/2885/1 2896/2886/1 821/1739/1
f 821/1739/1 2896/2886/1 2897/2887/1 143/162/1
f 143/162/1 2897/2887/1 2898/2888/1 792/169/1
f 792/169/1 2898/2888/1 2895/2885/1 18/1640/1
f 430/1789/1 2899/2889/1 2900/2890/1 808/2891/1
f 808/2891/1 2900/2890/1 2901/2892/1 156/2893/1
f 156/2893/1 2901/2892/1 2902/2894/1 453/985/1
f 453/985/1 2902/2894/1 2899/2889/1 430/1789/1
f 101/1775/1 2903/2895/1 2904/2896/1 596/656/1
f 596/656/1 2904/2896/1 2905/2897/1 304/834/1
f 304/834/1 2905/2897/1 2906/2898/1 567/839/1
f 567/839/1 2906/2898/1 2903/2895/1 101/1775/1
f 157/2899/1 2907/2900/1 2908/2901/1 806/1656/1
f 806/1656/1 2908/2901/1 2909/2902/1 430/1789/1
f 430/1789/1 2909/2902/1 2910/2903/1 453/985/1
f 453/985/1 2910/2903/1 2907/2900/1 157/2899/1
f 94/65/1 2911/2904/1 2912/2905/1 614/428/1
f 614/428/1 2912/2905/1 2913/2906/1 291/425/1
f 291/425/1 2913/2906/1 2914/2907/1 585/2301/1
f 585/2301/1 2914/2907/1 2911/2904/1 94/65/1
f 89/2908/1 2915/2909/1 2916/2910/1 629/2378/1
f 629/2378/1 2916/2910/1 2917/2911/1 281/2912/1
f 281/2912/1 2917/2911/1 2918/2913/1 600/873/1
f 600/873/1 2918/2913/1 2915/2909/1 89/2908/1
f 230/2504/1 2919/2914/1 2920/2915/1 673/1260/1
f 673/1260/1 2920/2915/1 2921/2916/1 385/462/1
f 385/462/1 2921/2916/1 2922/2917/1 672/704/1
f 672/704/1 2922/2917/1 2919/2914/1 230/2504/1
f 148/477/1 2923/2918/1 2924/2919/1 812/2735/1
f 812/2735/1 2924/2919/1 2925/2920/1 21/2033/1
f 21/2033/1 2925/2920/1 2926/2921/1 450/648/1
f 450/648/1 2926/2921/1 2923/2918/1 148/477/1
f 26/2710/1 2927/2922/1 2928/2923/1 775/1645/1
f 775/1645/1 2928/2923/1 2929/2924/1 159/2751/1
f 159/2751/1 2929/2924/1 2930/2925/1 454/1202/1
f 454/1202/1 2930/2925/1 2927/2922/1 26/2710/1
f 266/1142/1 2931/2926/1 2932/2927/1 622/1062/1
f 622/1062/1 2932/2927/1 2933/2928/1 368/1059/1
f 368/1059/1 2933/2928/1 2934/2929/1 621/1117/1
f 621/1117/1 2934/2929/1 2931/2926/1 266/1142/1
f 216/2930/1 2935/2931/1 2936/2932/1 720/2933/1
f 720/2933/1 2936/2932/1 2937/2934/1 401/1441/1
f 401/1441/1 2937/2934/1 2938/2935/1 719/2936/1
f 719/2936/1 2938/2935/1 2935/2931/1 216/2930/1
f 192/555/1 2939/2937/1 2940/2938/1 727/2493/1
f 727/2493/1 2940/2938/1 2941/2939/1 403/523/1
f 403/523/1 2941/2939/1 2942/2940/1 726/492/1
f 726/492/1 2942/2940/1 2939/2937/1 192/555/1
f 53/450/1 2943/2941/1 2944/2942/1 725/525/1
f 725/525/1 2944/2942/1 2945/2943/1 213/1185/1
f 213/1185/1 2945/2943/1 2946/2944/1 696/108/1
f 696/108/1 2946/2944/1 2943/2941/1 53/450/1
f 217/367/1 2947/2945/1 2948/2946/1 716/374/1
f 716/374/1 2948/2946/1 2949/2947/1 57/1575/1
f 57/1575/1 2949/2947/1 2950/2948/1 482/1447/1
f 482/1447/1 2950/2948/1 2947/2945/1 217/367/1
f 218/2291/1 2951/2949/1 2952/2950/1 719/2936/1
f 719/2936/1 2952/2950/1 2953/2951/1 401/1441/1
f 401/1441/1 2953/2951/1 2954/2952/1 482/1447/1
f 482/1447/1 2954/2952/1 2951/2949/1 218/2291/1
f 103/844/1 2955/2953/1 2956/2954/1 565/1967/1
f 565/1967/1 2956/2954/1 2957/2955/1 306/999/1
f 306/999/1 2957/2955/1 2958/2956/1 524/846/1
f 524/846/1 2958/2956/1 2955/2953/1 103/844/1
f 75/1222/1 2959/2957/1 2960/2958/1 640/696/1
f 640/696/1 2960/2958/1 2961/2959/1 253/469/1
f 253/469/1 2961/2959/1 2962/2960/1 499/476/1
f 499/476/1 2962/2960/1 2959/2957/1 75/1222/1
f 28/2824/1 2963/2961/1 2964/2962/1 794/119/1
f 794/119/1 2964/2962/1 2965/2963/1 165/1913/1
f 165/1913/1 2965/2963/1 2966/2964/1 765/189/1
f 765/189/1 2966/2964/1 2963/2961/1 28/2824/1
f 248/701/1 2967/2965/1 2968/2966/1 676/1274/1
f 676/1274/1 2968/2966/1 2969/2967/1 62/1625/1
f 62/1625/1 2969/2967/1 2970/2968/1 672/704/1
f 672/704/1 2970/2968/1 2967/2965/1 248/701/1
f 270/2773/1 2971/2969/1 2972/2970/1 644/2828/1
f 644/2828/1 2972/2970/1 2973/2971/1 376/199/1
f 376/199/1 2973/2971/1 2974/2972/1 507/457/1
f 507/457/1 2974/2972/1 2971/2969/1 270/2773/1
f 290/1040/1 2975/2973/1 2976/2974/1 616/1038/1
f 616/1038/1 2976/2974/1 2977/2975/1 84/2436/1
f 84/2436/1 2977/2975/1 2978/2976/1 612/2977/1
f 612/2977/1 2978/2976/1 2975/2973/1 290/1040/1
f 261/1150/1 2979/2978/1 2980/2979/1 654/16/1
f 654/16/1 2980/2979/1 2981/2980/1 379/14/1
f 379/14/1 2981/2980/1 2982/2981/1 653/1153/1
f 653/1153/1 2982/2981/1 2979/2978/1 261/1150/1
f 84/2436/1 2983/2982/1 2984/2983/1 641/2370/1
f 641/2370/1 2984/2983/1 2985/2984/1 272/1618/1
f 272/1618/1 2985/2984/1 2986/2985/1 612/2977/1
f 612/2977/1 2986/2985/1 2983/2982/1 84/2436/1
f 165/626/1 2987/2986/1 2988/2987/1 794/119/1
f 794/119/1 2988/2987/1 2989/2988/1 426/117/1
f 426/117/1 2989/2988/1 2990/2989/1 457/628/1
f 457/628/1 2990/2989/1 2987/2986/1 165/626/1
f 288/1051/1 2991/2990/1 2992/2991/1 615/2778/1
f 615/2778/1 2992/2991/1 2993/2992/1 366/430/1
f 366/430/1 2993/2992/1 2994/2993/1 614/428/1
f 614/428/1 2994/2993/1 2991/2990/1 288/1051/1
f 191/1934/1 2995/2994/1 2996/2995/1 752/436/1
f 752/436/1 2996/2995/1 2997/2996/1 43/1683/1
f 43/1683/1 2997/2996/1 2998/2997/1 470/562/1
f 470/562/1 2998/2997/1 2995/2994/1 191/1934/1
f 303/2154/1 2999/2998/1 3000/2999/1 593/1002/1
f 593/1002/1 3000/2999/1 3001/3000/1 102/2191/1
f 102/2191/1 3001/3000/1 3002/3001/1 523/2196/1
f 523/2196/1 3002/3001/1 2999/2998/1 303/2154/1
f 252/913/1 3003/3002/1 3004/3003/1 665/1225/1
f 665/1225/1 3004/3003/1 3005/3004/1 75/1222/1
f 75/1222/1 3005/3004/1 3006/3005/1 499/476/1
f 499/476/1 3006/3005/1 3003/3002/1 252/913/1
f 298/1085/1 3007/3006/1 3008/3007/1 99/965/1
f 99/965/1 3008/3007/1 3009/3008/1 521/598/1
f 521/598/1 3009/3008/1 3007/3006/1 298/1085/1
f 129/1884/1 3010/3009/1 3011/3010/1 835/1889/1
f 835/1889/1 3011/3010/1 3012/3011/1 439/634/1
f 439/634/1 3012/3011/1 3013/3012/1 834/632/1
f 834/632/1 3013/3012/1 3010/3009/1 129/1884/1
f 353/719/1 3014/3013/1 3015/3014/1 577/717/1
f 577/717/1 3015/3014/1 3016/3015/1 317/853/1
f 317/853/1 3016/3015/1 3017/3016/1 530/40/1
f 530/40/1 3017/3016/1 3014/3013/1 353/719/1
f 168/94/1 3018/3017/1 3019/3018/1 786/2698/1
f 786/2698/1 3019/3018/1 3020/3019/1 423/3020/1
f 423/3020/1 3020/3019/1 3021/3021/1 785/2097/1
f 785/2097/1 3021/3021/1 3018/3017/1 168/94/1
f 305/840/1 3022/3022/1 3023/3023/1 595/2131/1
f 595/2131/1 3023/3023/1 3024/3024/1 92/904/1
f 92/904/1 3024/3024/1 3025/3025/1 591/938/1
f 591/938/1 3025/3025/1 3022/3022/1 305/840/1
f 150/1793/1 3026/3026/1 3027/3027/1 814/928/1
f 814/928/1 3027/3027/1 3028/3028/1 432/925/1
f 432/925/1 3028/3028/1 3029/3029/1 813/484/1
f 813/484/1 3029/3029/1 3026/3026/1 150/1793/1
f 290/1040/1 3030/3030/1 3031/3031/1 612/2977/1
f 612/2977/1 3031/3031/1 3032/3032/1 365/503/1
f 365/503/1 3032/3032/1 3033/3033/1 611/420/1
f 611/420/1 3033/3033/1 3030/3030/1 290/1040/1
f 349/223/1 3034/3034/1 3035/3035/1 565/1967/1
f 565/1967/1 3035/3035/1 3036/3036/1 326/798/1
f 326/798/1 3036/3036/1 3037/3037/1 534/863/1
f 534/863/1 3037/3037/1 3034/3034/1 349/223/1
f 423/3020/1 3038/3038/1 3039/3039/1 787/2031/1
f 787/2031/1 3039/3039/1 3040/3040/1 170/148/1
f 170/148/1 3040/3040/1 3041/3041/1 460/1030/1
f 460/1030/1 3041/3041/1 3038/3038/1 423/3020/1
f 128/1328/1 3042/3042/1 3043/3043/1 808/2891/1
f 808/2891/1 3043/3043/1 3044/3044/1 430/1789/1
f 430/1789/1 3044/3044/1 3045/3045/1 807/1682/1
f 807/1682/1 3045/3045/1 3042/3042/1 128/1328/1
f 296/829/1 3046/3046/1 3047/3047/1 602/594/1
f 602/594/1 3047/3047/1 3048/3048/1 98/736/1
f 98/736/1 3048/3048/1 3049/3049/1 520/1483/1
f 520/1483/1 3049/3049/1 3046/3046/1 296/829/1
f 45/3050/1 3050/3051/1 3051/3052/1 749/1370/1
f 749/1370/1 3051/3052/1 3052/3053/1 197/1524/1
f 197/1524/1 3052/3053/1 3053/3054/1 720/2933/1
f 720/2933/1 3053/3054/1 3050/3051/1 45/3050/1
f 203/246/1 3054/3055/1 3055/3056/1 712/317/1
f 712/317/1 3055/3056/1 3056/3057/1 398/314/1
f 398/314/1 3056/3057/1 3057/3058/1 711/1408/1
f 711/1408/1 3057/3058/1 3054/3055/1 203/246/1
f 62/1625/1 3058/3059/1 3059/3060/1 701/1623/1
f 701/1623/1 3059/3060/1 3060/3061/1 230/2504/1
f 230/2504/1 3060/3061/1 3061/3062/1 672/704/1
f 672/704/1 3061/3062/1 3058/3059/1 62/1625/1
f 305/840/1 3062/3063/1 3063/3064/1 591/938/1
f 591/938/1 3063/3064/1 3064/3065/1 358/684/1
f 358/684/1 3064/3065/1 3065/3066/1 590/682/1
f 590/682/1 3065/3066/1 3062/3063/1 305/840/1
f 36/3067/1 3066/3068/1 3067/3069/1 773/2271/1
f 773/2271/1 3067/3069/1 3068/3070/1 180/1536/1
f 180/1536/1 3068/3070/1 3069/3071/1 744/1114/1
f 744/1114/1 3069/3071/1 3066/3068/1 36/3067/1
f 183/186/1 3070/3072/1 3071/3073/1 764/193/1
f 764/193/1 3071/3073/1 3072/3074/1 39/1310/1
f 39/1310/1 3072/3074/1 3073/3075/1 466/2413/1
f 466/2413/1 3073/3075/1 3070/3072/1 183/186/1
f 357/922/1 3074/3076/1 3075/3077/1 589/68/1
f 589/68/1 3075/3077/1 3076/3078/1 309/262/1
f 309/262/1 3076/3078/1 3077/3079/1 526/269/1
f 526/269/1 3077/3079/1 3074/3076/1 357/922/1
f 173/1664/1 3078/3080/1 3079/3081/1 782/153/1
f 782/153/1 3079/3081/1 3080/3082/1 422/78/1
f 422/78/1 3080/3082/1 3081/3083/1 461/1666/1
f 461/1666/1 3081/3083/1 3078/3080/1 173/1664/1
f 324/218/1 3082/3084/1 3083/3085/1 563/225/1
f 563/225/1 3083/3085/1 3084/3086/1 113/3087/1
f 113/3087/1 3084/3086/1 3085/3088/1 533/749/1
f 533/749/1 3085/3088/1 3082/3084/1 324/218/1
f 218/2291/1 3086/3089/1 3087/3090/1 691/2047/1
f 691/2047/1 3087/3090/1 3088/3091/1 391/957/1
f 391/957/1 3088/3091/1 3089/3092/1 690/955/1
f 690/955/1 3089/3092/1 3086/3089/1 218/2291/1
f 130/1903/1 3090/3093/1 3091/3094/1 835/1889/1
f 835/1889/1 3091/3094/1 3092/3095/1 4/1867/1
f 4/1867/1 3092/3095/1 3093/3096/1 831/1872/1
f 831/1872/1 3093/3096/1 3090/3093/1 130/1903/1
f 187/2326/1 3094/3097/1 3095/3098/1 758/229/1
f 758/229/1 3095/3098/1 3096/3099/1 41/2015/1
f 41/2015/1 3096/3099/1 3097/3100/1 468/1125/1
f 468/1125/1 3097/3100/1 3094/3097/1 187/2326/1
f 373/588/1 3098/3101/1 3099/3102/1 637/586/1
f 637/586/1 3099/3102/1 3100/3103/1 275/776/1
f 275/776/1 3100/3103/1 3101/3104/1 510/1022/1
f 510/1022/1 3101/3104/1 3098/3101/1 373/588/1
f 25/949/1 3102/3105/1 3103/3106/1 778/765/1
f 778/765/1 3103/3106/1 3104/3107/1 157/2899/1
f 157/2899/1 3104/3107/1 3105/3108/1 453/985/1
f 453/985/1 3105/3108/1 3102/3105/1 25/949/1
f 197/1524/1 3106/3109/1 3107/3110/1 721/1444/1
f 721/1444/1 3107/3110/1 3108/3111/1 401/1441/1
f 401/1441/1 3108/3111/1 3109/3112/1 720/2933/1
f 720/2933/1 3109/3112/1 3106/3109/1 197/1524/1
f 174/3113/1 3110/3114/1 3111/3115/1 780/3116/1
f 780/3116/1 3111/3115/1 3112/3117/1 421/3118/1
f 421/3118/1 3112/3117/1 3113/3119/1 779/3120/1
f 779/3120/1 3113/3119/1 3110/3114/1 174/3113/1
f 281/2912/1 3114/3121/1 3115/3122/1 629/2378/1
f 629/2378/1 3115/3122/1 3116/3123/1 371/2091/1
f 371/2091/1 3116/3123/1 3117/3124/1 512/1696/1
f 512/1696/1 3117/3124/1 3114/3121/1 281/2912/1
f 317/853/1 3118/3125/1 3119/3126/1 572/973/1
f 572/973/1 3119/3126/1 3120/3127/1 109/33/1
f 109/33/1 3120/3127/1 3121/3128/1 530/40/1
f 530/40/1 3121/3128/1 3118/3125/1 317/853/1
f 360/654/1 3122/3129/1 3123/3130/1 598/602/1
f 598/602/1 3123/3130/1 3124/3131/1 303/3132/1
f 303/3132/1 3124/3131/1 3125/3133/1 523/2196/1
f 523/2196/1 3125/3133/1 3122/3129/1 360/654/1
f 319/3134/1 3126/3135/1 3127/3136/1 110/1562/1
f 110/1562/1 3127/3136/1 3128/3137/1 531/977/1
f 531/977/1 3128/3137/1 3126/3135/1 319/3134/1
f 276/2168/1 3129/3138/1 3130/3139/1 607/1480/1
f 607/1480/1 3130/3139/1 3131/3140/1 363/1477/1
f 363/1477/1 3131/3140/1 3132/3141/1 606/1669/1
f 606/1669/1 3132/3141/1 3129/3138/1 276/2168/1
f 318/38/1 3133/3142/1 3134/3143/1 575/2206/1
f 575/2206/1 3134/3143/1 3135/3144/1 353/719/1
f 353/719/1 3135/3144/1 3136/3145/1 530/40/1
f 530/40/1 3136/3145/1 3133/3142/1 318/38/1
f 140/1928/1 3137/3146/1 3138/3147/1 796/667/1
f 796/667/1 3138/3147/1 3139/3148/1 426/117/1
f 426/117/1 3139/3148/1 3140/3149/1 795/115/1
f 795/115/1 3140/3149/1 3137/3146/1 140/1928/1
f 112/3150/1 3141/3151/1 3142/3152/1 323/1232/1
f 323/1232/1 3142/3152/1 3143/3153/1 532/1237/1
f 532/1237/1 3143/3153/1 3141/3151/1 112/3150/1
f 325/3154/1 3144/3155/1 3145/3156/1 566/2024/1
f 566/2024/1 3145/3156/1 3146/3157/1 350/742/1
f 350/742/1 3146/3157/1 3147/3158/1 533/749/1
f 533/749/1 3147/3158/1 3144/3155/1 325/3154/1
f 313/876/1 3148/3159/1 3149/3160/1 583/1218/1
f 583/1218/1 3149/3160/1 3150/3161/1 96/1080/1
f 96/1080/1 3150/3161/1 3151/3162/1 579/879/1
f 579/879/1 3151/3162/1 3148/3159/1 313/876/1
f 113/3087/1 3152/3163/1 3153/3164/1 325/3154/1
f 325/3154/1 3153/3164/1 3154/3165/1 533/749/1
f 533/749/1 3154/3165/1 3152/3163/1 113/3087/1
f 267/2387/1 3155/3166/1 3156/3167/1 644/2828/1
f 644/2828/1 3156/3167/1 3157/3168/1 83/2414/1
f 83/2414/1 3157/3168/1 3158/3169/1 506/2389/1
f 506/2389/1 3158/3169/1 3155/3166/1 267/2387/1
f 324/747/1 3159/3170/1 3160/3171/1 568/745/1
f 568/745/1 3160/3171/1 3161/3172/1 102/2191/1
f 102/2191/1 3161/3172/1 3162/3173/1 564/221/1
f 564/221/1 3162/3173/1 3159/3170/1 324/747/1
f 114/3174/1 3163/3175/1 3164/3176/1 327/858/1
f 327/858/1 3164/3176/1 3165/3177/1 534/863/1
f 534/863/1 3165/3177/1 3163/3175/1 114/3174/1
f 149/2696/1 3166/3178/1 3167/3179/1 787/2031/1
f 787/2031/1 3167/3179/1 3168/3180/1 423/3020/1
f 423/3020/1 3168/3180/1 3169/3181/1 786/2698/1
f 786/2698/1 3169/3181/1 3166/3178/1 149/2696/1
f 134/1208/1 3170/3182/1 3171/3183/1 802/1972/1
f 802/1972/1 3171/3183/1 3172/3184/1 428/102/1
f 428/102/1 3172/3184/1 3173/3185/1 801/100/1
f 801/100/1 3173/3185/1 3170/3182/1 134/1208/1
f 115/3186/1 3174/3187/1 3175/3188/1 329/1531/1
f 329/1531/1 3175/3188/1 3176/3189/1 535/818/1
f 535/818/1 3176/3189/1 3174/3187/1 115/3186/1
f 308/679/1 3177/3190/1 3178/3191/1 562/814/1
f 562/814/1 3178/3191/1 3179/3192/1 348/803/1
f 348/803/1 3179/3192/1 3180/3193/1 561/801/1
f 561/801/1 3180/3193/1 3177/3190/1 308/679/1
f 338/711/1 3181/3194/1 3182/3195/1 542/2071/1
f 542/2071/1 3182/3195/1 3183/3196/1 120/3197/1
f 120/3197/1 3183/3196/1 3184/3198/1 540/713/1
f 540/713/1 3184/3198/1 3181/3194/1 338/711/1
f 116/3199/1 3185/3200/1 3186/3201/1 331/1992/1
f 331/1992/1 3186/3201/1 3187/3202/1 536/1853/1
f 536/1853/1 3187/3202/1 3185/3200/1 116/3199/1
f 17/2144/1 3188/3203/1 3189/3204/1 799/1747/1
f 799/1747/1 3189/3204/1 3190/3205/1 137/2283/1
f 137/2283/1 3190/3205/1 3191/3206/1 446/1866/1
f 446/1866/1 3191/3206/1 3188/3203/1 17/2144/1
f 132/1870/1 3192/3207/1 3193/3208/1 832/28/1
f 832/28/1 3193/3208/1 3194/3209/1 438/25/1
f 438/25/1 3194/3209/1 3195/3210/1 831/1872/1
f 831/1872/1 3195/3210/1 3192/3207/1 132/1870/1
f 117/3211/1 3196/3212/1 3197/3213/1 333/1948/1
f 333/1948/1 3197/3213/1 3198/3214/1 537/1728/1
f 537/1728/1 3198/3214/1 3196/3212/1 117/3211/1
f 125/726/1 3199/3215/1 3200/3216/1 839/1700/1
f 839/1700/1 3200/3216/1 3201/3217/1 441/41/1
f 441/41/1 3201/3217/1 3202/3218/1 442/48/1
f 442/48/1 3202/3218/1 3199/3215/1 125/726/1
f 330/847/1 3203/3219/1 3204/3220/1 554/852/1
f 554/852/1 3204/3220/1 3205/3221/1 116/3199/1
f 116/3199/1 3205/3221/1 3206/3222/1 536/1853/1
f 536/1853/1 3206/3222/1 3203/3219/1 330/847/1
f 118/3223/1 3207/3224/1 3208/3225/1 335/3226/1
f 335/3226/1 3208/3225/1 3209/3227/1 538/1012/1
f 538/1012/1 3209/3227/1 3207/3224/1 118/3223/1
f 134/1208/1 3210/3228/1 3211/3229/1 830/1206/1
f 830/1206/1 3211/3229/1 3212/3230/1 438/25/1
f 438/25/1 3212/3230/1 3213/3231/1 445/32/1
f 445/32/1 3213/3231/1 3210/3228/1 134/1208/1
f 336/755/1 3214/3232/1 3215/3233/1 550/825/1
f 550/825/1 3215/3233/1 3216/3234/1 108/2331/1
f 108/2331/1 3216/3234/1 3217/3235/1 546/758/1
f 546/758/1 3217/3235/1 3214/3232/1 336/755/1
f 119/3236/1 3218/3237/1 3219/3238/1 337/3239/1
f 337/3239/1 3219/3238/1 3220/3240/1 539/828/1
f 539/828/1 3220/3240/1 3218/3237/1 119/3236/1
f 318/38/1 3221/3241/1 3222/3242/1 547/36/1
f 547/36/1 3222/3242/1 3223/3243/1 343/707/1
f 343/707/1 3223/3243/1 3224/3244/1 546/758/1
f 546/758/1 3224/3244/1 3221/3241/1 318/38/1
f 139/1764/1 3225/3245/1 3226/3246/1 826/1837/1
f 826/1837/1 3226/3246/1 3227/3247/1 7/1826/1
f 7/1826/1 3227/3247/1 3228/3248/1 822/1767/1
f 822/1767/1 3228/3248/1 3225/3245/1 139/1764/1
f 120/3197/1 3229/3249/1 3230/3250/1 339/2040/1
f 339/2040/1 3230/3250/1 3231/3251/1 540/713/1
f 540/713/1 3231/3251/1 3229/3249/1 120/3197/1
f 146/1167/1 3232/3252/1 3233/3253/1 790/92/1
f 790/92/1 3233/3253/1 3234/3254/1 424/89/1
f 424/89/1 3234/3254/1 3235/3255/1 789/580/1
f 789/580/1 3235/3255/1 3232/3252/1 146/1167/1
f 340/3256/1 3236/3257/1 3237/3258/1 121/3259/1
f 121/3259/1 3237/3258/1 3238/3260/1 541/2074/1
f 541/2074/1 3238/3260/1 3236/3257/1 340/3256/1
f 121/3259/1 3239/3261/1 3240/3262/1 341/2068/1
f 341/2068/1 3240/3262/1 3241/3263/1 541/2074/1
f 541/2074/1 3241/3263/1 3239/3261/1 121/3259/1
f 338/711/1 3242/3264/1 3243/3265/1 543/735/1
f 543/735/1 3243/3265/1 3244/3266/1 342/733/1
f 342/733/1 3244/3266/1 3245/3267/1 542/2071/1
f 542/2071/1 3245/3267/1 3242/3264/1 338/711/1
f 341/2068/1 3246/3268/1 3247/3269/1 120/3197/1
f 120/3197/1 3247/3269/1 3248/3270/1 542/2071/1
f 542/2071/1 3248/3270/1 3246/3268/1 341/2068/1
f 342/733/1 3249/3271/1 3250/3272/1 544/731/1
f 544/731/1 3250/3272/1 3251/3273/1 340/3256/1
f 340/3256/1 3251/3273/1 3252/3274/1 541/2074/1
f 541/2074/1 3252/3274/1 3249/3271/1 342/733/1
f 80/3275/1 3253/3276/1 3254/3277/1 653/1153/1
f 653/1153/1 3254/3277/1 3255/3278/1 264/2255/1
f 264/2255/1 3255/3278/1 3256/3279/1 624/550/1
f 624/550/1 3256/3279/1 3253/3276/1 80/3275/1
f 110/1562/1 3257/3280/1 3258/3281/1 340/3256/1
f 340/3256/1 3258/3281/1 3259/3282/1 544/731/1
f 544/731/1 3259/3282/1 3257/3280/1 110/1562/1
f 339/2040/1 3260/3283/1 3261/3284/1 119/3236/1
f 119/3236/1 3261/3284/1 3262/3285/1 545/761/1
f 545/761/1 3262/3285/1 3260/3283/1 339/2040/1
f 311/2724/1 3263/3286/1 3264/3287/1 582/424/1
f 582/424/1 3264/3287/1 3265/3288/1 355/1220/1
f 355/1220/1 3265/3288/1 3266/3289/1 581/2770/1
f 581/2770/1 3266/3289/1 3263/3286/1 311/2724/1
f 152/73/1 3267/3290/1 3268/3291/1 812/2735/1
f 812/2735/1 3268/3291/1 3269/3292/1 432/925/1
f 432/925/1 3269/3292/1 3270/3293/1 451/380/1
f 451/380/1 3270/3293/1 3267/3290/1 152/73/1
f 337/3239/1 3271/3294/1 3272/3295/1 118/3223/1
f 118/3223/1 3272/3295/1 3273/3296/1 548/789/1
f 548/789/1 3273/3296/1 3271/3294/1 337/3239/1
f 131/2007/1 3274/3297/1 3275/3298/1 805/1706/1
f 805/1706/1 3275/3298/1 3276/3299/1 429/1703/1
f 429/1703/1 3276/3299/1 3277/3300/1 804/3301/1
f 804/3301/1 3277/3300/1 3274/3297/1 131/2007/1
f 263/1099/1 3278/3302/1 3279/3303/1 655/12/1
f 655/12/1 3279/3303/1 3280/3304/1 70/2109/1
f 70/2109/1 3280/3304/1 3281/3305/1 651/1171/1
f 651/1171/1 3281/3305/1 3278/3302/1 263/1099/1
f 335/3226/1 3282/3306/1 3283/3307/1 117/3211/1
f 117/3211/1 3283/3307/1 3284/3308/1 551/3309/1
f 551/3309/1 3284/3308/1 3282/3306/1 335/3226/1
f 210/485/1 3285/3310/1 3286/3311/1 725/525/1
f 725/525/1 3286/3311/1 3287/3312/1 53/450/1
f 53/450/1 3287/3312/1 3288/3313/1 479/468/1
f 479/468/1 3288/3313/1 3285/3310/1 210/485/1
f 16/1214/1 3289/3314/1 3290/3315/1 827/1212/1
f 827/1212/1 3290/3315/1 3291/3316/1 137/2283/1
f 137/2283/1 3291/3316/1 3292/3317/1 798/1975/1
f 798/1975/1 3292/3317/1 3289/3314/1 16/1214/1
f 333/1948/1 3293/3318/1 3294/3319/1 116/3199/1
f 116/3199/1 3294/3319/1 3295/3320/1 554/852/1
f 554/852/1 3295/3320/1 3293/3318/1 333/1948/1
f 101/1775/1 3296/3321/1 3297/3322/1 571/1773/1
f 571/1773/1 3297/3322/1 3298/3323/1 302/134/1
f 302/134/1 3298/3323/1 3299/3324/1 522/141/1
f 522/141/1 3299/3324/1 3296/3321/1 101/1775/1
f 334/782/1 3300/3325/1 3301/3326/1 548/789/1
f 548/789/1 3301/3326/1 3302/3327/1 118/3223/1
f 118/3223/1 3302/3327/1 3303/3328/1 538/1012/1
f 538/1012/1 3303/3328/1 3300/3325/1 334/782/1
f 331/1992/1 3304/3329/1 3305/3330/1 115/3186/1
f 115/3186/1 3305/3330/1 3306/3331/1 557/1995/1
f 557/1995/1 3306/3331/1 3304/3329/1 331/1992/1
f 28/2682/1 3307/3332/1 3308/3333/1 769/2410/1
f 769/2410/1 3308/3333/1 3309/3334/1 163/2614/1
f 163/2614/1 3309/3334/1 3310/3335/1 456/1750/1
f 456/1750/1 3310/3335/1 3307/3332/1 28/2682/1
f 139/1764/1 3311/3336/1 3312/3337/1 821/1739/1
f 821/1739/1 3312/3337/1 3313/3338/1 18/1640/1
f 18/1640/1 3313/3338/1 3314/3339/1 447/1840/1
f 447/1840/1 3314/3339/1 3311/3336/1 139/1764/1
f 329/1531/1 3315/3340/1 3316/3341/1 114/3174/1
f 114/3174/1 3316/3341/1 3317/3342/1 560/805/1
f 560/805/1 3317/3342/1 3315/3340/1 329/1531/1
f 68/1957/1 3318/3343/1 3319/3344/1 686/56/1
f 686/56/1 3319/3344/1 3320/3345/1 241/392/1
f 241/392/1 3320/3345/1 3321/3346/1 657/1451/1
f 657/1451/1 3321/3346/1 3318/3343/1 68/1957/1
f 125/726/1 3322/3347/1 3323/3348/1 811/724/1
f 811/724/1 3323/3348/1 3324/3349/1 431/86/1
f 431/86/1 3324/3349/1 3325/3350/1 810/84/1
f 810/84/1 3325/3350/1 3322/3347/1 125/726/1
f 327/858/1 3326/3351/1 3327/3352/1 113/3353/1
f 113/3353/1 3327/3352/1 3328/3354/1 563/225/1
f 563/225/1 3328/3354/1 3326/3351/1 327/858/1
f 149/2696/1 3329/3355/1 3330/3356/1 815/2694/1
f 815/2694/1 3330/3356/1 3331/3357/1 433/643/1
f 433/643/1 3331/3357/1 3332/3358/1 450/648/1
f 450/648/1 3332/3358/1 3329/3355/1 149/2696/1
f 326/798/1 3333/3359/1 3334/3360/1 565/1967/1
f 565/1967/1 3334/3360/1 3335/3361/1 103/844/1
f 103/844/1 3335/3361/1 3336/3362/1 561/801/1
f 561/801/1 3336/3362/1 3333/3359/1 326/798/1
f 325/3154/1 3337/3363/1 3338/3364/1 112/3150/1
f 112/3150/1 3338/3364/1 3339/3365/1 566/2024/1
f 566/2024/1 3339/3365/1 3337/3363/1 325/3154/1
f 292/1076/1 3340/3366/1 3341/3367/1 613/1616/1
f 613/1616/1 3341/3367/1 3342/3368/1 85/125/1
f 85/125/1 3342/3368/1 3343/3369/1 609/1017/1
f 609/1017/1 3343/3369/1 3340/3366/1 292/1076/1
f 106/2001/1 3344/3370/1 3345/3371/1 556/793/1
f 556/793/1 3345/3371/1 3346/3372/1 312/790/1
f 312/790/1 3346/3372/1 3347/3373/1 527/2743/1
f 527/2743/1 3347/3373/1 3344/3370/1 106/2001/1
f 323/1232/1 3348/3374/1 3349/3375/1 111/3376/1
f 111/3376/1 3349/3375/1 3350/3377/1 569/678/1
f 569/678/1 3350/3377/1 3348/3374/1 323/1232/1
f 111/3376/1 3351/3378/1 3352/3379/1 321/671/1
f 321/671/1 3352/3379/1 3353/3380/1 569/678/1
f 569/678/1 3353/3380/1 3351/3378/1 111/3376/1
f 351/676/1 3354/3381/1 3355/3382/1 571/1773/1
f 571/1773/1 3355/3382/1 3356/3383/1 322/1770/1
f 322/1770/1 3356/3383/1 3357/3384/1 532/1237/1
f 532/1237/1 3357/3384/1 3354/3381/1 351/676/1
f 321/671/1 3358/3385/1 3359/3386/1 100/750/1
f 100/750/1 3359/3386/1 3360/3387/1 570/674/1
f 570/674/1 3360/3387/1 3358/3385/1 321/671/1
f 354/215/1 3361/3388/1 3362/3389/1 580/885/1
f 580/885/1 3362/3389/1 3363/3390/1 315/882/1
f 315/882/1 3363/3390/1 3364/3391/1 529/217/1
f 529/217/1 3364/3391/1 3361/3388/1 354/215/1
f 102/3392/1 3365/3393/1 3366/3394/1 593/1002/1
f 593/1002/1 3366/3394/1 3367/3395/1 306/999/1
f 306/999/1 3367/3395/1 3368/3396/1 564/221/1
f 564/221/1 3368/3396/1 3365/3393/1 102/3392/1
f 99/965/1 3369/3397/1 3370/3398/1 319/3134/1
f 319/3134/1 3370/3398/1 3371/3399/1 574/968/1
f 574/968/1 3371/3399/1 3369/3397/1 99/965/1
f 304/834/1 3372/3400/1 3373/3401/1 596/656/1
f 596/656/1 3373/3401/1 3374/3402/1 360/654/1
f 360/654/1 3374/3402/1 3375/3403/1 523/2196/1
f 523/2196/1 3375/3403/1 3372/3400/1 304/834/1
f 23/3404/1 3376/3405/1 3377/3406/1 809/88/1
f 809/88/1 3377/3406/1 3378/3407/1 155/3408/1
f 155/3408/1 3378/3407/1 3379/3409/1 780/3116/1
f 780/3116/1 3379/3409/1 3376/3405/1 23/3404/1
f 189/244/1 3380/3410/1 3381/3411/1 756/386/1
f 756/386/1 3381/3411/1 3382/3412/1 413/560/1
f 413/560/1 3382/3412/1 3383/3413/1 755/558/1
f 755/558/1 3383/3413/1 3380/3410/1 189/244/1
f 322/1770/1 3384/3414/1 3385/3415/1 566/2024/1
f 566/2024/1 3385/3415/1 3386/3416/1 112/3150/1
f 112/3150/1 3386/3416/1 3387/3417/1 532/1237/1
f 532/1237/1 3387/3417/1 3384/3414/1 322/1770/1
f 267/2387/1 3388/3418/1 3389/3419/1 645/201/1
f 645/201/1 3389/3419/1 3390/3420/1 376/199/1
f 376/199/1 3390/3420/1 3391/3421/1 644/2828/1
f 644/2828/1 3391/3421/1 3388/3418/1 267/2387/1
f 67/3422/1 3392/3423/1 3393/3424/1 689/959/1
f 689/959/1 3393/3424/1 3394/3425/1 239/2648/1
f 239/2648/1 3394/3425/1 3395/3426/1 660/3427/1
f 660/3427/1 3395/3426/1 3392/3423/1 67/3422/1
f 356/2741/1 3396/3428/1 3397/3429/1 586/2161/1
f 586/2161/1 3397/3429/1 3398/3430/1 311/2724/1
f 311/2724/1 3398/3430/1 3399/3431/1 527/2743/1
f 527/2743/1 3399/3431/1 3396/3428/1 356/2741/1
f 332/1726/1 3400/3432/1 3401/3433/1 552/2003/1
f 552/2003/1 3401/3433/1 3402/3434/1 345/1006/1
f 345/1006/1 3402/3434/1 3403/3435/1 551/3309/1
f 551/3309/1 3403/3435/1 3400/3432/1 332/1726/1
f 310/810/1 3404/3436/1 3405/3437/1 587/325/1
f 587/325/1 3405/3437/1 3406/3438/1 357/922/1
f 357/922/1 3406/3438/1 3407/3439/1 526/269/1
f 526/269/1 3407/3439/1 3404/3436/1 310/810/1
f 286/1064/1 3408/3440/1 3409/3441/1 622/1062/1
f 622/1062/1 3409/3441/1 3410/3442/1 82/2393/1
f 82/2393/1 3410/3442/1 3411/3443/1 618/620/1
f 618/620/1 3411/3443/1 3408/3440/1 286/1064/1
f 358/684/1 3412/3444/1 3413/3445/1 592/935/1
f 592/935/1 3413/3445/1 3414/3446/1 307/322/1
f 307/322/1 3414/3446/1 3415/3447/1 525/329/1
f 525/329/1 3415/3447/1 3412/3444/1 358/684/1
f 421/3118/1 3416/3448/1 3417/3449/1 781/660/1
f 781/660/1 3417/3449/1 3418/3450/1 175/1322/1
f 175/1322/1 3418/3450/1 3419/3451/1 462/1497/1
f 462/1497/1 3419/3451/1 3416/3448/1 421/3118/1
f 413/560/1 3420/3452/1 3421/3453/1 757/1026/1
f 757/1026/1 3421/3453/1 3422/3454/1 191/1934/1
f 191/1934/1 3422/3454/1 3423/3455/1 470/562/1
f 470/562/1 3423/3455/1 3420/3452/1 413/560/1
f 315/882/1 3424/3456/1 3425/3457/1 575/2206/1
f 575/2206/1 3425/3457/1 3426/3458/1 108/2331/1
f 108/2331/1 3426/3458/1 3427/3459/1 529/217/1
f 529/217/1 3427/3459/1 3424/3456/1 315/882/1
f 422/78/1 3428/3460/1 3429/3461/1 784/76/1
f 784/76/1 3429/3461/1 3430/3462/1 172/2207/1
f 172/2207/1 3430/3462/1 3431/3463/1 461/1666/1
f 461/1666/1 3431/3463/1 3428/3460/1 422/78/1
f 175/1322/1 3432/3464/1 3433/3465/1 776/1327/1
f 776/1327/1 3433/3465/1 3434/3466/1 35/531/1
f 35/531/1 3434/3466/1 3435/3467/1 462/1497/1
f 462/1497/1 3435/3467/1 3432/3464/1 175/1322/1
f 100/750/1 3436/3468/1 3437/3469/1 300/870/1
f 300/870/1 3437/3469/1 3438/3470/1 599/137/1
f 599/137/1 3438/3470/1 3436/3468/1 100/750/1
f 380/1453/1 3439/3471/1 3440/3472/1 658/390/1
f 658/390/1 3440/3472/1 3441/3473/1 261/2779/1
f 261/2779/1 3441/3473/1 3442/3474/1 503/1156/1
f 503/1156/1 3442/3474/1 3439/3471/1 380/1453/1
f 300/870/1 3443/3475/1 3444/3476/1 89/2908/1
f 89/2908/1 3444/3476/1 3445/3477/1 600/873/1
f 600/873/1 3445/3477/1 3443/3475/1 300/870/1
f 313/876/1 3446/3478/1 3447/3479/1 578/213/1
f 578/213/1 3447/3479/1 3448/3480/1 107/2217/1
f 107/2217/1 3448/3480/1 3449/3481/1 528/2876/1
f 528/2876/1 3449/3481/1 3446/3478/1 313/876/1
f 197/1524/1 3450/3482/1 3451/3483/1 749/1370/1
f 749/1370/1 3451/3483/1 3452/3484/1 411/1368/1
f 411/1368/1 3452/3484/1 3453/3485/1 472/540/1
f 472/540/1 3453/3485/1 3450/3482/1 197/1524/1
f 88/493/1 3454/3486/1 3455/3487/1 298/1085/1
f 298/1085/1 3455/3487/1 3456/3488/1 604/496/1
f 604/496/1 3456/3488/1 3454/3486/1 88/493/1
f 87/306/1 3457/3489/1 3458/3490/1 607/1480/1
f 607/1480/1 3458/3490/1 3459/3491/1 276/2168/1
f 276/2168/1 3459/3491/1 3460/3492/1 510/1022/1
f 510/1022/1 3460/3492/1 3457/3489/1 87/306/1
f 286/1064/1 3461/3493/1 3462/3494/1 617/1632/1
f 617/1632/1 3462/3494/1 3463/3495/1 93/939/1
f 93/939/1 3463/3495/1 3464/3496/1 515/944/1
f 515/944/1 3464/3496/1 3461/3493/1 286/1064/1
f 76/637/1 3465/3497/1 3466/3498/1 662/1927/1
f 662/1927/1 3466/3498/1 3467/3499/1 257/238/1
f 257/238/1 3467/3499/1 3468/3500/1 633/781/1
f 633/781/1 3468/3500/1 3465/3497/1 76/637/1
f 302/134/1 3469/3501/1 3470/3502/1 571/1773/1
f 571/1773/1 3470/3502/1 3471/3503/1 351/676/1
f 351/676/1 3471/3503/1 3472/3504/1 570/674/1
f 570/674/1 3472/3504/1 3469/3501/1 302/134/1
f 44/2346/1 3473/3505/1 3474/3506/1 724/1467/1
f 724/1467/1 3474/3506/1 3475/3507/1 194/433/1
f 194/433/1 3475/3507/1 3476/3508/1 471/440/1
f 471/440/1 3476/3508/1 3473/3505/1 44/2346/1
f 186/2281/1 3477/3509/1 3478/3510/1 764/193/1
f 764/193/1 3478/3510/1 3479/3511/1 416/191/1
f 416/191/1 3479/3511/1 3480/3512/1 467/261/1
f 467/261/1 3480/3512/1 3477/3509/1 186/2281/1
f 187/2326/1 3481/3513/1 3482/3514/1 763/1135/1
f 763/1135/1 3482/3514/1 3483/3515/1 30/1502/1
f 30/1502/1 3483/3515/1 3484/3516/1 759/209/1
f 759/209/1 3484/3516/1 3481/3513/1 187/2326/1
f 163/3517/1 3485/3518/1 3486/3519/1 769/2410/1
f 769/2410/1 3486/3519/1 3487/3520/1 417/183/1
f 417/183/1 3487/3520/1 3488/3521/1 768/181/1
f 768/181/1 3488/3521/1 3485/3518/1 163/3517/1
f 200/686/1 3489/3522/1 3490/3523/1 745/1539/1
f 745/1539/1 3490/3523/1 3491/3524/1 37/1572/1
f 37/1572/1 3491/3524/1 3492/3525/1 741/1518/1
f 741/1518/1 3492/3525/1 3489/3522/1 200/686/1
f 60/334/1 3493/3526/1 3494/3527/1 707/332/1
f 707/332/1 3494/3527/1 3495/3528/1 226/1286/1
f 226/1286/1 3495/3528/1 3496/3529/1 678/1292/1
f 678/1292/1 3496/3529/1 3493/3526/1 60/334/1
f 48/690/1 3497/3530/1 3498/3531/1 715/355/1
f 715/355/1 3498/3531/1 3499/3532/1 201/2662/1
f 201/2662/1 3499/3532/1 3500/3533/1 474/692/1
f 474/692/1 3500/3533/1 3497/3530/1 48/690/1
f 107/2217/1 3501/3534/1 3502/3535/1 553/1009/1
f 553/1009/1 3502/3535/1 3503/3536/1 314/2629/1
f 314/2629/1 3503/3536/1 3504/3537/1 528/2876/1
f 528/2876/1 3504/3537/1 3501/3534/1 107/2217/1
f 369/552/1 3505/3538/1 3506/3539/1 625/2253/1
f 625/2253/1 3506/3539/1 3507/3540/1 284/899/1
f 284/899/1 3507/3540/1 3508/3541/1 514/906/1
f 514/906/1 3508/3541/1 3505/3538/1 369/552/1
f 92/904/1 3509/3542/1 3510/3543/1 595/2131/1
f 595/2131/1 3510/3543/1 3511/3544/1 285/1071/1
f 285/1071/1 3511/3544/1 3512/3545/1 514/906/1
f 514/906/1 3512/3545/1 3509/3542/1 92/904/1
f 303/3132/1 3513/3546/1 3514/3547/1 598/602/1
f 598/602/1 3514/3547/1 3515/3548/1 91/599/1
f 91/599/1 3515/3548/1 3516/3549/1 594/2134/1
f 594/2134/1 3516/3549/1 3513/3546/1 303/3132/1
f 145/57/1 3517/3550/1 3518/3551/1 816/64/1
f 816/64/1 3518/3551/1 3519/3552/1 433/643/1
f 433/643/1 3519/3552/1 3520/3553/1 815/2694/1
f 815/2694/1 3520/3553/1 3517/3550/1 145/57/1
f 89/2908/1 3521/3554/1 3522/3555/1 279/2373/1
f 279/2373/1 3522/3555/1 3523/3556/1 629/2378/1
f 629/2378/1 3523/3556/1 3521/3554/1 89/2908/1
f 371/2091/1 3524/3557/1 3525/3558/1 631/2058/1
f 631/2058/1 3525/3558/1 3526/3559/1 280/1689/1
f 280/1689/1 3526/3559/1 3527/3560/1 512/1696/1
f 512/1696/1 3527/3560/1 3524/3557/1 371/2091/1
f 279/2373/1 3528/3561/1 3529/3562/1 78/2306/1
f 78/2306/1 3529/3562/1 3530/3563/1 630/2093/1
f 630/2093/1 3530/3563/1 3528/3561/1 279/2373/1
f 51/2422/1 3531/3564/1 3532/3565/1 706/1373/1
f 706/1373/1 3532/3565/1 3533/3566/1 207/1303/1
f 207/1303/1 3533/3566/1 3534/3567/1 477/2424/1
f 477/2424/1 3534/3567/1 3531/3564/1 51/2422/1
f 425/167/1 3535/3568/1 3536/3569/1 793/165/1
f 793/165/1 3536/3569/1 3537/3570/1 166/577/1
f 166/577/1 3537/3570/1 3538/3571/1 458/1162/1
f 458/1162/1 3538/3571/1 3535/3568/1 425/167/1
f 77/233/1 3539/3572/1 3540/3573/1 277/2877/1
f 277/2877/1 3540/3573/1 3541/3574/1 634/236/1
f 634/236/1 3541/3574/1 3539/3572/1 77/233/1
f 131/2007/1 3542/3575/1 3543/3576/1 833/636/1
f 833/636/1 3543/3576/1 3544/3577/1 439/634/1
f 439/634/1 3544/3577/1 3545/3578/1 444/1905/1
f 444/1905/1 3545/3578/1 3542/3575/1 131/2007/1
f 90/1694/1 3546/3579/1 3547/3580/1 601/2626/1
f 601/2626/1 3547/3580/1 3548/3581/1 281/2912/1
f 281/2912/1 3548/3581/1 3549/3582/1 512/1696/1
f 512/1696/1 3549/3582/1 3546/3579/1 90/1694/1
f 337/3239/1 3550/3583/1 3551/3584/1 548/789/1
f 548/789/1 3551/3584/1 3552/3585/1 344/787/1
f 344/787/1 3552/3585/1 3553/3586/1 539/828/1
f 539/828/1 3553/3586/1 3550/3583/1 337/3239/1
f 284/899/1 3554/3587/1 3555/3588/1 625/2253/1
f 625/2253/1 3555/3588/1 3556/3589/1 81/1104/1
f 81/1104/1 3556/3589/1 3557/3590/1 621/1117/1
f 621/1117/1 3557/3590/1 3554/3587/1 284/899/1
f 47/3591/1 3558/3592/1 3559/3593/1 743/509/1
f 743/509/1 3559/3593/1 3560/3594/1 201/2662/1
f 201/2662/1 3560/3594/1 3561/3595/1 714/1397/1
f 714/1397/1 3561/3595/1 3558/3592/1 47/3591/1
f 84/2436/1 3562/3596/1 3563/3597/1 616/1038/1
f 616/1038/1 3563/3597/1 3564/3598/1 270/2773/1
f 270/2773/1 3564/3598/1 3565/3599/1 507/457/1
f 507/457/1 3565/3599/1 3562/3596/1 84/2436/1
f 241/392/1 3566/3600/1 3567/3601/1 658/390/1
f 658/390/1 3567/3601/1 3568/3602/1 380/1453/1
f 380/1453/1 3568/3602/1 3569/3603/1 657/1451/1
f 657/1451/1 3569/3603/1 3566/3600/1 241/392/1
f 103/844/1 3570/3604/1 3571/3605/1 590/682/1
f 590/682/1 3571/3605/1 3572/3606/1 308/679/1
f 308/679/1 3572/3606/1 3573/3607/1 561/801/1
f 561/801/1 3573/3607/1 3570/3604/1 103/844/1
f 268/613/1 3574/3608/1 3575/3609/1 647/1440/1
f 647/1440/1 3575/3609/1 3576/3610/1 377/1438/1
f 377/1438/1 3576/3610/1 3577/3611/1 506/2389/1
f 506/2389/1 3577/3611/1 3574/3608/1 268/613/1
f 194/433/1 3578/3612/1 3579/3613/1 724/1467/1
f 724/1467/1 3579/3613/1 3580/3614/1 402/1464/1
f 402/1464/1 3580/3614/1 3581/3615/1 723/1688/1
f 723/1688/1 3581/3615/1 3578/3612/1 194/433/1
f 266/1142/1 3582/3616/1 3583/3617/1 650/1102/1
f 650/1102/1 3583/3617/1 3584/3618/1 378/1173/1
f 378/1173/1 3584/3618/1 3585/3619/1 505/2395/1
f 505/2395/1 3585/3619/1 3582/3616/1 266/1142/1
f 80/893/1 3586/3620/1 3587/3621/1 628/515/1
f 628/515/1 3587/3621/1 3588/3622/1 262/512/1
f 262/512/1 3588/3622/1 3589/3623/1 503/1156/1
f 503/1156/1 3589/3623/1 3586/3620/1 80/893/1
f 361/139/1 3590/3624/1 3591/3625/1 601/2626/1
f 601/2626/1 3591/3625/1 3592/3626/1 301/649/1
f 301/649/1 3592/3626/1 3593/3627/1 522/141/1
f 522/141/1 3593/3627/1 3590/3624/1 361/139/1
f 109/33/1 3594/3628/1 3595/3629/1 572/973/1
f 572/973/1 3595/3629/1 3596/3630/1 320/728/1
f 320/728/1 3596/3630/1 3597/3631/1 543/735/1
f 543/735/1 3597/3631/1 3594/3628/1 109/33/1
f 239/2648/1 3598/3632/1 3599/3633/1 661/1955/1
f 661/1955/1 3599/3633/1 3600/3634/1 381/2787/1
f 381/2787/1 3600/3634/1 3601/3635/1 660/3427/1
f 660/3427/1 3601/3635/1 3598/3632/1 239/2648/1
f 254/1922/1 3602/3636/1 3603/3637/1 667/909/1
f 667/909/1 3603/3637/1 3604/3638/1 65/1246/1
f 65/1246/1 3604/3638/1 3605/3639/1 663/1557/1
f 663/1557/1 3605/3639/1 3602/3636/1 254/1922/1
f 78/2306/1 3606/3640/1 3607/3641/1 258/3642/1
f 258/3642/1 3607/3641/1 3608/3643/1 659/2309/1
f 659/2309/1 3608/3643/1 3606/3640/1 78/2306/1
f 85/125/1 3609/3644/1 3610/3645/1 638/123/1
f 638/123/1 3610/3645/1 3611/3646/1 274/868/1
f 274/868/1 3611/3646/1 3612/3647/1 609/1017/1
f 609/1017/1 3612/3647/1 3609/3644/1 85/125/1
f 258/3642/1 3613/3648/1 3614/3649/1 67/3422/1
f 67/3422/1 3614/3649/1 3615/3650/1 660/3427/1
f 660/3427/1 3615/3650/1 3613/3648/1 258/3642/1
f 14/3651/1 3616/3652/1 3617/3653/1 833/636/1
f 833/636/1 3617/3653/1 3618/3654/1 131/2007/1
f 131/2007/1 3618/3654/1 3619/3655/1 804/3301/1
f 804/3301/1 3619/3655/1 3616/3652/1 14/3651/1
f 334/782/1 3620/3656/1 3621/3657/1 553/1009/1
f 553/1009/1 3621/3657/1 3622/3658/1 107/2217/1
f 107/2217/1 3622/3658/1 3623/3659/1 549/785/1
f 549/785/1 3623/3659/1 3620/3656/1 334/782/1
f 66/2186/1 3624/3660/1 3625/3661/1 256/1879/1
f 256/1879/1 3625/3661/1 3626/3662/1 664/1553/1
f 664/1553/1 3626/3662/1 3624/3660/1 66/2186/1
f 383/911/1 3627/3663/1 3628/3664/1 667/909/1
f 667/909/1 3628/3664/1 3629/3665/1 254/1922/1
f 254/1922/1 3629/3665/1 3630/3666/1 500/642/1
f 500/642/1 3630/3666/1 3627/3663/1 383/911/1
f 294/611/1 3631/3667/1 3632/3668/1 605/988/1
f 605/988/1 3632/3668/1 3633/3669/1 97/887/1
f 97/887/1 3633/3669/1 3634/3670/1 519/570/1
f 519/570/1 3634/3670/1 3631/3667/1 294/611/1
f 242/2104/1 3635/3671/1 3636/3672/1 681/343/1
f 681/343/1 3636/3672/1 3637/3673/1 388/1404/1
f 388/1404/1 3637/3673/1 3638/3674/1 680/2107/1
f 680/2107/1 3638/3674/1 3635/3671/1 242/2104/1
f 395/2622/1 3639/3675/1 3640/3676/1 703/544/1
f 703/544/1 3640/3676/1 3641/3677/1 229/541/1
f 229/541/1 3641/3677/1 3642/3678/1 488/1270/1
f 488/1270/1 3642/3678/1 3639/3675/1 395/2622/1
f 271/120/1 3643/3679/1 3644/3680/1 639/1192/1
f 639/1192/1 3644/3680/1 3645/3681/1 374/693/1
f 374/693/1 3645/3681/1 3646/3682/1 638/123/1
f 638/123/1 3646/3682/1 3643/3679/1 271/120/1
f 14/2229/1 3647/3683/1 3648/3684/1 808/2891/1
f 808/2891/1 3648/3684/1 3649/3685/1 128/1328/1
f 128/1328/1 3649/3685/1 3650/3686/1 443/1334/1
f 443/1334/1 3650/3686/1 3647/3683/1 14/2229/1
f 384/474/1 3651/3687/1 3652/3688/1 670/916/1
f 670/916/1 3652/3688/1 3653/3689/1 252/913/1
f 252/913/1 3653/3689/1 3654/3690/1 499/476/1
f 499/476/1 3654/3690/1 3651/3687/1 384/474/1
f 394/1392/1 3655/3691/1 3656/3692/1 700/448/1
f 700/448/1 3656/3692/1 3657/3693/1 231/105/1
f 231/105/1 3657/3693/1 3658/3694/1 489/1416/1
f 489/1416/1 3658/3694/1 3655/3691/1 394/1392/1
f 387/1290/1 3659/3695/1 3660/3696/1 679/363/1
f 679/363/1 3660/3696/1 3661/3697/1 246/360/1
f 246/360/1 3661/3697/1 3662/3698/1 496/1179/1
f 496/1179/1 3662/3698/1 3659/3695/1 387/1290/1
f 232/1414/1 3663/3699/1 3664/3700/1 698/1266/1
f 698/1266/1 3664/3700/1 3665/3701/1 394/1392/1
f 394/1392/1 3665/3701/1 3666/3702/1 489/1416/1
f 489/1416/1 3666/3702/1 3663/3699/1 232/1414/1
f 245/2473/1 3667/3703/1 3668/3704/1 680/2107/1
f 680/2107/1 3668/3704/1 3669/3705/1 388/1404/1
f 388/1404/1 3669/3705/1 3670/3706/1 495/1285/1
f 495/1285/1 3670/3706/1 3667/3703/1 245/2473/1
f 209/2138/1 3671/3707/1 3672/3708/1 703/544/1
f 703/544/1 3672/3708/1 3673/3709/1 395/2622/1
f 395/2622/1 3673/3709/1 3674/3710/1 702/2519/1
f 702/2519/1 3674/3710/1 3671/3707/1 209/2138/1
f 243/9/1 3675/3711/1 3676/3712/1 683/773/1
f 683/773/1 3676/3712/1 3677/3713/1 389/400/1
f 389/400/1 3677/3713/1 3678/3714/1 494/2111/1
f 494/2111/1 3678/3714/1 3675/3711/1 243/9/1
f 21/2033/1 3679/3715/1 3680/3716/1 787/2031/1
f 787/2031/1 3680/3716/1 3681/3717/1 149/2696/1
f 149/2696/1 3681/3717/1 3682/3718/1 450/648/1
f 450/648/1 3682/3718/1 3679/3715/1 21/2033/1
f 97/887/1 3683/3719/1 3684/3720/1 580/885/1
f 580/885/1 3684/3720/1 3685/3721/1 295/563/1
f 295/563/1 3685/3721/1 3686/3722/1 519/570/1
f 519/570/1 3686/3722/1 3683/3719/1 97/887/1
f 238/49/1 3687/3723/1 3688/3724/1 686/56/1
f 686/56/1 3688/3724/1 3689/3725/1 68/1957/1
f 68/1957/1 3689/3725/1 3690/3726/1 492/2050/1
f 492/2050/1 3690/3726/1 3687/3723/1 238/49/1
f 67/3422/1 3691/3727/1 3692/3728/1 237/952/1
f 237/952/1 3692/3728/1 3693/3729/1 689/959/1
f 689/959/1 3693/3729/1 3691/3727/1 67/3422/1
f 291/425/1 3694/3730/1 3695/3731/1 586/2161/1
f 586/2161/1 3695/3731/1 3696/3732/1 356/2741/1
f 356/2741/1 3696/3732/1 3697/3733/1 585/2301/1
f 585/2301/1 3697/3733/1 3694/3730/1 291/425/1
f 237/952/1 3698/3734/1 3699/3735/1 56/3736/1
f 56/3736/1 3699/3735/1 3700/3737/1 690/955/1
f 690/955/1 3700/3737/1 3698/3734/1 237/952/1
f 51/2422/1 3701/3738/1 3702/3739/1 731/291/1
f 731/291/1 3702/3739/1 3703/3740/1 209/2138/1
f 209/2138/1 3703/3740/1 3704/3741/1 702/2519/1
f 702/2519/1 3704/3741/1 3701/3738/1 51/2422/1
f 228/1271/1 3705/3742/1 3706/3743/1 704/173/1
f 704/173/1 3706/3743/1 3707/3744/1 396/1375/1
f 396/1375/1 3707/3744/1 3708/3745/1 487/1627/1
f 487/1627/1 3708/3745/1 3705/3742/1 228/1271/1
f 55/2485/1 3709/3746/1 3710/3747/1 235/1348/1
f 235/1348/1 3710/3747/1 3711/3748/1 694/406/1
f 694/406/1 3711/3748/1 3709/3746/1 55/2485/1
f 213/1185/1 3712/3749/1 3713/3750/1 725/525/1
f 725/525/1 3713/3750/1 3714/3751/1 403/523/1
f 403/523/1 3714/3751/1 3715/3752/1 480/1187/1
f 480/1187/1 3715/3752/1 3712/3749/1 213/1185/1
f 68/1957/1 3716/3753/1 3717/3754/1 661/1955/1
f 661/1955/1 3717/3754/1 3718/3755/1 239/2648/1
f 239/2648/1 3718/3755/1 3719/3756/1 492/2050/1
f 492/2050/1 3719/3756/1 3716/3753/1 68/1957/1
f 205/1425/1 3720/3757/1 3721/3758/1 709/1961/1
f 709/1961/1 3721/3758/1 3722/3759/1 397/2660/1
f 397/2660/1 3722/3759/1 3723/3760/1 708/1058/1
f 708/1058/1 3723/3760/1 3720/3757/1 205/1425/1
f 233/1126/1 3724/3761/1 3725/3762/1 697/1183/1
f 697/1183/1 3725/3762/1 3726/3763/1 54/1180/1
f 54/1180/1 3726/3763/1 3727/3764/1 693/410/1
f 693/410/1 3727/3764/1 3724/3761/1 233/1126/1
f 227/1620/1 3728/3765/1 3729/3766/1 702/2519/1
f 702/2519/1 3729/3766/1 3730/3767/1 395/2622/1
f 395/2622/1 3730/3767/1 3731/3768/1 701/1623/1
f 701/1623/1 3731/3768/1 3728/3765/1 227/1620/1
f 61/175/1 3732/3769/1 3733/3770/1 679/363/1
f 679/363/1 3733/3770/1 3734/3771/1 226/1286/1
f 226/1286/1 3734/3771/1 3735/3772/1 486/177/1
f 486/177/1 3735/3772/1 3732/3769/1 61/175/1
f 186/2281/1 3736/3773/1 3737/3774/1 736/1068/1
f 736/1068/1 3737/3774/1 3738/3775/1 406/275/1
f 406/275/1 3738/3775/1 3739/3776/1 735/273/1
f 735/273/1 3739/3776/1 3736/3773/1 186/2281/1
f 204/270/1 3740/3777/1 3741/3778/1 734/277/1
f 734/277/1 3741/3778/1 3742/3779/1 50/1299/1
f 50/1299/1 3742/3779/1 3743/3780/1 476/1964/1
f 476/1964/1 3743/3780/1 3740/3777/1 204/270/1
f 222/395/1 3744/3781/1 3745/3782/1 713/1296/1
f 713/1296/1 3745/3782/1 3746/3783/1 399/352/1
f 399/352/1 3746/3783/1 3747/3784/1 484/359/1
f 484/359/1 3747/3784/1 3744/3781/1 222/395/1
f 59/336/1 3748/3785/1 3749/3786/1 685/398/1
f 685/398/1 3749/3786/1 3750/3787/1 222/395/1
f 222/395/1 3750/3787/1 3751/3788/1 484/359/1
f 484/359/1 3751/3788/1 3748/3785/1 59/336/1
f 226/1286/1 3752/3789/1 3753/3790/1 707/332/1
f 707/332/1 3753/3790/1 3754/3791/1 397/2660/1
f 397/2660/1 3754/3791/1 3755/3792/1 486/177/1
f 486/177/1 3755/3792/1 3752/3789/1 226/1286/1
f 236/1550/1 3756/3793/1 3757/3794/1 692/1131/1
f 692/1131/1 3757/3794/1 3758/3795/1 392/408/1
f 392/408/1 3758/3795/1 3759/3796/1 491/1350/1
f 491/1350/1 3759/3796/1 3756/3793/1 236/1550/1
f 265/1433/1 3760/3797/1 3761/3798/1 652/2476/1
f 652/2476/1 3761/3798/1 3762/3799/1 71/1283/1
f 71/1283/1 3762/3799/1 3763/3800/1 648/1436/1
f 648/1436/1 3763/3800/1 3760/3797/1 265/1433/1
f 381/2787/1 3764/3801/1 3765/3802/1 661/1955/1
f 661/1955/1 3765/3802/1 3766/3803/1 259/1448/1
f 259/1448/1 3766/3803/1 3767/3804/1 502/1476/1
f 502/1476/1 3767/3804/1 3764/3801/1 381/2787/1
f 258/3642/1 3768/3805/1 3769/3806/1 660/3427/1
f 660/3427/1 3769/3806/1 3770/3807/1 381/2787/1
f 381/2787/1 3770/3807/1 3771/3808/1 659/2309/1
f 659/2309/1 3771/3808/1 3768/3805/1 258/3642/1
f 288/1051/1 3772/3809/1 3773/3810/1 614/428/1
f 614/428/1 3773/3810/1 3774/3811/1 94/65/1
f 94/65/1 3774/3811/1 3775/3812/1 516/72/1
f 516/72/1 3775/3812/1 3772/3809/1 288/1051/1
f 56/3736/1 3776/3813/1 3777/3814/1 216/2930/1
f 216/2930/1 3777/3814/1 3778/3815/1 719/2936/1
f 719/2936/1 3778/3815/1 3776/3813/1 56/3736/1
f 199/159/1 3779/3816/1 3780/3817/1 718/157/1
f 718/157/1 3780/3817/1 3781/3818/1 400/372/1
f 400/372/1 3781/3818/1 3782/3819/1 717/370/1
f 717/370/1 3782/3819/1 3779/3816/1 199/159/1
f 216/2930/1 3783/3820/1 3784/3821/1 45/3050/1
f 45/3050/1 3784/3821/1 3785/3822/1 720/2933/1
f 720/2933/1 3785/3822/1 3783/3820/1 216/2930/1
f 215/403/1 3786/3823/1 3787/3824/1 722/2440/1
f 722/2440/1 3787/3824/1 3788/3825/1 402/1464/1
f 402/1464/1 3788/3825/1 3789/3826/1 481/1471/1
f 481/1471/1 3789/3826/1 3786/3823/1 215/403/1
f 202/1431/1 3790/3827/1 3791/3828/1 742/1429/1
f 742/1429/1 3791/3828/1 3792/3829/1 38/1255/1
f 38/1255/1 3792/3829/1 3793/3830/1 738/2537/1
f 738/2537/1 3793/3830/1 3790/3827/1 202/1431/1
f 44/2346/1 3794/3831/1 3795/3832/1 214/1469/1
f 214/1469/1 3795/3832/1 3796/3833/1 724/1467/1
f 724/1467/1 3796/3833/1 3794/3831/1 44/2346/1
f 213/1185/1 3797/3834/1 3798/3835/1 697/1183/1
f 697/1183/1 3798/3835/1 3799/3836/1 393/110/1
f 393/110/1 3799/3836/1 3800/3837/1 696/108/1
f 696/108/1 3800/3837/1 3797/3834/1 213/1185/1
f 202/1431/1 3801/3838/1 3802/3839/1 738/2537/1
f 738/2537/1 3802/3839/1 3803/3840/1 407/2467/1
f 407/2467/1 3803/3840/1 3804/3841/1 737/1423/1
f 737/1423/1 3804/3841/1 3801/3838/1 202/1431/1
f 288/1051/1 3805/3842/1 3806/3843/1 619/616/1
f 619/616/1 3806/3843/1 3807/3844/1 83/2414/1
f 83/2414/1 3807/3844/1 3808/3845/1 615/2778/1
f 615/2778/1 3808/3845/1 3805/3842/1 288/1051/1
f 212/2443/1 3809/3846/1 3810/3847/1 727/2493/1
f 727/2493/1 3810/3847/1 3811/3848/1 43/1683/1
f 43/1683/1 3811/3848/1 3812/3849/1 723/1688/1
f 723/1688/1 3812/3849/1 3809/3846/1 212/2443/1
f 209/2138/1 3813/3850/1 3814/3851/1 731/291/1
f 731/291/1 3814/3851/1 3815/3852/1 405/283/1
f 405/283/1 3815/3852/1 3816/3853/1 478/2140/1
f 478/2140/1 3816/3853/1 3813/3850/1 209/2138/1
f 48/690/1 3817/3854/1 3818/3855/1 740/249/1
f 740/249/1 3818/3855/1 3819/3856/1 203/246/1
f 203/246/1 3819/3856/1 3820/3857/1 711/1408/1
f 711/1408/1 3820/3857/1 3817/3854/1 48/690/1
f 207/1303/1 3821/3858/1 3822/3859/1 734/277/1
f 734/277/1 3822/3859/1 3823/3860/1 406/275/1
f 406/275/1 3823/3860/1 3824/3861/1 477/2424/1
f 477/2424/1 3824/3861/1 3821/3858/1 207/1303/1
f 273/698/1 3825/3862/1 3826/3863/1 635/2166/1
f 635/2166/1 3826/3863/1 3827/3864/1 86/864/1
f 86/864/1 3827/3864/1 3828/3865/1 509/700/1
f 509/700/1 3828/3865/1 3825/3862/1 273/698/1
f 211/297/1 3829/3866/1 3830/3867/1 728/295/1
f 728/295/1 3830/3867/1 3831/3868/1 404/1382/1
f 404/1382/1 3831/3868/1 3832/3869/1 479/468/1
f 479/468/1 3832/3869/1 3829/3866/1 211/297/1
f 55/2485/1 3833/3870/1 3834/3871/1 694/406/1
f 694/406/1 3834/3871/1 3835/3872/1 215/403/1
f 215/403/1 3835/3872/1 3836/3873/1 481/1471/1
f 481/1471/1 3836/3873/1 3833/3870/1 55/2485/1
f 217/367/1 3837/3874/1 3838/3875/1 721/1444/1
f 721/1444/1 3838/3875/1 3839/3876/1 46/538/1
f 46/538/1 3839/3876/1 3840/3877/1 717/370/1
f 717/370/1 3840/3877/1 3837/3874/1 217/367/1
f 247/2545/1 3841/3878/1 3842/3879/1 649/2385/1
f 649/2385/1 3842/3879/1 3843/3880/1 377/1438/1
f 377/1438/1 3843/3880/1 3844/3881/1 648/1436/1
f 648/1436/1 3844/3881/1 3841/3878/1 247/2545/1
f 201/2662/1 3845/3882/1 3846/3883/1 743/509/1
f 743/509/1 3846/3883/1 3847/3884/1 409/1510/1
f 409/1510/1 3847/3884/1 3848/3885/1 474/692/1
f 474/692/1 3848/3885/1 3845/3882/1 201/2662/1
f 372/2324/1 3849/3886/1 3850/3887/1 634/236/1
f 634/236/1 3850/3887/1 3851/3888/1 277/2877/1
f 277/2877/1 3851/3888/1 3852/3889/1 511/499/1
f 511/499/1 3852/3889/1 3849/3886/1 372/2324/1
f 56/3736/1 3853/3890/1 3854/3891/1 719/2936/1
f 719/2936/1 3854/3891/1 3855/3892/1 218/2291/1
f 218/2291/1 3855/3892/1 3856/3893/1 690/955/1
f 690/955/1 3856/3893/1 3853/3890/1 56/3736/1
f 275/776/1 3857/3894/1 3858/3895/1 633/781/1
f 633/781/1 3858/3895/1 3859/3896/1 372/2324/1
f 372/2324/1 3859/3896/1 3860/3897/1 632/309/1
f 632/309/1 3860/3897/1 3857/3894/1 275/776/1
f 45/3050/1 3861/3898/1 3862/3899/1 195/1363/1
f 195/1363/1 3862/3899/1 3863/3900/1 749/1370/1
f 749/1370/1 3863/3900/1 3861/3898/1 45/3050/1
f 272/1618/1 3864/3901/1 3865/3902/1 613/1616/1
f 613/1616/1 3865/3902/1 3866/3903/1 365/503/1
f 365/503/1 3866/3903/1 3867/3904/1 612/2977/1
f 612/2977/1 3867/3904/1 3864/3901/1 272/1618/1
f 195/1363/1 3868/3905/1 3869/3906/1 34/3907/1
f 34/3907/1 3869/3906/1 3870/3908/1 750/1366/1
f 750/1366/1 3870/3908/1 3868/3905/1 195/1363/1
f 124/46/1 3871/3909/1 3872/3910/1 837/133/1
f 837/133/1 3872/3910/1 3873/3911/1 440/1332/1
f 440/1332/1 3873/3911/1 3874/3912/1 836/302/1
f 836/302/1 3874/3912/1 3871/3909/1 124/46/1
f 142/1/1 3875/3913/1 3876/3914/1 823/1823/1
f 823/1823/1 3876/3914/1 3877/3915/1 8/1813/1
f 8/1813/1 3877/3915/1 3878/3916/1 819/4/1
f 819/4/1 3878/3916/1 3875/3913/1 142/1/1
f 33/1659/1 3879/3917/1 3880/3918/1 193/2215/1
f 193/2215/1 3880/3918/1 3881/3919/1 754/1662/1
f 754/1662/1 3881/3919/1 3879/3917/1 33/1659/1
f 311/2724/1 3882/3920/1 3883/3921/1 581/2770/1
f 581/2770/1 3883/3921/1 3884/3922/1 106/2001/1
f 106/2001/1 3884/3922/1 3885/3923/1 527/2743/1
f 527/2743/1 3885/3923/1 3882/3920/1 311/2724/1
f 220/1579/1 3886/3924/1 3887/3925/1 688/2530/1
f 688/2530/1 3887/3925/1 3888/3926/1 390/54/1
f 390/54/1 3888/3926/1 3889/3927/1 687/52/1
f 687/52/1 3889/3927/1 3886/3924/1 220/1579/1
f 416/191/1 3890/3928/1 3891/3929/1 766/624/1
f 766/624/1 3891/3929/1 3892/3930/1 185/254/1
f 185/254/1 3892/3930/1 3893/3931/1 467/261/1
f 467/261/1 3893/3931/1 3890/3928/1 416/191/1
f 42/490/1 3894/3932/1 3895/3933/1 755/558/1
f 755/558/1 3895/3933/1 3896/3934/1 192/555/1
f 192/555/1 3896/3934/1 3897/3935/1 726/492/1
f 726/492/1 3897/3935/1 3894/3932/1 42/490/1
f 281/2912/1 3898/3936/1 3899/3937/1 601/2626/1
f 601/2626/1 3899/3937/1 3900/3938/1 361/139/1
f 361/139/1 3900/3938/1 3901/3939/1 600/873/1
f 600/873/1 3901/3939/1 3898/3936/1 281/2912/1
f 18/1640/1 3902/3940/1 3903/3941/1 796/667/1
f 796/667/1 3903/3941/1 3904/3942/1 140/1928/1
f 140/1928/1 3904/3942/1 3905/3943/1 447/1840/1
f 447/1840/1 3905/3943/1 3902/3940/1 18/1640/1
f 240/2035/1 3906/3944/1 3907/3945/1 684/402/1
f 684/402/1 3907/3945/1 3908/3946/1 389/400/1
f 389/400/1 3908/3946/1 3909/3947/1 683/773/1
f 683/773/1 3909/3947/1 3906/3944/1 240/2035/1
f 181/178/1 3910/3948/1 3911/3949/1 772/1610/1
f 772/1610/1 3911/3949/1 3912/3950/1 27/3951/1
f 27/3951/1 3912/3950/1 3913/3952/1 768/181/1
f 768/181/1 3913/3952/1 3910/3948/1 181/178/1
f 179/1567/1 3914/3953/1 3915/3954/1 771/1613/1
f 771/1613/1 3915/3954/1 3916/3955/1 418/1592/1
f 418/1592/1 3916/3955/1 3917/3956/1 770/1570/1
f 770/1570/1 3917/3956/1 3914/3953/1 179/1567/1
f 82/2393/1 3918/3957/1 3919/3958/1 647/1440/1
f 647/1440/1 3919/3958/1 3920/3959/1 268/613/1
f 268/613/1 3920/3959/1 3921/3960/1 618/620/1
f 618/620/1 3921/3960/1 3918/3957/1 82/2393/1
f 177/2316/1 3922/3961/1 3923/3962/1 774/951/1
f 774/951/1 3923/3962/1 3924/3963/1 419/1647/1
f 419/1647/1 3924/3963/1 3925/3964/1 773/2271/1
f 773/2271/1 3925/3964/1 3922/3961/1 177/2316/1
f 36/1112/1 3926/3965/1 3927/3966/1 748/1110/1
f 748/1110/1 3927/3966/1 3928/3967/1 178/2197/1
f 178/2197/1 3928/3967/1 3929/3968/1 463/2120/1
f 463/2120/1 3929/3968/1 3926/3965/1 36/1112/1
f 332/1726/1 3930/3969/1 3931/3970/1 551/3309/1
f 551/3309/1 3931/3970/1 3932/3971/1 117/3211/1
f 117/3211/1 3932/3971/1 3933/3972/1 537/1728/1
f 537/1728/1 3933/3972/1 3930/3969/1 332/1726/1
f 297/714/1 3934/3973/1 3935/3974/1 605/988/1
f 605/988/1 3935/3974/1 3936/3975/1 363/1477/1
f 363/1477/1 3936/3975/1 3937/3976/1 520/1483/1
f 520/1483/1 3937/3976/1 3934/3973/1 297/714/1
f 155/3408/1 3938/3977/1 3939/3978/1 781/660/1
f 781/660/1 3939/3978/1 3940/3979/1 421/3118/1
f 421/3118/1 3940/3979/1 3941/3980/1 780/3116/1
f 780/3116/1 3941/3980/1 3938/3977/1 155/3408/1
f 238/49/1 3942/3981/1 3943/3982/1 691/2047/1
f 691/2047/1 3943/3982/1 3944/3983/1 57/1575/1
f 57/1575/1 3944/3983/1 3945/3984/1 687/52/1
f 687/52/1 3945/3984/1 3942/3981/1 238/49/1
f 34/3907/1 3946/3985/1 3947/3986/1 174/3113/1
f 174/3113/1 3947/3986/1 3948/3987/1 779/3120/1
f 779/3120/1 3948/3987/1 3946/3985/1 34/3907/1
f 257/238/1 3949/3988/1 3950/3989/1 662/1927/1
f 662/1927/1 3950/3989/1 3951/3990/1 382/1555/1
f 382/1555/1 3951/3990/1 3952/3991/1 501/240/1
f 501/240/1 3952/3991/1 3949/3988/1 257/238/1
f 174/3113/1 3953/3992/1 3954/3993/1 23/3994/1
f 23/3994/1 3954/3993/1 3955/3995/1 780/3116/1
f 780/3116/1 3955/3995/1 3953/3992/1 174/3113/1
f 166/577/1 3956/3996/1 3957/3997/1 788/574/1
f 788/574/1 3957/3997/1 3958/3998/1 30/2843/1
f 30/2843/1 3958/3998/1 3959/3999/1 458/1162/1
f 458/1162/1 3959/3999/1 3956/3996/1 166/577/1
f 142/1/1 3960/4000/1 3961/4001/1 818/8/1
f 818/8/1 3961/4001/1 3962/4002/1 19/1163/1
f 19/1163/1 3962/4002/1 3963/4003/1 448/1743/1
f 448/1743/1 3963/4003/1 3960/4000/1 142/1/1
f 22/375/1 3964/4004/1 3965/4005/1 172/2207/1
f 172/2207/1 3965/4005/1 3966/4006/1 784/76/1
f 784/76/1 3966/4006/1 3964/4004/1 22/375/1
f 122/4007/1 3967/4008/1 3968/4009/1 840/147/1
f 840/147/1 3968/4009/1 3969/4010/1 441/41/1
f 441/41/1 3969/4010/1 3970/4011/1 839/1700/1
f 839/1700/1 3970/4011/1 3967/4008/1 122/4007/1
f 145/57/1 3971/4012/1 3972/4013/1 815/2694/1
f 815/2694/1 3972/4013/1 3973/4014/1 20/1759/1
f 20/1759/1 3973/4014/1 3974/4015/1 449/445/1
f 449/445/1 3974/4015/1 3971/4012/1 145/57/1
f 317/853/1 3975/4016/1 3976/4017/1 573/741/1
f 573/741/1 3976/4017/1 3977/4018/1 352/975/1
f 352/975/1 3977/4018/1 3978/4019/1 572/973/1
f 572/973/1 3978/4019/1 3975/4016/1 317/853/1
f 168/94/1 3979/4020/1 3980/4021/1 790/92/1
f 790/92/1 3980/4021/1 3981/4022/1 20/1759/1
f 20/1759/1 3981/4022/1 3982/4023/1 786/2698/1
f 786/2698/1 3982/4023/1 3979/4020/1 168/94/1
f 328/816/1 3983/4024/1 3984/4025/1 557/1995/1
f 557/1995/1 3984/4025/1 3985/4026/1 115/3186/1
f 115/3186/1 3985/4026/1 3986/4027/1 535/818/1
f 535/818/1 3986/4027/1 3983/4024/1 328/816/1
f 335/3226/1 3987/4028/1 3988/4029/1 551/3309/1
f 551/3309/1 3988/4029/1 3989/4030/1 345/1006/1
f 345/1006/1 3989/4030/1 3990/4031/1 538/1012/1
f 538/1012/1 3990/4031/1 3987/4028/1 335/3226/1
f 326/798/1 3991/4032/1 3992/4033/1 560/805/1
f 560/805/1 3992/4033/1 3993/4034/1 114/3174/1
f 114/3174/1 3993/4034/1 3994/4035/1 534/863/1
f 534/863/1 3994/4035/1 3991/4032/1 326/798/1
f 27/1361/1 3995/4036/1 3996/4037/1 797/1359/1
f 797/1359/1 3996/4037/1 3997/4038/1 163/3517/1
f 163/3517/1 3997/4038/1 3998/4039/1 768/181/1
f 768/181/1 3998/4039/1 3995/4036/1 27/1361/1
f 231/105/1 3999/4040/1 4000/4041/1 695/20/1
f 695/20/1 4000/4041/1 4001/4042/1 64/17/1
f 64/17/1 4001/4042/1 4002/4043/1 489/1416/1
f 489/1416/1 4002/4043/1 3999/4040/1 231/105/1
f 27/3951/1 4003/4044/1 4004/4045/1 772/1610/1
f 772/1610/1 4004/4045/1 4005/4046/1 161/1087/1
f 161/1087/1 4005/4046/1 4006/4047/1 455/1092/1
f 455/1092/1 4006/4047/1 4003/4044/1 27/3951/1
f 328/816/1 4007/4048/1 4008/4049/1 562/814/1
f 562/814/1 4008/4049/1 4009/4050/1 104/327/1
f 104/327/1 4009/4050/1 4010/4051/1 558/1355/1
f 558/1355/1 4010/4051/1 4007/4048/1 328/816/1
f 40/259/1 4011/4052/1 4012/4053/1 761/257/1
f 761/257/1 4012/4053/1 4013/4054/1 188/278/1
f 188/278/1 4013/4054/1 4014/4055/1 732/285/1
f 732/285/1 4014/4055/1 4011/4052/1 40/259/1
f 146/1167/1 4015/4056/1 4016/4057/1 818/8/1
f 818/8/1 4016/4057/1 4017/4058/1 434/6/1
f 434/6/1 4017/4058/1 4018/4059/1 449/445/1
f 449/445/1 4018/4059/1 4015/4056/1 146/1167/1
f 158/97/1 4019/4060/1 4020/4061/1 805/1706/1
f 805/1706/1 4020/4061/1 4021/4062/1 15/1203/1
f 15/1203/1 4021/4062/1 4022/4063/1 801/100/1
f 801/100/1 4022/4063/1 4019/4060/1 158/97/1
f 191/1934/1 4023/4064/1 4024/4065/1 753/1939/1
f 753/1939/1 4024/4065/1 4025/4066/1 412/438/1
f 412/438/1 4025/4066/1 4026/4067/1 752/436/1
f 752/436/1 4026/4067/1 4023/4064/1 191/1934/1
f 156/2893/1 4027/4068/1 4028/4069/1 808/2891/1
f 808/2891/1 4028/4069/1 4029/4070/1 14/2229/1
f 14/2229/1 4029/4070/1 4030/4071/1 804/3301/1
f 804/3301/1 4030/4071/1 4027/4068/1 156/2893/1
f 23/3404/1 4031/4072/1 4032/4073/1 153/81/1
f 153/81/1 4032/4073/1 4033/4074/1 809/88/1
f 809/88/1 4033/4074/1 4031/4072/1 23/3404/1
f 336/755/1 4034/4075/1 4035/4076/1 545/761/1
f 545/761/1 4035/4076/1 4036/4077/1 119/3236/1
f 119/3236/1 4036/4077/1 4037/4078/1 539/828/1
f 539/828/1 4037/4078/1 4034/4075/1 336/755/1
f 153/81/1 4038/4079/1 4039/4080/1 12/1697/1
f 12/1697/1 4039/4080/1 4040/4081/1 810/84/1
f 810/84/1 4040/4081/1 4038/4079/1 153/81/1
f 154/1605/1 4041/4082/1 4042/4083/1 806/1656/1
f 806/1656/1 4042/4083/1 4043/4084/1 24/1653/1
f 24/1653/1 4043/4084/1 4044/4085/1 452/664/1
f 452/664/1 4044/4085/1 4041/4082/1 154/1605/1
f 176/1495/1 4045/4086/1 4046/4087/1 779/3120/1
f 779/3120/1 4046/4087/1 4047/4088/1 421/3118/1
f 421/3118/1 4047/4088/1 4048/4089/1 462/1497/1
f 462/1497/1 4048/4089/1 4045/4086/1 176/1495/1
f 11/1797/1 4049/4090/1 4050/4091/1 151/930/1
f 151/930/1 4050/4091/1 4051/4092/1 814/928/1
f 814/928/1 4051/4092/1 4049/4090/1 11/1797/1
f 127/1780/1 4052/4093/1 4053/4094/1 838/1675/1
f 838/1675/1 4053/4094/1 4054/4095/1 3/1881/1
f 3/1881/1 4054/4095/1 4055/4096/1 834/632/1
f 834/632/1 4055/4096/1 4052/4093/1 127/1780/1
f 171/1028/1 4056/4097/1 4057/4098/1 785/2097/1
f 785/2097/1 4057/4098/1 4058/4099/1 423/3020/1
f 423/3020/1 4058/4099/1 4059/4100/1 460/1030/1
f 460/1030/1 4059/4100/1 4056/4097/1 171/1028/1
f 19/1163/1 4060/4101/1 4061/4102/1 793/165/1
f 793/165/1 4061/4102/1 4062/4103/1 143/162/1
f 143/162/1 4062/4103/1 4063/4104/1 448/1743/1
f 448/1743/1 4063/4104/1 4060/4101/1 19/1163/1
f 314/2629/1 4064/4105/1 4065/4106/1 581/2770/1
f 581/2770/1 4065/4106/1 4066/4107/1 355/1220/1
f 355/1220/1 4066/4107/1 4067/4108/1 528/2876/1
f 528/2876/1 4067/4108/1 4064/4105/1 314/2629/1
f 65/1246/1 4068/4109/1 4069/4110/1 692/1131/1
f 692/1131/1 4069/4110/1 4070/4111/1 236/1550/1
f 236/1550/1 4070/4111/1 4071/4112/1 663/1557/1
f 663/1557/1 4071/4112/1 4068/4109/1 65/1246/1
f 280/1689/1 4072/4113/1 4073/4114/1 627/519/1
f 627/519/1 4073/4114/1 4074/4115/1 370/517/1
f 370/517/1 4074/4115/1 4075/4116/1 626/1692/1
f 626/1692/1 4075/4116/1 4072/4113/1 280/1689/1
f 79/1093/1 4076/4117/1 4077/4118/1 631/2058/1
f 631/2058/1 4077/4118/1 4078/4119/1 260/2087/1
f 260/2087/1 4078/4119/1 4079/4120/1 502/1476/1
f 502/1476/1 4079/4120/1 4076/4117/1 79/1093/1
f 130/1903/1 4080/4121/1 4081/4122/1 831/1872/1
f 831/1872/1 4081/4122/1 4082/4123/1 438/25/1
f 438/25/1 4082/4123/1 4083/4124/1 830/1206/1
f 830/1206/1 4083/4124/1 4080/4121/1 130/1903/1
f 61/175/1 4084/4125/1 4085/4126/1 704/173/1
f 704/173/1 4085/4126/1 4086/4127/1 228/1271/1
f 228/1271/1 4086/4127/1 4087/4128/1 675/366/1
f 675/366/1 4087/4128/1 4084/4125/1 61/175/1
f 328/816/1 4088/4129/1 4089/4130/1 558/1355/1
f 558/1355/1 4089/4130/1 4090/4131/1 347/1848/1
f 347/1848/1 4090/4131/1 4091/4132/1 557/1995/1
f 557/1995/1 4091/4132/1 4088/4129/1 328/816/1
f 34/3907/1 4092/4133/1 4093/4134/1 779/3120/1
f 779/3120/1 4093/4134/1 4094/4135/1 176/1495/1
f 176/1495/1 4094/4135/1 4095/4136/1 750/1366/1
f 750/1366/1 4095/4136/1 4092/4133/1 34/3907/1
f 144/1816/1 4096/4137/1 4097/4138/1 820/60/1
f 820/60/1 4097/4138/1 4098/4139/1 434/6/1
f 434/6/1 4098/4139/1 4099/4140/1 819/4/1
f 819/4/1 4099/4140/1 4096/4137/1 144/1816/1
f 352/975/1 4100/4141/1 4101/4142/1 574/968/1
f 574/968/1 4101/4142/1 4102/4143/1 319/3134/1
f 319/3134/1 4102/4143/1 4103/4144/1 531/977/1
f 531/977/1 4103/4144/1 4100/4141/1 352/975/1
f 168/94/1 4104/4145/1 4105/4146/1 785/2097/1
f 785/2097/1 4105/4146/1 4106/4147/1 31/2094/1
f 31/2094/1 4106/4147/1 4107/4148/1 459/96/1
f 459/96/1 4107/4148/1 4104/4145/1 168/94/1
f 156/978/1 4108/4149/1 4109/4150/1 804/3301/1
f 804/3301/1 4109/4150/1 4110/4151/1 429/1703/1
f 429/1703/1 4110/4151/1 4111/4152/1 803/981/1
f 803/981/1 4111/4152/1 4108/4149/1 156/978/1
f 12/1697/1 4112/4153/1 4113/4154/1 122/4007/1
f 122/4007/1 4113/4154/1 4114/4155/1 839/1700/1
f 839/1700/1 4114/4155/1 4112/4153/1 12/1697/1
f 170/148/1 4115/4156/1 4116/4157/1 782/153/1
f 782/153/1 4116/4157/1 4117/4158/1 32/2009/1
f 32/2009/1 4117/4158/1 4118/4159/1 460/1030/1
f 460/1030/1 4118/4159/1 4115/4156/1 170/148/1
f 122/4007/1 4119/4160/1 4120/4161/1 1/1906/1
f 1/1906/1 4120/4161/1 4121/4162/1 840/147/1
f 840/147/1 4121/4162/1 4119/4160/1 122/4007/1
